security_id,symbol,name,market_cap_cr,updated_at,exchange_segment,instrument
2885,RELIANCE,RELIANCE INDUSTRIES LTD,1789534.2,2026-08-06T00:00:00,NSE_EQ,EQUITY
10604,BHARTIARTL,BHARTI AIRTEL LIMITED,1215290.5967112,2026-08-06T21:54:25,NSE_EQ,EQUITY
1333,HDFCBANK,HDFC BANK LTD,1200000.0,2026-08-06T00:00:00,NSE_EQ,EQUITY
4963,ICICIBANK,ICICI BANK LTD.,1019322.6561581,2026-08-09T04:07:49,NSE_EQ,EQUITY
3045,SBIN,STATE BANK OF INDIA,1012783.3164645452,2026-08-09T04:07:49,NSE_EQ,EQUITY
11536,TCS,TATA CONSULTANCY SERV LT,865193.3,2026-08-06T00:00:00,NSE_EQ,EQUITY
1594,INFY,INFOSYS LIMITED,600000.0,2026-08-06T00:00:00,NSE_EQ,EQUITY
11483,LT,LARSEN & TOUBRO LTD.,558849.28681148,2026-08-06T21:54:25,NSE_EQ,EQUITY
1394,HINDUNILVR,HINDUSTAN UNILEVER LTD.,488597.5029329,2026-08-06T21:54:25,NSE_EQ,EQUITY
10999,MARUTI,MARUTI SUZUKI INDIA LTD.,442678.824192,2026-08-06T21:54:25,NSE_EQ,EQUITY
2031,M&M,MAHINDRA & MAHINDRA LTD,420506.9448528,2026-08-09T04:07:49,NSE_EQ,EQUITY
17388,ADANIPOWER,ADANI POWER LTD,401353.06620046,2026-08-06T21:54:25,NSE_EQ,EQUITY
1922,KOTAKBANK,KOTAK MAHINDRA BANK LTD,391890.71903,2026-08-06T21:54:25,NSE_EQ,EQUITY
15083,ADANIPORTS,ADANI PORT & SEZ LTD,390521.067111,2026-08-06T21:54:25,NSE_EQ,EQUITY
7229,HCLTECH,HCL TECHNOLOGIES LTD,367064.3058153642,2026-08-09T04:07:49,NSE_EQ,EQUITY
1660,ITC,ITC LTD,358217.49672429,2026-08-06T21:54:25,NSE_EQ,EQUITY
11532,ULTRACEMCO,ULTRATECH CEMENT LIMITED,355209.8342625,2026-08-06T21:54:25,NSE_EQ,EQUITY
11630,NTPC,NTPC LTD,334534.981623,2026-08-06T21:54:25,NSE_EQ,EQUITY
16675,BAJAJFINSV,BAJAJ FINSERV LTD.,333811.0498436,2026-08-06T21:54:25,NSE_EQ,EQUITY
2303,HAL,HINDUSTAN AERONAUTICS LTD,330441.7275,2026-08-10T07:20:30,NSE_EQ,EQUITY
16669,BAJAJ-AUTO,BAJAJ AUTO LIMITED,319322.059756,2026-08-06T21:54:25,NSE_EQ,EQUITY
11723,JSWSTEEL,JSW STEEL LIMITED,319235.75966788,2026-08-06T21:54:25,NSE_EQ,EQUITY
17963,NESTLEIND,NESTLE INDIA LIMITED,295996.24812,2026-08-06T21:54:25,NSE_EQ,EQUITY
4306,SHRIRAMFIN,SHRIRAM FINANCE LIMITED,262353.7509485,2026-08-09T04:07:49,NSE_EQ,EQUITY
20374,COALINDIA,COAL INDIA LTD,255907.293778675,2026-08-09T04:07:49,NSE_EQ,EQUITY
19913,DMART,AVENUE SUPERMARTS LIMITED,254375.93103,2026-08-09T04:07:49,NSE_EQ,EQUITY
14977,POWERGRID,POWER GRID CORP. LTD.,251813.848399425,2026-08-06T21:54:25,NSE_EQ,EQUITY
1424,HINDZINC,HINDUSTAN ZINC LIMITED,249293.821,2026-08-06T21:54:25,NSE_EQ,EQUITY
1363,HINDALCO,HINDALCO  INDUSTRIES  LTD,227977.2679106,2026-08-06T21:54:25,NSE_EQ,EQUITY
10940,DIVISLAB,DIVI S LABORATORIES LTD,221639.717442,2026-08-06T21:54:25,NSE_EQ,EQUITY
1232,GRASIM,GRASIM INDUSTRIES LTD,218397.387754,2026-08-06T21:54:25,NSE_EQ,EQUITY
11195,INDIGO,INTERGLOBE AVIATION LTD,205648.62961445,2026-08-06T21:54:25,NSE_EQ,EQUITY
1624,IOC,INDIAN OIL CORP LTD,201453.586771878,2026-08-06T21:54:25,NSE_EQ,EQUITY
10217,ADANIENSOL,ADANI ENERGY SOLUTION LTD,198118.623816,2026-08-06T21:54:25,NSE_EQ,EQUITY
3518,TORNTPHARM,TORRENT PHARMACEUTICALS L,188510.3094336,2026-08-06T21:54:25,NSE_EQ,EQUITY
21808,SBILIFE,SBI LIFE INSURANCE CO LTD,186155.0878275,2026-08-09T04:07:49,NSE_EQ,EQUITY
18143,JIOFIN,JIO FIN SERVICES LTD,173728.65610113,2026-08-06T21:54:25,NSE_EQ,EQUITY
13332,SOLARINDS,SOLAR INDUSTRIES (I) LTD,167370.405728,2026-08-06T21:54:25,NSE_EQ,EQUITY
19257,CHOLAFIN,CHOLAMANDALAM IN & FIN CO,165678.528984,2026-08-06T21:54:25,NSE_EQ,EQUITY
13,ABB,ABB INDIA LIMITED,163911.1280625,2026-08-06T21:54:25,NSE_EQ,EQUITY
1964,TRENT,TRENT LTD,159809.7206097,2026-08-09T04:07:49,NSE_EQ,EQUITY
14732,DLF,DLF LIMITED,158915.0115252,2026-08-06T21:54:25,NSE_EQ,EQUITY
18921,VBL,VARUN BEVERAGES LIMITED,150181.4412936,2026-08-06T21:54:25,NSE_EQ,EQUITY
1901,CUMMINSIND,CUMMINS INDIA LTD,149743.44,2026-08-06T21:54:25,NSE_EQ,EQUITY
13538,TECHM,TECH MAHINDRA LIMITED,144588.30266994002,2026-08-06T21:54:25,NSE_EQ,EQUITY
18457,POWERINDIA,HITACHI ENERGY INDIA LTD,142185.83797,2026-08-06T21:54:25,NSE_EQ,EQUITY
19585,BSE,BSE LIMITED,140108.1804495,2026-08-06T21:54:25,NSE_EQ,EQUITY
10753,UNIONBANK,UNION BANK OF INDIA,139313.30232775,2026-08-06T21:54:25,NSE_EQ,EQUITY
14299,PFC,POWER FIN CORP LTD.,137944.253568,2026-08-06T21:54:25,NSE_EQ,EQUITY
14366,IDEA,VODAFONE IDEA LIMITED,136837.253206263,2026-08-06T21:54:25,NSE_EQ,EQUITY
17818,LTM,LTM LIMITED,134237.6390576,2026-08-06T21:54:25,NSE_EQ,EQUITY
10666,PNB,PUNJAB NATIONAL BANK,131364.34155324,2026-08-06T21:54:25,NSE_EQ,EQUITY
4668,BANKBARODA,BANK OF BARODA,129646.04824935552,2026-08-09T04:07:49,NSE_EQ,EQUITY
157,APOLLOHOSP,APOLLO HOSPITALS ENTER. L,129039.54042465,2026-08-06T21:54:25,NSE_EQ,EQUITY
3456,TMPV,TATA MOTORS PASS VEH LTD,127188.65947204002,2026-08-06T21:54:25,NSE_EQ,EQUITY
2181,BOSCHLTD,BOSCH LIMITED,126685.7495,2026-08-09T04:07:49,NSE_EQ,EQUITY
305,BAJAJHLDNG,BAJAJ HOLDINGS & INVS LTD,125349.880313,2026-08-09T04:07:49,NSE_EQ,EQUITY
3426,TATAPOWER,TATA POWER CO LTD,121598.64256052402,2026-08-09T04:07:49,NSE_EQ,EQUITY
10794,CANBK,CANARA BANK,119460.4770942,2026-08-06T21:54:25,NSE_EQ,EQUITY
14309,INDIANB,INDIAN BANK,118249.96789199,2026-08-06T21:54:25,NSE_EQ,EQUITY
467,HDFCLIFE,HDFC LIFE INS CO LTD,117284.497938,2026-08-09T04:07:49,NSE_EQ,EQUITY
2029,IRFC,INDIAN RAILWAY FIN CORP L,115982.99075,2026-08-09T04:07:49,NSE_EQ,EQUITY
17313,LLOYDSME,LLOYDS METALS N ENERGY L,115855.4247021,2026-08-06T21:54:25,NSE_EQ,EQUITY
13528,GMRAIRPORT,GMR AIRPORTS LIMITED,112548.124672368,2026-08-06T21:54:25,NSE_EQ,EQUITY
16783,GVT&D,GE VERNOVA T&D INDIA LTD,111807.84043845,2026-08-06T21:54:25,NSE_EQ,EQUITY
21614,ABCAPITAL,ADITYA BIRLA CAPITAL LTD.,111649.04144996988,2026-08-09T04:07:49,NSE_EQ,EQUITY
1348,HEROMOTOCO,HERO MOTOCORP LIMITED,111061.5852369,2026-08-06T21:54:25,NSE_EQ,EQUITY
10099,GODREJCP,GODREJ CONSUMER PRODUCTS,110240.64258669,2026-08-06T21:54:25,NSE_EQ,EQUITY
10440,LUPIN,LUPIN LIMITED,109050.522219,2026-08-06T21:54:25,NSE_EQ,EQUITY
1270,AMBUJACEM,AMBUJA CEMENTS LTD,108462.2701689,2026-08-06T21:54:25,NSE_EQ,EQUITY
10447,UNITDSPR,UNITED SPIRITS LIMITED,108283.4489575,2026-08-06T21:54:25,NSE_EQ,EQUITY
3063,VEDL,VEDANTA LIMITED,107382.04763,2026-08-06T21:54:25,NSE_EQ,EQUITY
10726,INDIAMART,INDIAMART INTERMESH LTD,106061.6493338,2026-08-06T21:54:25,NSE_EQ,EQUITY
1512,INDHOTEL,THE INDIAN HOTELS CO. LTD,104764.6119072,2026-08-06T21:54:25,NSE_EQ,EQUITY
212,ASHOKLEY,ASHOK LEYLAND LTD,104260.918298,2026-08-09T04:07:49,NSE_EQ,EQUITY
22377,MAXHEALTH,MAX HEALTHCARE INS LTD,104140.257866,2026-08-09T04:07:49,NSE_EQ,EQUITY
17869,JSWENERGY,JSW ENERGY LIMITED,102887.7408056,2026-08-06T21:54:25,NSE_EQ,EQUITY
10738,OFSS,ORACLE FIN SERV SOFT LTD.,102183.110985,2026-08-06T21:54:25,NSE_EQ,EQUITY
509,MAZDOCK,MAZAGON DOCK SHIPBUIL LTD,101446.03226074218,2026-08-09T04:07:49,NSE_EQ,EQUITY
15380,MANKIND,MANKIND PHARMA LIMITED,99957.41655534,2026-08-06T21:54:25,NSE_EQ,EQUITY
19234,LAURUSLABS,LAURUS LABS LIMITED,98877.135894,2026-08-06T21:54:25,NSE_EQ,EQUITY
15355,RECLTD,REC LIMITED,95191.0476,2026-08-06T21:54:25,NSE_EQ,EQUITY
3103,SHREECEM,SHREE CEMENT LIMITED,94693.923126,2026-08-06T21:54:25,NSE_EQ,EQUITY
1476,IDBI,IDBI BANK LIMITED,90900.80798745,2026-08-06T21:54:25,NSE_EQ,EQUITY
1023,FEDERALBNK,FEDERAL BANK LTD,87250.58233542001,2026-08-06T21:54:25,NSE_EQ,EQUITY
21690,DIXON,DIXON TECHNO (INDIA) LTD,86338.68806,2026-08-09T04:07:49,NSE_EQ,EQUITY
18365,PERSISTENT,PERSISTENT SYSTEMS LTD,85294.3384718,2026-08-06T21:54:25,NSE_EQ,EQUITY
1406,HINDPETRO,HINDUSTAN PETROLEUM CORP,84048.9894215,2026-08-06T21:54:25,NSE_EQ,EQUITY
21770,ICICIGI,ICICI LOMBARD GIC LIMITED,81844.9146955,2026-08-09T04:07:49,NSE_EQ,EQUITY
13751,NAUKRI,INFO EDGE (I) LTD,80319.459796,2026-08-06T21:54:25,NSE_EQ,EQUITY
21238,AUBANK,AU SMALL FINANCE BANK LTD,79882.2782934,2026-08-09T04:07:49,NSE_EQ,EQUITY
11543,COFORGE,COFORGE LIMITED,78480.22697408,2026-08-06T21:54:25,NSE_EQ,EQUITY
17400,NHPC,NHPC LTD,77849.01973875,2026-08-06T21:54:25,NSE_EQ,EQUITY
24948,LTF,L&T FINANCE LIMITED,77186.2111944,2026-08-09T04:07:49,NSE_EQ,EQUITY
27176,NTPCGREEN,NTPC GREEN ENERGY LIMITED,77100.91647135,2026-08-09T04:07:49,NSE_EQ,EQUITY
23489,BHARTIHEXA,BHARTI HEXACOM LIMITED,76940.00244140625,2026-08-09T04:07:49,NSE_EQ,EQUITY
19020,JSWINFRA,JSW INFRASTRUCTURE LTD,75821.54741075,2026-08-06T21:54:25,NSE_EQ,EQUITY
15332,NMDC,NMDC LTD.,75785.467281,2026-08-06T21:54:25,NSE_EQ,EQUITY
14154,UNOMINDA,UNO MINDA LIMITED,73800.3089268,2026-08-06T21:54:25,NSE_EQ,EQUITY
1508,ASTERDM,ASTER DM QUALITY CARE LTD,73608.37911135501,2026-08-06T21:54:25,NSE_EQ,EQUITY
11184,IDFCFIRSTB,IDFC FIRST BANK LIMITED,73582.109192115,2026-08-06T21:54:25,NSE_EQ,EQUITY
18652,ICICIPRULI,ICICI PRU LIFE INS CO LTD,73502.4514458,2026-08-06T21:54:25,NSE_EQ,EQUITY
17438,OIL,OIL INDIA LTD,72221.3859204,2026-08-06T21:54:25,NSE_EQ,EQUITY
11915,YESBANK,YES BANK LIMITED,71187.081680736,2026-08-06T21:54:25,NSE_EQ,EQUITY
11373,BIOCON,BIOCON LIMITED.,71091.30455742001,2026-08-06T21:54:25,NSE_EQ,EQUITY
14592,FORTIS,FORTIS HEALTHCARE LTD,69456.149616,2026-08-06T21:54:25,NSE_EQ,EQUITY
14552,PHOENIXLTD,THE PHOENIX MILLS LTD,68421.0694447,2026-08-06T21:54:25,NSE_EQ,EQUITY
20302,PRESTIGE,PRESTIGE ESTATE LTD,68262.12927053496,2026-08-09T04:07:49,NSE_EQ,EQUITY
31181,MCX,MULTI COMMODITY EXCHANGE,67140.816942,2026-08-09T04:07:49,NSE_EQ,EQUITY
11703,ALKEM,ALKEM LABORATORIES LTD.,66926.50875,2026-08-06T21:54:25,NSE_EQ,EQUITY
13786,TORNTPOWER,TORRENT POWER LTD,66777.29751835999,2026-08-06T21:54:25,NSE_EQ,EQUITY
12018,SUZLON,SUZLON ENERGY LIMITED,66108.44026475,2026-08-06T21:54:25,NSE_EQ,EQUITY
4745,BANKINDIA,BANK OF INDIA,66013.684057,2026-08-09T04:07:49,NSE_EQ,EQUITY
11491,APARINDS,APAR INDUSTRIES LTD.,64800.2652594,2026-08-06T21:54:25,NSE_EQ,EQUITY
20242,OBEROIRLTY,OBEROI REALTY LIMITED,64539.3970675,2026-08-09T04:07:49,NSE_EQ,EQUITY
1011,SCHAEFFLER,SCHAEFFLER INDIA LIMITED,63088.8503221,2026-08-06T21:54:25,NSE_EQ,EQUITY
17971,SBICARD,SBI CARDS & PAY SER LTD,62808.404472,2026-08-06T21:54:25,NSE_EQ,EQUITY
17875,GODREJPROP,GODREJ PROPERTIES LTD,62712.23302878001,2026-08-06T21:54:25,NSE_EQ,EQUITY
2955,KALYANKJIL,KALYAN JEWELLERS IND LTD,61757.8643786,2026-08-06T21:54:25,NSE_EQ,EQUITY
1627,LINDEINDIA,LINDE INDIA LIMITED,60999.54050075,2026-08-06T21:54:25,NSE_EQ,EQUITY
18391,RBLBANK,RBL BANK LIMITED,60703.4748936,2026-08-06T21:54:25,NSE_EQ,EQUITY
11236,JSL,JINDAL STAINLESS LIMITED,60354.324608,2026-08-06T21:54:25,NSE_EQ,EQUITY
11377,MAHABANK,BANK OF MAHARASHTRA,60124.88504415,2026-08-06T21:54:25,NSE_EQ,EQUITY
10990,RADICO,RADICO KHAITAN LTD,59890.131906,2026-08-06T21:54:25,NSE_EQ,EQUITY
17903,ABBOTINDIA,ABBOTT INDIA LIMITED,59189.930721,2026-08-06T21:54:25,NSE_EQ,EQUITY
2277,MRF,MRF LTD,56801.628199,2026-08-06T21:54:25,NSE_EQ,EQUITY
15141,COLPAL,COLGATE PALMOLIVE LTD.,55169.56600056,2026-08-06T21:54:25,NSE_EQ,EQUITY
1008,FACT,FACT LTD,54554.63812794,2026-08-06T21:54:25,NSE_EQ,EQUITY
13285,M&MFIN,M&M FIN. SERVICES LTD,54027.014256,2026-08-06T21:54:25,NSE_EQ,EQUITY
13310,KEI,KEI INDUSTRIES LTD.,53488.5329025,2026-08-06T21:54:25,NSE_EQ,EQUITY
17939,HINDCOPPER,HINDUSTAN COPPER LTD,52794.67637190001,2026-08-06T21:54:25,NSE_EQ,EQUITY
14947,MOTILALOFS,MOTILAL OSWAL FIN LTD,52627.6219296,2026-08-06T21:54:25,NSE_EQ,EQUITY
2142,MFSL,MAX FINANCIAL SERV LTD,51427.69681885271,2026-08-09T04:07:49,NSE_EQ,EQUITY
3339,SUNDARMFIN,SUNDARAM FINANCE LTD,50746.37619250693,2026-08-09T04:07:49,NSE_EQ,EQUITY
13750,FLUOROCHEM,GUJARAT FLUOROCHEM LTD,49959.78,2026-08-06T21:54:25,NSE_EQ,EQUITY
11287,UPL,UPL LIMITED,48413.650435825,2026-08-06T21:54:25,NSE_EQ,EQUITY
13061,360ONE,360 ONE WAM LIMITED,48257.0560364,2026-08-06T21:54:25,NSE_EQ,EQUITY
40,AEGISLOG,AEGIS LOGISTICS LIMITED,48122.1,2026-08-09T04:07:49,NSE_EQ,EQUITY
11821,WELCORP,WELSPUN CORP LIMITED,47983.56673888,2026-08-06T21:54:25,NSE_EQ,EQUITY
2144,BDL,BHARAT DYNAMICS LIMITED,47616.46875,2026-08-06T21:54:25,NSE_EQ,EQUITY
25049,PREMIERENE,PREMIER ENERGIES LIMITED,47011.55880091,2026-08-06T21:54:25,NSE_EQ,EQUITY
3475,THERMAX,THERMAX LTD,45734.23283920533,2026-08-09T04:07:49,NSE_EQ,EQUITY
13086,AIAENG,AIA ENGINEERING LIMITED,44750.8502298,2026-08-06T21:54:25,NSE_EQ,EQUITY
14413,PAGEIND,PAGE INDUSTRIES LTD,44671.26537,2026-08-06T21:54:25,NSE_EQ,EQUITY
14672,NAVINFLUOR,NAVIN FLUORINE INT. LTD,44374.516435,2026-08-06T21:54:25,NSE_EQ,EQUITY
1633,IPCALAB,IPCA LABORATORIES LTD,43997.38548556,2026-08-06T21:54:25,NSE_EQ,EQUITY
10925,GODREJIND,GODREJ INDUSTRIES LTD,43952.3256564,2026-08-06T21:54:25,NSE_EQ,EQUITY
1153,GLAXO,GLAXOSMITHKLINE PHARMA LT,43698.2864703,2026-08-06T21:54:25,NSE_EQ,EQUITY
1186,GLAND,GLAND PHARMA LIMITED,43028.25418863,2026-08-06T21:54:25,NSE_EQ,EQUITY
11403,POONAWALLA,POONAWALLA FINCORP LTD,42982.86049249,2026-08-06T21:54:25,NSE_EQ,EQUITY
3718,VOLTAS,VOLTAS LTD,42518.68909,2026-08-09T04:07:49,NSE_EQ,EQUITY
13270,JKCEMENT,JK CEMENT LIMITED,41887.1188671,2026-08-06T21:54:25,NSE_EQ,EQUITY
676,EXIDEIND,EXIDE INDUSTRIES LTD,41650.0,2026-08-09T04:07:49,NSE_EQ,EQUITY
13611,IRCTC,INDIAN RAIL TOUR CORP LTD,41636.00000000001,2026-08-06T21:54:25,NSE_EQ,EQUITY
11351,PETRONET,PETRONET LNG LIMITED,41542.50243716,2026-08-06T21:54:25,NSE_EQ,EQUITY
18822,ENDURANCE,ENDURANCE TECHNO. LTD.,40478.54776896,2026-08-06T21:54:25,NSE_EQ,EQUITY
20825,HUDCO,HSG & URBAN DEV CORPN LTD,40246.19625595093,2026-08-09T04:07:49,NSE_EQ,EQUITY
21508,COCHINSHIP,COCHIN SHIPYARD LIMITED,39199.03622,2026-08-06T21:54:25,NSE_EQ,EQUITY
11956,MEDANTA,GLOBAL HEALTH LIMITED,38811.06090576,2026-08-06T21:54:25,NSE_EQ,EQUITY
14418,ASTRAL,ASTRAL LIMITED,38739.3535046,2026-08-06T21:54:25,NSE_EQ,EQUITY
17029,PATANJALI,PATANJALI FOODS LIMITED,38619.729279,2026-08-06T21:54:25,NSE_EQ,EQUITY
14334,HSCL,HIMADRI SPECIALITY CHEM L,38397.0615839,2026-08-06T21:54:25,NSE_EQ,EQUITY
11840,NH,NARAYANA HRUDAYALAYA LTD.,38284.3188975,2026-08-06T21:54:25,NSE_EQ,EQUITY
18564,LTTS,L&T TECHNOLOGY SER. LTD.,37711.62755522,2026-08-06T21:54:25,NSE_EQ,EQUITY
24398,EMCURE,EMCURE PHARMACEUTICALS L,37526.3207455663,2026-08-09T04:07:49,NSE_EQ,EQUITY
16713,UBL,UNITED BREWERIES LTD,37421.26073797,2026-08-06T21:54:25,NSE_EQ,EQUITY
14912,KPRMILL,KPR MILL LTD.,37197.9488214,2026-08-06T21:54:25,NSE_EQ,EQUITY
1181,GODFRYPHLP,GODFREY PHILLIPS INDIA LT,35719.82304,2026-08-06T21:54:25,NSE_EQ,EQUITY
20293,TATATECH,TATA TECHNOLOGIES LIMITED,35440.20322673126,2026-08-09T04:07:49,NSE_EQ,EQUITY
18520,CUPID,CUPID LIMITED,35312.1346427,2026-08-06T21:54:25,NSE_EQ,EQUITY
19061,MANAPPURAM,MANAPPURAM FINANCE LTD,34191.8341128,2026-08-06T21:54:25,NSE_EQ,EQUITY
1621,TATAINVEST,TATA INVESTMENT CORP LTD,33752.1219616,2026-08-06T21:54:25,NSE_EQ,EQUITY
20261,IREDA,INDIAN RENEWABLE ENERGY,33654.591447949344,2026-08-09T04:07:49,NSE_EQ,EQUITY
11223,UCOBANK,UCO BANK,33405.385120056,2026-08-06T21:54:25,NSE_EQ,EQUITY
22308,MINDSPACE,MINDSPACE BUSINESS P REIT,32776.620957545,2026-08-09T04:07:49,NSE_EQ,EQUITY
1838,KARURVYSYA,KARUR VYSYA BANK LTD,32625.01962,2026-08-06T21:54:25,NSE_EQ,EQUITY
11654,LALPATHLAB,DR. LAL PATH LABS LTD.,32193.3148272,2026-08-06T21:54:25,NSE_EQ,EQUITY
21951,HFCL,HFCL LIMITED,31826.42300927483,2026-08-09T04:07:49,NSE_EQ,EQUITY
20936,KIRLOSENG,KIRLOSKAR OIL ENG LTD,31457.02612863384,2026-08-09T04:07:49,NSE_EQ,EQUITY
18566,RRKABEL,R R KABEL LIMITED,31266.8858022,2026-08-06T21:54:25,NSE_EQ,EQUITY
18096,JUBLFOOD,JUBILANT FOODWORKS LTD,31108.0065461,2026-08-06T21:54:25,NSE_EQ,EQUITY
21740,CHOLAHLDNG,CHOLAMANDALAM FIN HOL LTD,30570.1708136,2026-08-09T04:07:49,NSE_EQ,EQUITY
18721,NUVAMA,NUVAMA WEALTH MANAGE LTD,30279.98771063,2026-08-06T21:54:25,NSE_EQ,EQUITY
18908,PNBHOUSING,PNB HOUSING FIN LTD.,29967.841145,2026-08-06T21:54:25,NSE_EQ,EQUITY
28125,IKS,INVENTURUS KNOWLEDGE SO L,29575.73415618,2026-08-06T21:54:25,NSE_EQ,EQUITY
16915,ZFCVINDIA,ZF COM VE CTR SYS IND LTD,29365.23419712,2026-08-06T21:54:25,NSE_EQ,EQUITY
2283,MRPL,MRPL,29270.15121194574,2026-08-09T04:07:49,NSE_EQ,EQUITY
14894,CENTRALBK,CENTRAL BANK OF INDIA,28520.965414374,2026-08-06T21:54:25,NSE_EQ,EQUITY
163,APOLLOTYRE,APOLLO TYRES LTD,28447.18258998,2026-08-06T21:54:25,NSE_EQ,EQUITY
2263,BANDHANBNK,BANDHAN BANK LIMITED,28358.786719501128,2026-08-09T04:07:49,NSE_EQ,EQUITY
21174,CDSL,CENTRAL DEPO SER (I) LTD,27817.9,2026-08-06T21:54:25,NSE_EQ,EQUITY
1997,LICHSGFIN,LIC HOUSING FINANCE LTD,27736.926775,2026-08-09T04:07:49,NSE_EQ,EQUITY
1675,ITI,ITI LTD,27657.922752075,2026-08-06T21:54:25,NSE_EQ,EQUITY
2854,CRAFTSMAN,CRAFTSMAN AUTOMATION LTD,27606.0040315,2026-08-06T21:54:25,NSE_EQ,EQUITY
11571,PPLPHARMA,PIRAMAL PHARMA LIMITED,27592.184161152003,2026-08-06T21:54:25,NSE_EQ,EQUITY
17433,NETWEB,NETWEB TECH INDIA LTD,27422.6348592,2026-08-06T21:54:25,NSE_EQ,EQUITY
14255,REDINGTON,REDINGTON LIMITED,27420.738167325,2026-08-06T21:54:25,NSE_EQ,EQUITY
16682,PTCIL,PTC INDUSTRIES LIMITED,27317.9235329,2026-08-06T21:54:25,NSE_EQ,EQUITY
10793,SYRMA,SYRMA SGS TECHNOLOGY LTD,27314.2217386,2026-08-06T21:54:25,NSE_EQ,EQUITY
1085,GABRIEL,GABRIEL INDIA LTD,27148.09492314,2026-08-06T21:54:25,NSE_EQ,EQUITY
5578,ACUTAAS,ACUTAAS CHEMICALS LIMITED,27000.276524857323,2026-08-09T04:07:49,NSE_EQ,EQUITY
18883,SJVN,SJVN LTD,26891.588382525,2026-08-06T21:54:25,NSE_EQ,EQUITY
324,ANGELONE,ANGEL ONE LIMITED,26679.6734816,2026-08-09T04:07:49,NSE_EQ,EQUITY
17105,SUMICHEM,SUMITOMO CHEM INDIA LTD,26215.13405472,2026-08-06T21:54:25,NSE_EQ,EQUITY
1185,AMBER,AMBER ENTERPRISES (I) LTD,26186.3169975,2026-08-06T21:54:25,NSE_EQ,EQUITY
11809,IIFL,IIFL FINANCE LIMITED,25915.020252625,2026-08-06T21:54:25,NSE_EQ,EQUITY
10599,GUJENERGY,GUJARAT ENERGY LIMITED,25857.642198440004,2026-08-06T21:54:25,NSE_EQ,EQUITY
31415,NBCC,NBCC (INDIA) LIMITED,25739.10049438477,2026-08-09T04:07:49,NSE_EQ,EQUITY
12092,KAYNES,KAYNES TECHNOLOGY IND LTD,25674.272482,2026-08-06T21:54:25,NSE_EQ,EQUITY
22,ACC,ACC LIMITED,25591.64911857,2026-08-09T04:07:49,NSE_EQ,EQUITY
14198,TIMKEN,TIMKEN INDIA LTD.,25146.37496354,2026-08-06T21:54:25,NSE_EQ,EQUITY
1576,GILLETTE,GILLETTE INDIA LTD,25071.0659598,2026-08-06T21:54:25,NSE_EQ,EQUITY
23799,GODIGIT,GO DIGIT GENERAL INS LTD,24970.71882731,2026-08-06T21:54:25,NSE_EQ,EQUITY
11573,FORCEMOT,FORCE MOTORS LIMITED,24626.433678,2026-08-06T21:54:25,NSE_EQ,EQUITY
19943,DEEPAKNTR,DEEPAK NITRITE LTD,24503.00981565,2026-08-09T04:07:49,NSE_EQ,EQUITY
15313,IRB,IRB INFRA DEV LTD.,24071.454,2026-08-06T21:54:25,NSE_EQ,EQUITY
19126,KIOCL,KIOCL LIMITED,23972.742021165,2026-08-06T21:54:25,NSE_EQ,EQUITY
11343,AFFLE,AFFLE 3I LIMITED,23760.93558969,2026-08-06T21:54:25,NSE_EQ,EQUITY
3411,TATAELXSI,TATA ELXSI LIMITED,23555.4640141,2026-08-09T04:07:49,NSE_EQ,EQUITY
13560,GRINDWELL,GRINDWELL NORTON LIMITED,23335.3472,2026-08-06T21:54:25,NSE_EQ,EQUITY
5378,ASAHIINDIA,ASAHI INDIA GLASS LIMITED,22910.30705623042,2026-08-09T04:07:49,NSE_EQ,EQUITY
13496,PFOCUS,PRIME FOCUS LIMITED,22665.75906693,2026-08-06T21:54:25,NSE_EQ,EQUITY
23729,AADHARHFC,AADHAR HOUSING FINANCE L,22518.48815433,2026-08-06T21:54:25,NSE_EQ,EQUITY
15815,NXST,NEXUS SELECT TRUST,22458.36,2026-08-06T21:54:25,NSE_EQ,EQUITY
13620,ANANTRAJ,ANANT RAJ LIMITED,22218.8016582,2026-08-06T21:54:25,NSE_EQ,EQUITY
20329,CGCL,CAPRI GLOBAL CAPITAL LTD,22153.59497505,2026-08-09T04:07:49,NSE_EQ,EQUITY
1814,KPIL,KALPATARU PROJECT INT LTD,22099.67517786,2026-08-06T21:54:25,NSE_EQ,EQUITY
2043,RAMCOCEM,THE RAMCO CEMENTS LIMITED,22064.982155957157,2026-08-09T04:07:49,NSE_EQ,EQUITY
2203,BIRET,BROOKFIELD INDIA RET,21866.531017281,2026-08-06T21:54:25,NSE_EQ,EQUITY
11262,IGL,INDRAPRASTHA GAS LTD,21606.2246928,2026-08-06T21:54:25,NSE_EQ,EQUITY
3892,HATSUN,HATSUN AGRO PRODUCT LTD.,20962.838957660988,2026-08-09T04:07:49,NSE_EQ,EQUITY
11872,GRANULES,GRANULES INDIA LIMITED,20781.488779665,2026-08-06T21:54:25,NSE_EQ,EQUITY
13966,HBLENGINE,HBL ENGINEERING LTD,20405.70594979,2026-08-06T21:54:25,NSE_EQ,EQUITY
14304,FSL,FIRSTSOURCE SOLU. LTD.,20298.28414407,2026-08-06T21:54:25,NSE_EQ,EQUITY
25584,TRITURBINE,TRIVENI TURBINE LIMITED,20232.426326510395,2026-08-09T04:07:49,NSE_EQ,EQUITY
1491,IFCI,IFCI LTD,20183.108653521,2026-08-06T21:54:25,NSE_EQ,EQUITY
263,ATUL,ATUL LTD,19943.844837,2026-08-09T04:07:49,NSE_EQ,EQUITY
13776,GESHIP,THE GE SHPG.LTD,19314.969211690004,2026-08-06T21:54:25,NSE_EQ,EQUITY
13404,SUNTV,SUN TV NETWORK LIMITED,19278.6196104,2026-08-06T21:54:25,NSE_EQ,EQUITY
2049,CHENNPETRO,CHENNAI PETROLEUM CORP LT,19243.820222,2026-08-06T21:54:25,NSE_EQ,EQUITY
1250,CASTROLIND,CASTROL INDIA LIMITED,19205.789330128,2026-08-06T21:54:25,NSE_EQ,EQUITY
21154,ERIS,ERIS LIFESCIENCES LIMITED,19164.68524845,2026-08-06T21:54:25,NSE_EQ,EQUITY
17186,SHRIPISTON,SPR AUTO TECHNOLOGIES LTD,19053.3113055,2026-08-06T21:54:25,NSE_EQ,EQUITY
17927,BAYERCROP,BAYER CROPSCIENCE LTD,18942.64235708,2026-08-06T21:54:25,NSE_EQ,EQUITY
15184,BRIGADE,BRIGADE ENTER. LTD,18654.857266905,2026-08-06T21:54:25,NSE_EQ,EQUITY
1808,KAJARIACER,KAJARIA CERAMICS LTD,18470.594097,2026-08-06T21:54:25,NSE_EQ,EQUITY
24777,OLAELEC,OLA ELECTRIC MOBILITY LTD,18311.012833232,2026-08-06T21:54:25,NSE_EQ,EQUITY
1515,INDIACEM,THE INDIA CEMENTS LIMITED,18270.741332795,2026-08-06T21:54:25,NSE_EQ,EQUITY
29224,ONESOURCE,ONESOURCE SPECL PHARMA L,18072.4476216,2026-08-09T04:07:49,NSE_EQ,EQUITY
368,BASF,BASF INDIA LTD,17855.3265,2026-08-06T21:54:25,NSE_EQ,EQUITY
13517,EMAMILTD,EMAMI LIMITED,17852.85,2026-08-06T21:54:25,NSE_EQ,EQUITY
21334,JYOTICNC,JYOTI CNC AUTOMATION LTD,17836.793141663915,2026-08-09T04:07:49,NSE_EQ,EQUITY
1979,LMW,LMW LIMITED,17764.7607,2026-08-09T04:07:49,NSE_EQ,EQUITY
20607,INOXINDIA,INOX INDIA LIMITED,17741.540901818847,2026-08-09T04:07:49,NSE_EQ,EQUITY
17758,SARDAEN,SARDA ENERGY & MIN LTD,17650.7778143,2026-08-06T21:54:25,NSE_EQ,EQUITY
20854,HAPPYFORGE,HAPPY FORGINGS LIMITED,17648.823258,2026-08-06T21:54:25,NSE_EQ,EQUITY
2073,VTL,VARDHMAN TEXTILES LIMITED,17563.944165,2026-08-09T04:07:49,NSE_EQ,EQUITY
5633,J&KBANK,J & K BANK LTD.,17535.230145709596,2026-08-09T04:07:49,NSE_EQ,EQUITY
13305,CENTURYPLY,CENTURY PLYBOARDS (I) LTD,17412.80809125,2026-08-06T21:54:25,NSE_EQ,EQUITY
17094,CROMPTON,CROMPT GREA CON ELEC LTD,17385.701625,2026-08-06T21:54:25,NSE_EQ,EQUITY
15179,ECLERX,ECLERX SERVICES LTD,17230.81192928,2026-08-06T21:54:25,NSE_EQ,EQUITY
11618,ASTRAMICRO,ASTRA MICROWAVE LTD,17110.98934176,2026-08-06T21:54:25,NSE_EQ,EQUITY
1196,KANSAINER,KANSAI NEROLAC PAINTS LTD,17074.937582248,2026-08-06T21:54:25,NSE_EQ,EQUITY
100,ARE&M,AMARA RAJA ENERGY MOB LTD,16974.68738418,2026-08-06T21:54:25,NSE_EQ,EQUITY
17635,ZYDUSWELL,ZYDUS WELLNESS LIMITED,16910.242268,2026-08-06T21:54:25,NSE_EQ,EQUITY
21001,PSB,PUNJAB & SIND BANK,16880.39788800023,2026-08-09T04:07:49,NSE_EQ,EQUITY
25897,MINDACORP,MINDA CORPORATION LTD,16873.02370959,2026-08-06T21:54:25,NSE_EQ,EQUITY
17945,COHANCE,COHANCE LIFESCIENCES LTD,16792.1968137,2026-08-06T21:54:25,NSE_EQ,EQUITY
13451,RATNAMANI,RATNAMANI MET & TUB LTD.,16616.00952,2026-08-06T21:54:25,NSE_EQ,EQUITY
3918,NATCOPHARM,NATCO PHARMA LTD.,16343.7756375,2026-08-06T21:54:25,NSE_EQ,EQUITY
12032,FIVESTAR,FIVE-STAR BUS FIN LTD,16331.2743296,2026-08-06T21:54:25,NSE_EQ,EQUITY
10243,SYNGENE,SYNGENE INTERNATIONAL LTD,16090.06374105,2026-08-06T21:54:25,NSE_EQ,EQUITY
13359,KFINTECH,KFIN TECHNOLOGIES LIMITED,16074.705435,2026-08-06T21:54:25,NSE_EQ,EQUITY
18118,THANGAMAYL,THANGAMAYIL JEWELLERY LTD,15988.5916024,2026-08-06T21:54:25,NSE_EQ,EQUITY
13409,GPIL,GODAWARI POW & ISP LTD,15924.022696679998,2026-08-06T21:54:25,NSE_EQ,EQUITY
20905,AZAD,AZAD ENGINEERING LIMITED,15859.984445940005,2026-08-06T21:54:25,NSE_EQ,EQUITY
1038,FINCABLES,FINOLEX CABLES LTD,15825.398723875,2026-08-06T21:54:25,NSE_EQ,EQUITY
2085,MAHSCOOTER,MAHARASHTRA SCOOTERS LTD,15791.9952624,2026-08-09T04:07:49,NSE_EQ,EQUITY
11966,BIKAJI,BIKAJI FOODS INTERN LTD,15652.21977,2026-08-06T21:54:25,NSE_EQ,EQUITY
19813,HONASA,HONASA CONSUMER LIMITED,15570.91675514939,2026-08-09T04:07:49,NSE_EQ,EQUITY
14937,CIEINDIA,CIE AUTOMOTIVE INDIA LTD,15565.23832831,2026-08-06T21:54:25,NSE_EQ,EQUITY
18581,KIRLOSBROS,KIRLOSKAR BROTHERS LTD,15559.38496044,2026-08-06T21:54:25,NSE_EQ,EQUITY
11655,JBMA,JBM AUTO LIMITED,15550.680329319996,2026-08-06T21:54:25,NSE_EQ,EQUITY
625,ABREL,ADITYA BIRLA REAL EST LTD,15290.70480825088,2026-08-09T04:07:49,NSE_EQ,EQUITY
15254,CEATLTD,CEAT LIMITED,15190.627549680004,2026-08-06T21:54:25,NSE_EQ,EQUITY
11452,CCL,CCL PRODUCTS (I) LTD,15082.418443680002,2026-08-06T21:54:25,NSE_EQ,EQUITY
11253,WELSPUNLIV,WELSPUN LIVING LIMITED,15045.18378545,2026-08-06T21:54:25,NSE_EQ,EQUITY
1134,APOLLO,APOLLO MICRO SYSTEMS LTD,15010.76228724,2026-08-06T21:54:25,NSE_EQ,EQUITY
13337,GALLANTT,GALLANTT ISPAT LIMITED,14847.222950575,2026-08-06T21:54:25,NSE_EQ,EQUITY
3637,JUBLPHARMA,JUBILANT PHARMOVA LTD,14670.611436,2026-08-06T21:54:25,NSE_EQ,EQUITY
13816,LTFOODS,LT FOODS LIMITED,14563.78847136,2026-08-06T21:54:25,NSE_EQ,EQUITY
13826,SOBHA,SOBHA LIMITED,14501.87035206,2026-08-06T21:54:25,NSE_EQ,EQUITY
17752,SHILPAMED,SHILPA MEDICARE LTD,14449.58456608,2026-08-06T21:54:25,NSE_EQ,EQUITY
18060,CONCORDBIO,CONCORD BIOTECH LIMITED,14381.58956388,2026-08-06T21:54:25,NSE_EQ,EQUITY
395,BEML,BEML LIMITED,14368.18539,2026-08-06T21:54:25,NSE_EQ,EQUITY
193,ARVIND,ARVIND LIMITED,14315.4457404,2026-08-06T21:54:25,NSE_EQ,EQUITY
15362,VGUARD,V-GUARD IND LTD.,14078.814247375,2026-08-06T21:54:25,NSE_EQ,EQUITY
15228,UJJIVANSFB,UJJIVAN SMALL FINANC BANK,14019.694371319998,2026-08-06T21:54:25,NSE_EQ,EQUITY
1467,JSWDULUX,JSW DULUX LIMITED,14012.7546178,2026-08-06T21:54:25,NSE_EQ,EQUITY
28847,VENTIVE,VENTIVE HOSPITALITY LTD,14010.161694079943,2026-08-09T04:07:49,NSE_EQ,EQUITY
17364,VINATIORGA,VINATI ORGANICS LTD,14000.83798904,2026-08-06T21:54:25,NSE_EQ,EQUITY
10945,TMB,TAMILNAD MERCA BANK LTD,13830.41599236,2026-08-06T21:54:25,NSE_EQ,EQUITY
750290,VISL,VEDANTA IRON AND STEEL L,13768.47599069028,2026-08-09T04:07:49,NSE_EQ,EQUITY
20551,DOMS,DOMS INDUSTRIES LIMITED,13719.205828819531,2026-08-09T04:07:49,NSE_EQ,EQUITY
1949,KSB,KSB LIMITED,13715.1607321,2026-08-06T21:54:25,NSE_EQ,EQUITY
1597,INGERRAND,INGERSOLL-RAND INDIA LTD,13693.882719999998,2026-08-06T21:54:25,NSE_EQ,EQUITY
2987,NAZARA,NAZARA TECHNOLOGIES LTD,13542.24270684,2026-08-06T21:54:25,NSE_EQ,EQUITY
11880,JSWHL,JSW HOLDINGS LIMITED,13409.1327916,2026-08-06T21:54:25,NSE_EQ,EQUITY
13587,ACE,ACTION CONST EQUIP LTD,13256.13588656,2026-08-06T21:54:25,NSE_EQ,EQUITY
23693,INDGN,INDEGENE LIMITED,13233.886102920002,2026-08-06T21:54:25,NSE_EQ,EQUITY
1336,HEG,HEG LTD,13220.8905803,2026-08-06T21:54:25,NSE_EQ,EQUITY
14180,NSLNISP,NMDC STEEL LIMITED,13132.04481385,2026-08-06T21:54:25,NSE_EQ,EQUITY
11411,RKFORGE,RAMKRISHNA FORGINGS LTD,12761.00969085,2026-08-06T21:54:25,NSE_EQ,EQUITY
25807,LLOYDSENT,LLOYDS ENTERPRISES LTD,12746.70874075,2026-08-09T04:07:49,NSE_EQ,EQUITY
13260,KEC,KEC INTL. LIMITED,12716.374,2026-08-06T21:54:25,NSE_EQ,EQUITY
20534,GRAVITA,GRAVITA INDIA LIMITED,12616.081349695509,2026-08-09T04:07:49,NSE_EQ,EQUITY
17801,LLOYDSENGG,LLOYDS ENGG WORK LIMITED,12607.968001024,2026-08-06T21:54:25,NSE_EQ,EQUITY
20152,ASKAUTOLTD,ASK AUTOMOTIVE LIMITED,12517.569627652589,2026-08-09T04:07:49,NSE_EQ,EQUITY
2056,HOMEFIRST,HOME FIRST FIN CO IND LTD,12451.01663004,2026-08-06T21:54:25,NSE_EQ,EQUITY
13637,JMFINANCIL,JM FINANCIAL LIMITED,12419.426049408,2026-08-06T21:54:25,NSE_EQ,EQUITY
11763,JPPOWER,JAIPRAKASH POWER VEN. LTD,12404.760476870002,2026-08-06T21:54:25,NSE_EQ,EQUITY
5426,NUVOCO,NUVOCO VISTAS CORP LTD,12350.459334758369,2026-08-09T04:07:49,NSE_EQ,EQUITY
20188,WABAG,VA TECH WABAG LTD,12219.465056347266,2026-08-09T04:07:49,NSE_EQ,EQUITY
7105,TEGA,TEGA INDUSTRIES LIMITED,12213.509497025538,2026-08-09T04:07:49,NSE_EQ,EQUITY
10579,MARKSANS,MARKSANS PHARMA LIMITED,12185.57312994,2026-08-06T21:54:25,NSE_EQ,EQUITY
495,BLUEDART,BLUE DART EXPRESS LTD,12076.3320093,2026-08-09T04:07:49,NSE_EQ,EQUITY
19196,TI,TILAKNAGAR INDUSTRIES LTD,12073.058947125,2026-08-06T21:54:25,NSE_EQ,EQUITY
14435,JKTYRE,JK TYRE & INDUSTRIES LTD,11913.564042075,2026-08-06T21:54:25,NSE_EQ,EQUITY
14296,VIYASH,VIYASH SCIENTIFIC LIMITED,11900.169884155,2026-08-06T21:54:25,NSE_EQ,EQUITY
15058,AVALON,AVALON TECHNOLOGIES LTD,11855.74592475,2026-08-06T21:54:25,NSE_EQ,EQUITY
15414,TITAGARH,TITAGARH RAIL SYSTEMS LTD,11604.16521972,2026-08-06T21:54:25,NSE_EQ,EQUITY
14014,LUMAXTECH,LUMAX AUTO TECH LTD,11575.22304015,2026-08-06T21:54:25,NSE_EQ,EQUITY
10637,OLECTRA,OLECTRA GREENTECH LIMITED,11486.37833578,2026-08-06T21:54:25,NSE_EQ,EQUITY
15119,EDELWEISS,EDELWEISS FIN SERV LTD,11468.177507748,2026-08-06T21:54:25,NSE_EQ,EQUITY
18743,SIGNATURE,SIGNATUREGLOBAL INDIA LTD,11465.911119,2026-08-06T21:54:25,NSE_EQ,EQUITY
220,IEX,INDIAN ENERGY EXC LTD,11462.355375887,2026-08-06T21:54:25,NSE_EQ,EQUITY
1076,ZENSARTECH,ZENSAR TECHNOLOGIES  LTD,11352.370671275,2026-08-06T21:54:25,NSE_EQ,EQUITY
13147,PVRINOX,PVR INOX LIMITED,11296.92362848,2026-08-06T21:54:25,NSE_EQ,EQUITY
3761,RITES,RITES LIMITED,11257.66306617954,2026-08-09T04:07:49,NSE_EQ,EQUITY
20224,JWL,JUPITER WAGONS LIMITED,11111.630114,2026-08-09T04:07:49,NSE_EQ,EQUITY
17534,MGL,MAHANAGAR GAS LTD.,11099.65902623,2026-08-06T21:54:25,NSE_EQ,EQUITY
13631,SKYGOLD,SKY GOLD AND DIAMONDS LTD,10704.10849266,2026-08-06T21:54:25,NSE_EQ,EQUITY
1041,FINPIPE,FINOLEX INDUSTRIES LTD,10592.335506555,2026-08-06T21:54:25,NSE_EQ,EQUITY
13072,IIFLCAPS,IIFL CAPITAL SERVICES LTD,10560.185484934998,2026-08-06T21:54:25,NSE_EQ,EQUITY
18026,SBFC,SBFC FINANCE LIMITED,10553.340961735,2026-08-06T21:54:25,NSE_EQ,EQUITY
18011,WHIRLPOOL,WHIRLPOOL OF INDIA LTD,10540.099718345002,2026-08-06T21:54:25,NSE_EQ,EQUITY
144,GODREJAGRO,GODREJ AGROVET LIMITED,10494.197999685,2026-08-06T21:54:25,NSE_EQ,EQUITY
18553,JLHL,JUPITER LIFE LINE HOSP L,10465.97626175,2026-08-06T21:54:25,NSE_EQ,EQUITY
17279,BLS,BLS INTL SERVS LTD,10451.842181694,2026-08-06T21:54:25,NSE_EQ,EQUITY
25222,SANOFICONR,SANOFI CONS HEALTHC IND L,10411.32020341875,2026-08-09T04:07:49,NSE_EQ,EQUITY
18359,SANDUMA,SANDUR MANG & IRON ORES L,10396.809761832,2026-08-06T21:54:25,NSE_EQ,EQUITY
10227,MANORAMA,MANORAMA INDUSTRIES LTD,10250.4449121,2026-08-06T21:54:25,NSE_EQ,EQUITY
14260,PGIL,PEARL GLOBAL IND LIMITED,10221.5,2026-08-06T00:00:00,NSE_EQ,EQUITY
14707,TIMETECHNO,TIME TECHNOPLAST LTD.,10209.366908478,2026-08-06T21:54:25,NSE_EQ,EQUITY
19686,BLUEJET,BLUE JET HEALTHCARE LTD,10198.03233575,2026-08-06T21:54:25,NSE_EQ,EQUITY
15555,HCG,HEALTHCARE GLOB. ENT. LTD,10130.15447355,2026-08-06T21:54:25,NSE_EQ,EQUITY
13643,ELECON,ELECON ENG. CO. LTD,10108.09484685,2026-08-06T21:54:25,NSE_EQ,EQUITY
13577,VOLTAMP,VOLTAMP TRANSFORMERS LTD,10057.428992,2026-08-06T21:54:25,NSE_EQ,EQUITY
15259,RPOWER,RELIANCE POWER LTD.,10025.108821584,2026-08-06T21:54:25,NSE_EQ,EQUITY
4487,ALKYLAMINE,ALKYL AMINES CHEM. LTD,9829.78375763,2026-08-06T21:54:25,NSE_EQ,EQUITY
2183,TSFINV,TSF INVESTMENTS LIMITED,9753.476094004218,2026-08-09T04:07:49,NSE_EQ,EQUITY
13880,BANCOINDIA,BANCO PRODUCTS (I) LTD,9752.9983005,2026-08-06T21:54:25,NSE_EQ,EQUITY
17957,MMTC,MMTC LIMITED,9607.5,2026-08-06T21:54:25,NSE_EQ,EQUITY
17032,THYROCARE,THYROCARE TECH LTD,9518.664930255,2026-08-06T21:54:25,NSE_EQ,EQUITY
29124,PCJEWELLER,PC JEWELLER LTD,9517.040349246476,2026-08-09T04:07:49,NSE_EQ,EQUITY
15180,KIRLPNU,KIRLOSKAR PNEUMATIC COM L,9453.4434088,2026-08-06T21:54:25,NSE_EQ,EQUITY
371,BATAINDIA,BATA INDIA LTD,9358.0901874,2026-08-06T21:54:25,NSE_EQ,EQUITY
19631,PRICOLLTD,PRICOL LIMITED,9280.66666521,2026-08-06T21:54:25,NSE_EQ,EQUITY
2319,NCC,NCC LIMITED,9189.790201990283,2026-08-10T07:20:30,NSE_EQ,EQUITY
21131,TEJASNET,TEJAS NETWORKS LIMITED,9126.188109295806,2026-08-09T04:07:49,NSE_EQ,EQUITY
11580,WESTLIFE,WESTLIFE FOODWORLD LTD,8983.11222575,2026-08-06T21:54:25,NSE_EQ,EQUITY
11233,SUVEN,SUVEN LIFE SCIENCES LTD,8979.84216108,2026-08-06T21:54:25,NSE_EQ,EQUITY
2331,JAYNECOIND,JAYASWAL NECO INDUSTR LTD,8969.111046520633,2026-08-09T04:07:49,NSE_EQ,EQUITY
2606,LEMONTREE,LEMON TREE HOTELS LTD,8931.249339816999,2026-08-06T21:54:25,NSE_EQ,EQUITY
5748,CYIENT,CYIENT LIMITED,8925.7564305,2026-08-09T04:07:49,NSE_EQ,EQUITY
15174,TARIL,TRANS & RECTI. LTD,8889.411173909999,2026-08-06T21:54:25,NSE_EQ,EQUITY
3327,SUDARSCHEM,SUDARSHAN CHEMICAL INDS L,8881.021178559999,2026-08-06T21:54:25,NSE_EQ,EQUITY
15068,RELIGARE,RELIGARE ENTER. LTD.,8754.35165101,2026-08-06T21:54:25,NSE_EQ,EQUITY
25162,EUREKAFORB,EUREKA FORBES LIMITED,8718.449358665624,2026-08-09T04:07:49,NSE_EQ,EQUITY
10577,KRBL,KRBL LIMITED,8561.62641026,2026-08-06T21:54:25,NSE_EQ,EQUITY
11905,GENUSPOWER,GENUS POWER INFRASTRU LTD,8559.348782925,2026-08-06T21:54:25,NSE_EQ,EQUITY
14450,EMBDL,EMBASSY DEVELOPMENTS LTD,8437.50293831,2026-08-06T21:54:25,NSE_EQ,EQUITY
3546,TTKPRESTIG,TTK PRESTIGE LTD,8436.444589675293,2026-08-09T04:07:49,NSE_EQ,EQUITY
17738,YATHARTH,YATHARTH HOSP & TRA C S L,8396.800440765,2026-08-06T21:54:25,NSE_EQ,EQUITY
19795,CELLO,CELLO WORLD LIMITED,8377.06491445,2026-08-06T21:54:25,NSE_EQ,EQUITY
11987,ICIL,INDO COUNT INDUSTRIES LTD,8348.9807027,2026-08-06T21:54:25,NSE_EQ,EQUITY
10473,POWERMECH,POWER MECH PROJECTS LTD.,8273.9836164,2026-08-06T21:54:25,NSE_EQ,EQUITY
21091,STARCEMENT,STAR CEMENT LIMITED,8218.604599278,2026-08-06T21:54:25,NSE_EQ,EQUITY
1100,GARFIBRES,GARWARE TECH FIBRES LTD,8191.231420325,2026-08-06T21:54:25,NSE_EQ,EQUITY
15337,RAIN,RAIN INDUSTRIES LIMITED,8173.1999997,2026-08-06T21:54:25,NSE_EQ,EQUITY
15039,CERA,CERA SANITARYWARE LTD,8155.4275712,2026-08-06T21:54:25,NSE_EQ,EQUITY
2463,MIDHANI,MISHRA DHATU NIGAM LTD,8152.099985656739,2026-08-09T04:07:49,NSE_EQ,EQUITY
19235,IMFA,INDIAN METALS & FERRO,8147.609547059999,2026-08-06T21:54:25,NSE_EQ,EQUITY
13976,TANLA,TANLA PLATFORMS LIMITED,8048.049834209999,2026-08-06T21:54:25,NSE_EQ,EQUITY
3387,SMLMAH,SML MAHINDRA LIMITED,8037.5521884,2026-08-09T04:07:49,NSE_EQ,EQUITY
20556,INDIASHLTR,INDIA SHELTER FIN CORP L,7999.176974175,2026-08-06T21:54:25,NSE_EQ,EQUITY
1174,GNFC,GUJ NAR VAL FER & CHEM L,7978.144383485001,2026-08-06T21:54:25,NSE_EQ,EQUITY
14766,V2RETAIL,V2 RETAIL LIMITED,7960.40235405,2026-08-06T21:54:25,NSE_EQ,EQUITY
2088,MAHSEAMLES,MAHARASHTRA SEAMLESS LTD,7901.936054013306,2026-08-09T04:07:49,NSE_EQ,EQUITY
4525,DYNAMATECH,DYNAMATIC TECHNOLOGIES,7742.9241643,2026-08-09T04:07:49,NSE_EQ,EQUITY
1442,SANOFI,SANOFI INDIA LIMITED,7721.24633172,2026-08-06T21:54:25,NSE_EQ,EQUITY
1521,INDIAGLYCO,INDIA GLYCOLS LTD,7714.7806515,2026-08-06T21:54:25,NSE_EQ,EQUITY
30108,ABFRL,ADITYA BIRLA FASHION & RT,7705.850490051567,2026-08-09T04:07:49,NSE_EQ,EQUITY
11626,WELENT,WELSPUN ENTERPRISES LTD.,7700.1521318,2026-08-06T21:54:25,NSE_EQ,EQUITY
1164,NEWGEN,NEWGEN SOFTWARE TECH LTD,7666.917509759999,2026-08-06T21:54:25,NSE_EQ,EQUITY
2717,PRECWIRE,PRECISION WIRES INDIA LTD,7658.740112625,2026-08-06T21:54:25,NSE_EQ,EQUITY
19184,SFL,SHEELA FOAM LIMITED,7612.017002369999,2026-08-06T21:54:25,NSE_EQ,EQUITY
3186,SKFINDIA,SKF INDIA LTD,7585.266904486304,2026-08-09T04:07:49,NSE_EQ,EQUITY
17859,REDTAPE,REDTAPE LIMITED,7565.7248136,2026-08-06T21:54:25,NSE_EQ,EQUITY
15146,JYOTHYLAB,JYOTHY LABS LIMITED,7559.845137957001,2026-08-06T21:54:25,NSE_EQ,EQUITY
7390,SUPRIYA,SUPRIYA LIFESCIENCE LTD,7432.184264245606,2026-08-09T04:07:49,NSE_EQ,EQUITY
18086,DBL,DILIP BUILDCON LIMITED,7395.301022325,2026-08-06T21:54:25,NSE_EQ,EQUITY
15409,NESCO,NESCO LTD.,7392.6590032,2026-08-06T21:54:25,NSE_EQ,EQUITY
28960,UNIMECH,UNIMECH AEROSPACE N MFG L,7363.991657445093,2026-08-09T04:07:49,NSE_EQ,EQUITY
19731,GPPL,GUJARAT PIPAVAV PORT LTD,7333.218514479419,2026-08-09T04:07:49,NSE_EQ,EQUITY
14466,KIRLFER,KIRLOSKAR FERROUS IND LTD,7331.436583040001,2026-08-06T21:54:25,NSE_EQ,EQUITY
5108,KPIGREEN,KPI GREEN ENERGY LIMITED,7327.700095058789,2026-08-09T04:07:49,NSE_EQ,EQUITY
13035,SAFARI,SAFARI IND (INDIA) LTD,7304.25674308,2026-08-06T21:54:25,NSE_EQ,EQUITY
1315,GALAXYSURF,GALAXY SURFACTANTS LTD,7242.906257789999,2026-08-06T21:54:25,NSE_EQ,EQUITY
18944,KINGFA,KINGFA SCI & TEC IND LTD.,7241.8580064,2026-08-06T21:54:25,NSE_EQ,EQUITY
11689,SUPRAJIT,SUPRAJIT ENGINEERING LTD,7236.896398229998,2026-08-06T21:54:25,NSE_EQ,EQUITY
10580,TCI,TRANSPORT CORPN OF INDIA,7122.2468634,2026-08-06T21:54:25,NSE_EQ,EQUITY
13491,JKLAKSHMI,JK LAKSHMI CEMENT LTD,7091.75033525,2026-08-06T21:54:25,NSE_EQ,EQUITY
11860,JKPAPER,JK PAPER LIMITED,7056.92656732,2026-08-06T21:54:25,NSE_EQ,EQUITY
203,ASHAPURMIN,ASHAPURA MINECHEM LTD,7053.169212611987,2026-08-09T04:07:49,NSE_EQ,EQUITY
14788,SPARC,SUN PHARMA ADV.RES.CO.LTD,7041.469416423999,2026-08-06T21:54:25,NSE_EQ,EQUITY
12686,MBAPL,MADHYA BHARAT AGRO P. LTD,7027.2424533,2026-08-06T21:54:25,NSE_EQ,EQUITY
12173,HNDFDS,HINDUSTAN FOODS LIMITED,6966.855365,2026-08-06T21:54:25,NSE_EQ,EQUITY
19531,BAJAJCON,BAJAJ CONSUMER CARE LTD,6956.73177646,2026-08-06T21:54:25,NSE_EQ,EQUITY
11841,KENNAMET,KENNAMETAL INDIA LIMITED,6865.3428288,2026-08-06T21:54:25,NSE_EQ,EQUITY
14501,BALAMINES,BALAJI AMINES LIMITED,6806.80208,2026-08-06T21:54:25,NSE_EQ,EQUITY
14480,GOKULAGRO,GOKUL AGRO RESOURCES LTD,6625.582034348,2026-08-06T21:54:25,NSE_EQ,EQUITY
13710,FIEMIND,FIEM INDUSTRIES LIMITED,6525.959697,2026-08-06T21:54:25,NSE_EQ,EQUITY
19646,MAXESTATES,MAX ESTATES LIMITED,6493.117610900666,2026-08-09T04:07:49,NSE_EQ,EQUITY
1247,GSFC,GUJ STATE FERT & CHEM LTD,6472.47051979,2026-08-06T21:54:25,NSE_EQ,EQUITY
1628,BECTORFOOD,MRS BECTORS FOOD SPE LTD,6461.53804356,2026-08-06T21:54:25,NSE_EQ,EQUITY
1494,RBA,RESTAURANT BRAND ASIA LTD,6423.26272955,2026-08-06T21:54:25,NSE_EQ,EQUITY
17271,SENCO,SENCO GOLD LIMITED,6418.36155444,2026-08-06T21:54:25,NSE_EQ,EQUITY
5192,KOVAI,KOVAI MEDICAL CENTER & HO,6394.1107997,2026-08-09T04:07:49,NSE_EQ,EQUITY
12024,ACI,ARCHEAN CHEMICAL IND LTD,6393.29293329,2026-08-06T21:54:25,NSE_EQ,EQUITY
29284,VMART,VMART RETAIL LTD,6360.858605374146,2026-08-09T04:07:49,NSE_EQ,EQUITY
14339,GANESHHOU,GANESH HOUSING LIMITED,6352.84545165,2026-08-06T21:54:25,NSE_EQ,EQUITY
4822,DODLA,DODLA DAIRY LIMITED,6283.744438155311,2026-08-09T04:07:49,NSE_EQ,EQUITY
13725,DCBBANK,DCB BANK LIMITED,6278.255284511,2026-08-06T21:54:25,NSE_EQ,EQUITY
13868,AARTIPHARM,AARTI PHARMALABS LIMITED,6277.310054925,2026-08-06T21:54:25,NSE_EQ,EQUITY
27084,KMEW,KNOWLEDGE MARINE & EN W L,6197.231999999999,2026-08-06T21:54:25,NSE_EQ,EQUITY
21501,SIS,SIS LIMITED,6146.176104779682,2026-08-09T04:07:49,NSE_EQ,EQUITY
28888,SENORES,SENORES PHARMACEUTICALS L,6118.2191658,2026-08-06T21:54:25,NSE_EQ,EQUITY
19299,ITDC,INDIA TOUR. DEV. CO. LTD.,6074.188908000001,2026-08-06T21:54:25,NSE_EQ,EQUITY
4898,FDC,FDC LIMITED,6020.716707577221,2026-08-09T04:07:49,NSE_EQ,EQUITY
3329,ISGEC,ISGEC HEAVY ENG LTD,5990.449269457703,2026-08-09T04:07:49,NSE_EQ,EQUITY
2705,PRAJIND,PRAJ INDUSTRIES LTD,5974.844201058789,2026-08-09T04:07:49,NSE_EQ,EQUITY
14223,TIIL,TECHNOCRAFT IND LTD,5974.73572896,2026-08-06T21:54:25,NSE_EQ,EQUITY
16249,CCAVENUE,AVENUESAI LIMITED,5962.98672897,2026-08-06T21:54:25,NSE_EQ,EQUITY
17675,ALOKINDS,ALOK INDUSTRIES LIMITED,5948.3580003980005,2026-08-06T21:54:25,NSE_EQ,EQUITY
11355,PTC,PTC INDIA LIMITED,5925.198561457,2026-08-06T21:54:25,NSE_EQ,EQUITY
22670,RPTECH,RASHI PERIPHERALS LIMITED,5895.713779577856,2026-08-09T04:07:49,NSE_EQ,EQUITY
4391,GULFOILLUB,GULF OIL LUB. IND. LTD.,5894.6298177,2026-08-09T04:07:49,NSE_EQ,EQUITY
18151,TVSSCS,TVS SUPPLY CHAIN SOL L,5840.341197426,2026-08-06T21:54:25,NSE_EQ,EQUITY
1485,IFBIND,IFB INDUSTRIES LTD,5838.35331564,2026-08-06T21:54:25,NSE_EQ,EQUITY
11778,GOKEX,GOKALDAS EXPORTS LTD.,5837.709942760001,2026-08-06T21:54:25,NSE_EQ,EQUITY
29962,JUSTDIAL,JUSTDIAL LTD.,5811.400252740381,2026-08-09T04:07:49,NSE_EQ,EQUITY
22663,JSFB,JANA SMALL FIN BANK LTD,5807.953899171997,2026-08-09T04:07:49,NSE_EQ,EQUITY
18268,AEROFLEX,AEROFLEX INDUSTRIES LTD,5802.7041768,2026-08-06T21:54:25,NSE_EQ,EQUITY
20778,JAMNAAUTO,JAMNA AUTO IND LTD,5787.784781384224,2026-08-09T04:07:49,NSE_EQ,EQUITY
24742,CEIGALL,CEIGALL INDIA LIMITED,5781.85933659,2026-08-06T21:54:25,NSE_EQ,EQUITY
24735,RPEL,RAGHAV PRODUCTIVITY ENH L,5770.0930175,2026-08-09T04:07:49,NSE_EQ,EQUITY
11530,EMIL,ELECTRONICS MART IND LTD,5762.766957236,2026-08-06T21:54:25,NSE_EQ,EQUITY
2739,PRSMJOHNSN,PRISM JOHNSON LIMITED,5704.03676456,2026-08-06T21:54:25,NSE_EQ,EQUITY
2124,MASTEK,MASTEK LTD,5679.6409624,2026-08-09T04:07:49,NSE_EQ,EQUITY
11971,GOLDIAM,GOLDIAM INTERNATIONAL LTD,5663.206256875,2026-08-06T21:54:25,NSE_EQ,EQUITY
20830,MOIL,MOIL LIMITED,5659.941019767483,2026-08-09T04:07:49,NSE_EQ,EQUITY
1375,HCC,HINDUSTAN CONSTRUCTION CO,5644.95367361,2026-08-06T21:54:25,NSE_EQ,EQUITY
20322,FEDFINA,FEDBANK FINANCIAL SER L,5609.037437714279,2026-08-09T04:07:49,NSE_EQ,EQUITY
2433,NIRLON,NIRLON LTD,5595.8796938000005,2026-08-06T21:54:25,NSE_EQ,EQUITY
14982,CENTUM,CENTUM ELECTRONICS LTD,5587.27478649,2026-08-06T21:54:25,NSE_EQ,EQUITY
17833,AHLUCONT,AHLUWALIA CONT IND LTD,5554.943413,2026-08-06T21:54:25,NSE_EQ,EQUITY
12847,KRISHANA,KRISHANA PHOSCHEM LIMITED,5546.244858,2026-08-06T21:54:25,NSE_EQ,EQUITY
3375,SURYAROSNI,SURYA ROSHNI LTD,5492.041968394409,2026-08-09T04:07:49,NSE_EQ,EQUITY
14966,CSBBANK,CSB BANK LIMITED,5490.226430865,2026-08-06T21:54:25,NSE_EQ,EQUITY
199,MASFIN,MAS FINANCIAL SERV LTD,5482.613675304648,2026-08-09T04:07:49,NSE_EQ,EQUITY
2018,LUMAXIND,LUMAX INDUSTRIES LTD,5413.7389878,2026-08-09T04:07:49,NSE_EQ,EQUITY
22717,ENTERO,ENTERO HEALTHCARE SOLU L,5407.741696,2026-08-06T21:54:25,NSE_EQ,EQUITY
21062,INNOVACAP,INNOVA CAPTAB LIMITED,5404.89454405,2026-08-09T04:07:49,NSE_EQ,EQUITY
3324,SUBROS,SUBROS LIMITED,5393.0394525,2026-08-06T21:54:25,NSE_EQ,EQUITY
10530,SHARDAMOTR,SHARDA MOTOR INDS LTD,5362.74365844,2026-08-06T21:54:25,NSE_EQ,EQUITY
2048,INDIGOPNTS,INDIGO PAINTS LIMITED,5348.44197585,2026-08-09T04:07:49,NSE_EQ,EQUITY
17187,CYIENTDLM,CYIENT DLM LIMITED,5257.891235,2026-08-06T21:54:25,NSE_EQ,EQUITY
24386,BANSALWIRE,BANSAL WIRE INDUSTRIES L,5200.78891654834,2026-08-09T04:07:49,NSE_EQ,EQUITY
5264,PDSL,PDS LIMITED,5127.101875711542,2026-08-09T04:07:49,NSE_EQ,EQUITY
13081,TRIVENI,TRIVENI ENGG. & INDS. LTD,5080.028607848,2026-08-06T21:54:25,NSE_EQ,EQUITY
11423,DATAMATICS,DATAMATICS GLOBAL SER LTD,5043.252641425,2026-08-06T21:54:25,NSE_EQ,EQUITY
18131,YASHO,YASHO INDUSTRIES LIMITED,5023.106347950001,2026-08-06T21:54:25,NSE_EQ,EQUITY
21469,OPTIEMUS,OPTIEMUS INFRACOM LTD,5017.367281067346,2026-08-09T04:07:49,NSE_EQ,EQUITY
3481,THOMASCOOK,THOMAS COOK (INDIA) LTD,5015.369640473999,2026-08-06T21:54:25,NSE_EQ,EQUITY
6125,GOODLUCK,GOODLUCK INDIA LIMITED,5015.026400217407,2026-08-09T04:07:49,NSE_EQ,EQUITY
1267,GUJALKALI,GUJARAT ALKALIES & CHEM,4999.586058239999,2026-08-06T21:54:25,NSE_EQ,EQUITY
14523,ICRA,ICRA LIMITED,4981.3768417,2026-08-06T21:54:25,NSE_EQ,EQUITY
14922,PURVA,PURAVANKARA LIMITED,4966.151574526,2026-08-06T21:54:25,NSE_EQ,EQUITY
20413,IOLCP,IOL CHEM AND PHARMA LTD,4926.859434504974,2026-08-09T04:07:49,NSE_EQ,EQUITY
3607,UNIVCABLES,UNIVERSAL CABLES LTD,4896.21199730896,2026-08-09T04:07:49,NSE_EQ,EQUITY
11829,SSWL,STEEL STRIPS WHEELS LTD.,4862.6370466,2026-08-06T21:54:25,NSE_EQ,EQUITY
18321,LGBBROSLTD,LG BALAKRISHNAN & BROS,4849.600418880001,2026-08-06T21:54:25,NSE_EQ,EQUITY
12219,RUSTOMJEE,KEYSTONE REALTORS LIMITED,4846.242883239999,2026-08-06T21:54:25,NSE_EQ,EQUITY
12489,SWSOLAR,STRLNG & WIL REN ENE LTD,4832.438462572,2026-08-06T21:54:25,NSE_EQ,EQUITY
11445,PILANIINVS,PILANI INV & IND COR LTD,4777.675875,2026-08-06T21:54:25,NSE_EQ,EQUITY
1630,IONEXCHANG,ION EXCHANGE (INDIA) LTD,4750.032588,2026-08-06T21:54:25,NSE_EQ,EQUITY
17520,RTNPOWER,RATTANINDIA POWER LIMITED,4709.58283922,2026-08-06T21:54:25,NSE_EQ,EQUITY
17704,QUESS,QUESS CORP LIMITED,4708.569239725,2026-08-06T21:54:25,NSE_EQ,EQUITY
12026,RENUKA,SHREE RENUKA SUGARS LTD,4708.219377876,2026-08-06T21:54:25,NSE_EQ,EQUITY
1235,GREAVESCOT,GREAVES COTTON LTD.,4695.136152270001,2026-08-06T21:54:25,NSE_EQ,EQUITY
10578,MPSLTD,MPS LIMITED,4691.86756587,2026-08-06T21:54:25,NSE_EQ,EQUITY
17333,MHRIL,MAHINDRA HOLIDAYS LTD,4658.330218243999,2026-08-06T21:54:25,NSE_EQ,EQUITY
11813,SHOPERSTOP,SHOPPERS STOP LIMITED,4623.1275209,2026-08-06T21:54:25,NSE_EQ,EQUITY
14111,NETWORK18,NETWORK18 MEDIA & INV LTD,4619.562674808,2026-08-06T21:54:25,NSE_EQ,EQUITY
1412,AGI,AGI GREENPAC LIMITED,4597.072406955,2026-08-06T21:54:25,NSE_EQ,EQUITY
14908,KDDL,KDDL LIMITED,4558.2361608,2026-08-06T21:54:25,NSE_EQ,EQUITY
25073,RAYMONDLSL,RAYMOND LIFESTYLE LIMITED,4540.831098895,2026-08-06T21:54:25,NSE_EQ,EQUITY
25426,NORTHARC,NORTHERN ARC CAPITAL LTD,4532.38585236,2026-08-06T21:54:25,NSE_EQ,EQUITY
20323,RESPONIND,RESPONSIVE INDUSTRIES LTD,4517.415234625976,2026-08-09T04:07:49,NSE_EQ,EQUITY
3703,VIPIND,VIP INDUSTRIES LTD,4474.691424,2026-08-09T04:07:49,NSE_EQ,EQUITY
18116,ELECTCAST,ELECTCAST WARRANTS,4467.0018545660005,2026-08-06T21:54:25,NSE_EQ,EQUITY
13890,HIRECT,HIND RECTIFIER LIMITED,4458.76684308,2026-08-06T21:54:25,NSE_EQ,EQUITY
18226,MANINFRA,MAN INFRA LTD,4456.881881705,2026-08-06T21:54:25,NSE_EQ,EQUITY
16725,RPGLIFE,RPG LIFE SCIENCES LTD,4447.17574335,2026-08-06T21:54:25,NSE_EQ,EQUITY
17641,SUNTECK,SUNTECK REALTY LIMITED,4429.489684125,2026-08-06T21:54:25,NSE_EQ,EQUITY
21828,TEXRAIL,TEXMACO RAIL & ENG. LTD.,4425.872764549915,2026-08-09T04:07:49,NSE_EQ,EQUITY
15034,BAJAJELEC,BAJAJ ELECT.LTD,4413.77341425,2026-08-06T21:54:25,NSE_EQ,EQUITY
1570,GMMPFAUDLR,GMM PFAUDLER LIMITED,4405.13359364,2026-08-06T21:54:25,NSE_EQ,EQUITY
2259,MOREPENLAB,MOREPEN LAB. LTD,4397.328434475,2026-08-09T04:07:49,NSE_EQ,EQUITY
10485,RAMRAT,RAM RATNA WIRES LIMITED,4360.801898479999,2026-08-06T21:54:25,NSE_EQ,EQUITY
24610,AVANTEL,AVANTEL LIMITED,4342.512226937561,2026-08-09T04:07:49,NSE_EQ,EQUITY
22824,JUNIPER,JUNIPER HOTELS LIMITED,4335.459088044678,2026-08-09T04:07:49,NSE_EQ,EQUITY
1328,MARINE,MARINE ELECTRICAL (I) LTD,4269.83107125,2026-08-06T21:54:25,NSE_EQ,EQUITY
2816,RALLIS,RALLIS INDIA LTD,4178.35857054,2026-08-06T21:54:25,NSE_EQ,EQUITY
14058,SANGHVIMOV,SANGHVI MOVERS LTD,4169.06728,2026-08-06T21:54:25,NSE_EQ,EQUITY
20425,NACLIND,NACL INDUSTRIES LIMITED,4154.539715177079,2026-08-09T04:07:49,NSE_EQ,EQUITY
11884,MANINDS,MAN INDUSTRIES (I) LTD.,4142.028510620001,2026-08-06T21:54:25,NSE_EQ,EQUITY
308,BAJAJHIND,BAJAJ HINDUSTHAN SUGAR LT,4133.198929873,2026-08-06T21:54:25,NSE_EQ,EQUITY
27353,ROSSTECH,ROSSELL TECHSYS LIMITED,4125.34558128,2026-08-06T21:54:25,NSE_EQ,EQUITY
17764,REFEX,REFEX INDUSTRIES LIMITED,4098.05881452,2026-08-06T21:54:25,NSE_EQ,EQUITY
1073,FOSECOIND,FOSECO INDIA LTD,4097.1265623,2026-08-06T21:54:25,NSE_EQ,EQUITY
2859,RAYMOND,RAYMOND LTD,4092.58033058454,2026-08-09T04:07:49,NSE_EQ,EQUITY
13121,KERNEX,KERNEX MICROSYS(I) LTD,4087.4810515,2026-08-06T21:54:25,NSE_EQ,EQUITY
14602,WEBELSOLAR,WEBSOL ENERGY SYSTEM LTD,4064.20424267,2026-08-06T21:54:25,NSE_EQ,EQUITY
11364,VAIBHAVGBL,VAIBHAV GLOBAL LIMITED,4058.3361621,2026-08-06T21:54:25,NSE_EQ,EQUITY
11606,GUFICBIO,GUFIC BIOSCIENCES LTD.,4054.92313011,2026-08-06T21:54:25,NSE_EQ,EQUITY
12022,AURIONPRO,AURIONPRO SOLN LTD,4030.58769,2026-08-06T21:54:25,NSE_EQ,EQUITY
2397,SANDHAR,SANDHAR TECHNOLOGIES LTD,4022.2549884180544,2026-08-09T04:07:49,NSE_EQ,EQUITY
1127,GHCL,GHCL LIMITED,4014.8999316,2026-08-06T21:54:25,NSE_EQ,EQUITY
3292,DEEPINDS,DEEP INDUSTRIES LIMITED,4012.8,2026-08-06T21:54:25,NSE_EQ,EQUITY
19,STYRENIX,STYRENIX PERFORMANCE LTD,4010.1976816,2026-08-06T21:54:25,NSE_EQ,EQUITY
28805,SANATHAN,SANATHAN TEXTILES LIMITED,4006.66068073,2026-08-06T21:54:25,NSE_EQ,EQUITY
1581,TARC,TARC LIMITED,3998.850435585,2026-08-06T21:54:25,NSE_EQ,EQUITY
19025,KIRLOSIND,KIRLOSKAR INDUSTRIES LTD,3964.3258976799993,2026-08-06T21:54:25,NSE_EQ,EQUITY
11868,63MOONS,63 MOONS TECHNOLOGIES LTD,3954.46004534,2026-08-06T21:54:25,NSE_EQ,EQUITY
15283,KNRCON,KNR CONSTRU LTD.,3947.127611,2026-08-06T21:54:25,NSE_EQ,EQUITY
701,HEMIPROP,HEMISPHERE PROP IND LTD,3935.861664315039,2026-08-09T04:07:49,NSE_EQ,EQUITY
14972,KSCL,KAVERI SEED CO. LTD.,3934.485386865,2026-08-06T21:54:25,NSE_EQ,EQUITY
3799,WSTCSTPAPR,WEST COAST PAPER MILLS LT,3925.61684698,2026-08-06T21:54:25,NSE_EQ,EQUITY
18614,SAMHI,SAMHI HOTELS LIMITED,3914.902587264,2026-08-06T21:54:25,NSE_EQ,EQUITY
20642,JINDWORLD,JINDAL WORLDWIDE LTD,3903.1296165969848,2026-08-09T04:07:49,NSE_EQ,EQUITY
2616,SEAMECLTD,SEAMEC LIMITED,3897.776099739844,2026-08-09T04:07:49,NSE_EQ,EQUITY
29731,GUJTHEM,GUJARAT THEMIS BIOSYN LTD,3885.6444464351807,2026-08-09T04:07:49,NSE_EQ,EQUITY
11162,HARSHA,HARSHA ENGINEERS INT LTD,3869.3744625,2026-08-06T21:54:25,NSE_EQ,EQUITY
20877,PSPPROJECT,PSP PROJECTS LIMITED,3860.9122344450006,2026-08-06T21:54:25,NSE_EQ,EQUITY
18889,KSL,KALYANI STEELS LIMITED,3860.6713005,2026-08-06T21:54:25,NSE_EQ,EQUITY
11301,LUXIND,LUX INDUSTRIES LIMITED,3808.27768184,2026-08-06T21:54:25,NSE_EQ,EQUITY
15124,KOLTEPATIL,KOLTE PATIL DEV. LTD.,3807.036435420001,2026-08-06T21:54:25,NSE_EQ,EQUITY
24445,AGIIL,AGI INFRA LIMITED,3804.29550378,2026-08-06T21:54:25,NSE_EQ,EQUITY
104,SHAREINDIA,SHARE IND. SECURITIES LTD,3800.9994561,2026-08-06T21:54:25,NSE_EQ,EQUITY
11394,ZOTA,ZOTA HEALTH CARE LIMITED,3780.66224384,2026-08-06T21:54:25,NSE_EQ,EQUITY
17881,DBCORP,D.B.CORP LTD,3754.934813135,2026-08-06T21:54:25,NSE_EQ,EQUITY
27213,EIEL,ENVIRO INFRA ENGINEERS L,3741.597544281006,2026-08-09T04:07:49,NSE_EQ,EQUITY
16859,SINDHUTRAD,SINDHU TRADE LINKS LTD,3729.92571882,2026-08-06T21:54:25,NSE_EQ,EQUITY
20831,MUTHOOTMF,MUTHOOT MICROFIN LIMITED,3723.413629338,2026-08-06T21:54:25,NSE_EQ,EQUITY
15266,JKIL,JKUMAR INFR.LTD.,3720.85125755,2026-08-06T21:54:25,NSE_EQ,EQUITY
14385,POCL,PONDY OXIDES & CHEM LTD,3719.70632547,2026-08-06T21:54:25,NSE_EQ,EQUITY
18039,ADVENZYMES,ADVANCED ENZYME TECH LTD,3692.973427,2026-08-06T21:54:25,NSE_EQ,EQUITY
24532,FILATEX,FILATEX INDIA LTD,3632.841565875,2026-08-06T21:54:25,NSE_EQ,EQUITY
23507,UEL,UJAAS ENERGY LIMITED,3610.678810661041,2026-08-10T07:20:30,NSE_EQ,EQUITY
1672,HGINFRA,H.G.INFRA ENGINEERING LTD,3599.40046053,2026-08-06T21:54:25,NSE_EQ,EQUITY
3987,GREENPLY,GREENPLY INDUSTRIES LTD,3576.5701348091584,2026-08-09T04:07:49,NSE_EQ,EQUITY
17397,PREMEXPLN,PREMIER EXPLOSIVES LTD,3574.7630644949995,2026-08-06T21:54:25,NSE_EQ,EQUITY
13925,NFL,NATIONAL FERT. LTD,3556.6934,2026-08-06T21:54:25,NSE_EQ,EQUITY
2316,HEIDELBERG,HEIDELBERGCEMENT (I) LTD,3535.4484204,2026-08-10T07:20:30,NSE_EQ,EQUITY
13057,UNIPARTS,UNIPARTS INDIA LIMITED,3524.98021095,2026-08-06T21:54:25,NSE_EQ,EQUITY
1053,UFLEX,UFLEX LIMITED,3494.31380754,2026-08-06T21:54:25,NSE_EQ,EQUITY
11932,FUSION,FUSION FINANCE LIMITED,3476.7395291630005,2026-08-06T21:54:25,NSE_EQ,EQUITY
14134,PITTIENG,PITTI ENGINEERING LIMITED,3472.83035904,2026-08-06T21:54:25,NSE_EQ,EQUITY
1879,CARYSIL,CARYSIL LIMITED,3452.64794234,2026-08-06T21:54:25,NSE_EQ,EQUITY
23066,GOPAL,GOPAL SNACKS LIMITED,3422.10418155,2026-08-10T07:20:30,NSE_EQ,EQUITY
128,ROUTE,ROUTE MOBILE LIMITED,3361.2144247,2026-08-06T21:54:25,NSE_EQ,EQUITY
28906,MAYURUNIQ,MAYUR UNIQUOTERS LTD,3359.3203999145508,2026-08-09T04:07:49,NSE_EQ,EQUITY
17747,NIITMTS,NIIT LEARNING SYSTEMS LTD,3356.470759265,2026-08-06T21:54:25,NSE_EQ,EQUITY
14329,SMSPHARMA,SMS PHARMACEUTICALS LTD.,3345.2505116,2026-08-06T21:54:25,NSE_EQ,EQUITY
20182,ASHOKA,ASHOKA BUILDCON LTD,3321.7978781629563,2026-08-09T04:07:49,NSE_EQ,EQUITY
2289,HLEGLAS,HLE GLASCOAT LIMITED,3243.883500211383,2026-08-09T04:07:49,NSE_EQ,EQUITY
27067,VSSL,VARDHMAN SPC STEEL LTD,3227.8513600300003,2026-08-06T21:54:25,NSE_EQ,EQUITY
13381,KKCL,KEWAL KIRAN CLOTHING LTD,3219.91591625,2026-08-06T21:54:25,NSE_EQ,EQUITY
13175,NITINSPIN,NITIN SPINNERS LIMITED,3217.7517,2026-08-06T21:54:25,NSE_EQ,EQUITY
154,APCOTEXIND,APCOTEX INDUSTRIES LIMITE,3217.4982176,2026-08-06T21:54:25,NSE_EQ,EQUITY
3127,UFBL,UNITED FOODBRANDS LIMITED,3156.6165186942503,2026-08-09T04:07:49,NSE_EQ,EQUITY
13982,JASH,JASH ENGINEERING LIMITED,3101.222416,2026-08-06T21:54:25,NSE_EQ,EQUITY
28879,CARRARO,CARRARO INDIA LIMITED,3082.2061326699995,2026-08-06T21:54:25,NSE_EQ,EQUITY
11271,DREDGECORP,DREDGING CORP OF INDIA,3064.32,2026-08-06T21:54:25,NSE_EQ,EQUITY
25392,PANAMAPET,PANAMA PETROCHEM LTD,3053.716753195276,2026-08-09T04:07:49,NSE_EQ,EQUITY
4471,ELPROINTL,ELPRO INTERNATIONAL LTD,3051.6411734032595,2026-08-09T04:07:49,NSE_EQ,EQUITY
14245,TVSSRICHAK,TVS SRICHAKRA LIMITED,3040.767696,2026-08-06T21:54:25,NSE_EQ,EQUITY
16045,PRINCEPIPE,PRINCE PIPES FITTINGS LTD,3033.8239738800003,2026-08-06T21:54:25,NSE_EQ,EQUITY
13414,RSYSTEMS,R SYS INTERNATIONAL LTD,3032.82034936,2026-08-06T21:54:25,NSE_EQ,EQUITY
21704,DCAL,DISHMAN CARBO AMCIS LTD,3026.5407606179124,2026-08-09T04:07:49,NSE_EQ,EQUITY
13598,ANTELOPUS,ANTELOPUS SELAN ENRGY LTD,3025.36928232,2026-08-06T21:54:25,NSE_EQ,EQUITY
14479,DIVGIITTS,DIVGI TORQTRANSFER SYST L,3023.42816322,2026-08-06T21:54:25,NSE_EQ,EQUITY
17651,POKARNA,POKARNA LIMITED,2998.55186,2026-08-06T21:54:25,NSE_EQ,EQUITY
19401,BOROLTD,BOROSIL LIMITED,2965.6536115710005,2026-08-06T21:54:25,NSE_EQ,EQUITY
21840,DIAMONDYD,PRATAAP SNACKS LIMITED,2933.9212943982666,2026-08-09T04:07:49,NSE_EQ,EQUITY
11239,NSIL,NALWA SONS INVESTMENT LTD,2933.51949745,2026-08-06T21:54:25,NSE_EQ,EQUITY
13844,MMFL,MM FORGINGS LTD,2914.035968,2026-08-06T21:54:25,NSE_EQ,EQUITY
19410,ROSSARI,ROSSARI BIOTECH LIMITED,2913.45353102,2026-08-06T21:54:25,NSE_EQ,EQUITY
11983,SASKEN,SASKEN TECHNOLOGIES LTD,2911.39835541,2026-08-06T21:54:25,NSE_EQ,EQUITY
5449,CHEMPLASTS,CHEMPLAST SANMAR LIMITED,2903.0498978642427,2026-08-09T04:07:49,NSE_EQ,EQUITY
11975,RML,RANE (MADRAS) LIMITED,2878.13144718,2026-08-06T21:54:25,NSE_EQ,EQUITY
13101,VIMTALABS,VIMTA LABS LIMITED,2868.6758022800004,2026-08-06T21:54:25,NSE_EQ,EQUITY
17130,PARAGMILK,PARAG MILK FOODS LTD.,2858.966472861,2026-08-06T21:54:25,NSE_EQ,EQUITY
19761,ADFFOODS,ADF FOODS LIMITED,2853.1576962608337,2026-08-09T04:07:49,NSE_EQ,EQUITY
14096,SIYSIL,SIYARAM SILK MILLS LTD,2849.9220777200003,2026-08-06T21:54:25,NSE_EQ,EQUITY
6944,GANECOS,GANESHA ECOSPHERE LIMITED,2848.361741777588,2026-08-09T04:07:49,NSE_EQ,EQUITY
16639,KIRIINDUS,KIRI INDUSTRIES LIMITED,2844.90904,2026-08-06T21:54:25,NSE_EQ,EQUITY
184,TCPLPACK,TCPL PACKAGING LIMITED,2843.5945917,2026-08-06T21:54:25,NSE_EQ,EQUITY
20134,RAMKY,RAMKY INFRA LTD,2815.31216906998,2026-08-09T04:07:49,NSE_EQ,EQUITY
22566,BLSE,BLS E-SERVICES LIMITED,2815.2622505732847,2026-08-09T04:07:49,NSE_EQ,EQUITY
18608,ZAGGLE,ZAGGLE PREPA OCEAN SER L,2776.924798467,2026-08-06T21:54:25,NSE_EQ,EQUITY
1756,JINDALPOLY,JINDAL POLY FILMS LIMITED,2770.585282575,2026-08-06T21:54:25,NSE_EQ,EQUITY
10457,ARVSMART,ARVIND SMARTSPACES LTD,2767.1548430699995,2026-08-06T21:54:25,NSE_EQ,EQUITY
11699,PATELENG,PATEL ENGINEERING LTD.,2749.582319663,2026-08-06T21:54:25,NSE_EQ,EQUITY
20956,SUNCLAY,SUNDARAM CLAYTON LIMITED,2737.2514200963624,2026-08-09T04:07:49,NSE_EQ,EQUITY
21705,MEDIASSIST,MEDI ASSIST HEALTH SER L,2726.243814978772,2026-08-09T04:07:49,NSE_EQ,EQUITY
19783,MUFIN,MUFIN GREEN FINANCE LTD,2718.5871055514403,2026-08-09T04:07:49,NSE_EQ,EQUITY
1190,FMGOETZE,FEDERAL-MOGUL GOETZE (IND,2702.6088754,2026-08-06T21:54:25,NSE_EQ,EQUITY
13648,TALBROAUTO,TALBROS AUTO. COMP. LTD,2697.520155,2026-08-06T21:54:25,NSE_EQ,EQUITY
20372,FLAIR,FLAIR WRITING INDUST LTD,2660.1792763917665,2026-08-09T04:07:49,NSE_EQ,EQUITY
13761,BBL,BHARAT BIJLEE LTD,2651.4858896000005,2026-08-06T21:54:25,NSE_EQ,EQUITY
18962,RAJRATAN,RAJRATAN GLOBAL WIRE LTD,2649.992345000001,2026-08-06T21:54:25,NSE_EQ,EQUITY
19931,ORISSAMINE,ORISSA MIN DEV CO LTD,2643.1201171875,2026-08-09T04:07:49,NSE_EQ,EQUITY
2107,STOVEKRAFT,STOVE KRAFT LIMITED,2640.4743459407896,2026-08-09T04:07:49,NSE_EQ,EQUITY
10238,CONFIPET,CONFIDENCE PETRO IND LTD.,2637.661640377,2026-08-06T21:54:25,NSE_EQ,EQUITY
10733,SPORTKING,SPORTKING INDIA LIMITED,2630.1735789540003,2026-08-06T21:54:25,NSE_EQ,EQUITY
17424,GLOBUSSPR,GLOBUS SPIRITS LTD,2628.135817875,2026-08-06T21:54:25,NSE_EQ,EQUITY
11407,XPROINDIA,XPRO INDIA LIMITED,2617.41800432,2026-08-06T21:54:25,NSE_EQ,EQUITY
18659,MARATHON,MARATHON NXTGEN REALT LTD,2602.01077758,2026-08-06T21:54:25,NSE_EQ,EQUITY
11782,EVEREADY,EVEREADY INDS. IND.  LTD.,2597.1157998,2026-08-06T21:54:25,NSE_EQ,EQUITY
25398,ARKADE,ARKADE DEVELOPERS LIMITED,2594.649047575,2026-08-06T21:54:25,NSE_EQ,EQUITY
34,ADOR,ADOR WELDING LTD,2583.9699712,2026-08-06T21:54:25,NSE_EQ,EQUITY
22649,PARKHOTELS,PARKHOTELS,2580.3347568780005,2026-08-06T21:54:25,NSE_EQ,EQUITY
2106,MANGLMCEM,MANGALAM CEMENT LTD,2579.659079002075,2026-08-09T04:07:49,NSE_EQ,EQUITY
11050,SIRCA,SIRCA PAINT INDIA LIMITED,2561.69322579,2026-08-06T21:54:25,NSE_EQ,EQUITY
10453,SATIN,SATIN CREDIT NET LTD,2561.510974491,2026-08-06T21:54:25,NSE_EQ,EQUITY
17358,UTKARSHBNK,UTKARSH SMALL FIN BANK L,2557.175533908,2026-08-06T21:54:25,NSE_EQ,EQUITY
14203,HUBTOWN,HUBTOWN LIMITED,2553.54880629,2026-08-06T21:54:25,NSE_EQ,EQUITY
18252,SPAL,S. P. APPARELS LIMITED,2550.33968035,2026-08-06T21:54:25,NSE_EQ,EQUITY
14019,VEEDOL,VEEDOL CORPORATION LTD,2532.0641914,2026-08-06T21:54:25,NSE_EQ,EQUITY
4055,PANACEABIO,PANACEA BIOTEC LTD,2529.6558098,2026-08-09T04:07:49,NSE_EQ,EQUITY
2844,RANEHOLDIN,RANE HOLDINGS LIMITED,2521.746555864136,2026-08-09T04:07:49,NSE_EQ,EQUITY
1663,SUNDROP,SUNDROP BRANDS LIMITED,2506.08678744,2026-08-06T21:54:25,NSE_EQ,EQUITY
18417,RISHABH,RISHABH INSTRUMENTS LTD,2499.448486735,2026-08-06T21:54:25,NSE_EQ,EQUITY
13810,GREENPANEL,GREENPANEL INDUSTRIES LTD,2480.384318665,2026-08-06T21:54:25,NSE_EQ,EQUITY
1145,GIPCL,GUJ IND POW CO. LTD,2471.193044424,2026-08-06T21:54:25,NSE_EQ,EQUITY
21119,KICL,KALYANI INVEST CO LTD,2464.8700329,2026-08-09T04:07:49,NSE_EQ,EQUITY
13300,NITCO,NITCO LIMITED,2452.81200658,2026-08-06T21:54:25,NSE_EQ,EQUITY
17307,AJMERA,AJMERA REALTY & INF I LTD,2429.83589055,2026-08-06T21:54:25,NSE_EQ,EQUITY
20092,TASTYBITE,TASTY BITE EATABLES LTD,2410.5004,2026-08-09T04:07:49,NSE_EQ,EQUITY
29598,REPCOHOME,REPCO HOME FINANCE LTD,2394.22340010885,2026-08-09T04:07:49,NSE_EQ,EQUITY
2792,EASEMYTRIP,EASY TRIP PLANNERS LTD,2393.049369957012,2026-08-09T04:07:49,NSE_EQ,EQUITY
20303,GANDHAR,GANDHAR OIL REFINE IND L,2375.6341383450163,2026-08-09T04:07:49,NSE_EQ,EQUITY
11212,SHK,S H KELKAR AND CO. LTD.,2353.984141806,2026-08-06T21:54:25,NSE_EQ,EQUITY
19279,THEJO,THEJO ENGINEERING LIMITED,2342.07379314,2026-08-06T21:54:25,NSE_EQ,EQUITY
14361,APOLLOPIPE,APOLLO PIPES LIMITED,2315.6480451,2026-08-06T21:54:25,NSE_EQ,EQUITY
10397,JISLJALEQS,JAIN IRRIGATION SYSTEMS,2306.1562291440005,2026-08-06T21:54:25,NSE_EQ,EQUITY
2708,PRAKASH,PRAKASH INDUSTRIES LTD,2305.141431608,2026-08-06T21:54:25,NSE_EQ,EQUITY
23056,JGCHEM,J.G.CHEMICALS LIMITED,2278.081676835901,2026-08-10T07:20:30,NSE_EQ,EQUITY
6713,MOLDTKPAC,MOLD-TEK PACKAGING LTD,2277.3435398647216,2026-08-09T04:07:49,NSE_EQ,EQUITY
18571,GNA,GNA AXLES LIMITED,2276.40567,2026-08-06T21:54:25,NSE_EQ,EQUITY
11435,SPANDANA,SPANDANA SPHOORTY FIN LTD,2275.81931655,2026-08-06T21:54:25,NSE_EQ,EQUITY
14068,SAGCEM,SAGAR CEMENTS LIMITED,2272.612137076,2026-08-06T21:54:25,NSE_EQ,EQUITY
13276,LANDMARK,LANDMARK CARS LIMITED,2267.7159279,2026-08-06T21:54:25,NSE_EQ,EQUITY
18593,EMSLIMITED,EMS LIMITED,2255.10607227,2026-08-06T21:54:25,NSE_EQ,EQUITY
2388,NELCO,NELCO LTD,2244.874192,2026-08-06T21:54:25,NSE_EQ,EQUITY
11794,SAKSOFT,SAKSOFT LIMITED,2244.344872308,2026-08-06T21:54:25,NSE_EQ,EQUITY
19223,TCIEXP,TCI EXPRESS LIMITED,2226.7646604,2026-08-06T21:54:25,NSE_EQ,EQUITY
20531,BAJEL,BAJEL PROJECTS LIMITED,2218.835805306839,2026-08-09T04:07:49,NSE_EQ,EQUITY
18679,HPL,HPL ELECTRIC & POWER LTD,2214.50873784,2026-08-06T21:54:25,NSE_EQ,EQUITY
22947,EXICOM,EXICOM TELE SYSTEMS LTD,2209.9774763024443,2026-08-09T04:07:49,NSE_EQ,EQUITY
29487,NIBE,NIBE LIMITED,2199.7015887,2026-08-09T04:07:49,NSE_EQ,EQUITY
19878,ESAFSFB,ESAF SMALL FINANCE BANK L,2195.141108004,2026-08-06T21:54:25,NSE_EQ,EQUITY
11896,GEOJITFSL,GEOJIT FINANCIAL SER L,2192.225122626,2026-08-06T21:54:25,NSE_EQ,EQUITY
22463,EPACK,EPACK DURABLE LIMITED,2190.256364997,2026-08-06T21:54:25,NSE_EQ,EQUITY
20621,PENIND,PENNAR INDUSTRIES LTD,2166.042757036033,2026-08-09T04:07:49,NSE_EQ,EQUITY
13951,PARACABLES,PARAMOUNT COMM LTD,2161.416719165,2026-08-06T21:54:25,NSE_EQ,EQUITY
14423,LAOPALA,LA OPALA RG LIMITED,2151.069,2026-08-06T21:54:25,NSE_EQ,EQUITY
17263,ARMANFIN,ARMAN FIN SERV LTD,2136.07369715,2026-08-06T21:54:25,NSE_EQ,EQUITY
11919,MSPL,MSP STEEL & POWER LTD.,2128.321401975,2026-08-06T21:54:25,NSE_EQ,EQUITY
10277,NGLFINE,NGL FINE CHEM LIMITED,2118.1355284,2026-08-06T21:54:25,NSE_EQ,EQUITY
14567,BFUTILITIE,BF UTILITIES LIMITED,2109.95218242,2026-08-06T21:54:25,NSE_EQ,EQUITY
12716,TEAMLEASE,TEAMLEASE SERVICES LTD.,2101.981615,2026-08-06T21:54:25,NSE_EQ,EQUITY
1403,HINDOILEXP,HINDUSTAN OIL EXPLORATION,2081.641612149,2026-08-06T21:54:25,NSE_EQ,EQUITY
2562,HUHTAMAKI,HUHTAMAKI INDIA LIMITED,2076.475667519861,2026-08-09T04:07:49,NSE_EQ,EQUITY
1168,GMBREW,G M BREWERIES LTD,2073.35826225,2026-08-06T21:54:25,NSE_EQ,EQUITY
11325,MUKANDLTD,MUKAND LTD.,2070.476922227,2026-08-06T21:54:25,NSE_EQ,EQUITY
27079,KPEL,K.P. ENERGY LIMITED,2062.41817158,2026-08-06T21:54:25,NSE_EQ,EQUITY
11677,INDOCO,INDOCO REMEDIES LTD.,2044.689298015,2026-08-06T21:54:25,NSE_EQ,EQUITY
1530,INDIANHUME,INDIAN HUME PIPE CO. LTD.,2042.9990406,2026-08-06T21:54:25,NSE_EQ,EQUITY
11895,DCXINDIA,DCX SYSTEMS LIMITED,2025.450788568,2026-08-06T21:54:25,NSE_EQ,EQUITY
7030,ASIANENE,ASIAN ENERGY SERVICES LTD,1985.200688874353,2026-08-09T04:07:49,NSE_EQ,EQUITY
14712,HGS,HINDUJA GLOBAL SOLS. LTD.,1968.040656925,2026-08-06T21:54:25,NSE_EQ,EQUITY
10417,DYCL,DYNAMIC CABLES LIMITED,1962.574839,2026-08-06T21:54:25,NSE_EQ,EQUITY
1841,KCP,KCP LTD,1951.2217566,2026-08-06T21:54:25,NSE_EQ,EQUITY
23864,AWFIS,AWFIS SPACE SOLUTIONS LTD,1945.80302734,2026-08-06T21:54:25,NSE_EQ,EQUITY
22255,NDRAUTO,NDR AUTO COMPONENTS LTD,1942.1743646,2026-08-06T21:54:25,NSE_EQ,EQUITY
18154,HATHWAY,HATHWAY CABLE & DATACOM,1917.0231735,2026-08-06T21:54:25,NSE_EQ,EQUITY
20160,CANTABIL,CANTABIL RETAIL LTD,1907.7836924,2026-08-06T21:54:25,NSE_EQ,EQUITY
23127,SCILAL,SHIPPING CORP OF ILA LTD,1905.1180219752885,2026-08-10T07:20:30,NSE_EQ,EQUITY
15399,EIHAHOTELS,EIH ASSOCIATED HOTELS LTD,1893.29065458,2026-08-06T21:54:25,NSE_EQ,EQUITY
14657,INSECTICID,INSECTICIDES (I) LTD,1893.250764405,2026-08-06T21:54:25,NSE_EQ,EQUITY
1205,GOODYEAR,GOODYEAR INDIA LIMITED,1879.804987965,2026-08-06T21:54:25,NSE_EQ,EQUITY
10871,GRMOVER,GRM OVERSEAS LIMITED,1869.58245474,2026-08-06T21:54:25,NSE_EQ,EQUITY
22602,PFS,PTC INDIA FIN SERV LTD,1863.9062675713976,2026-08-09T04:07:49,NSE_EQ,EQUITY
3484,TIL,TIL LTD,1843.358580434656,2026-08-09T04:07:49,NSE_EQ,EQUITY
10791,NUCLEUS,NUCLEUS SOFTWARE EXPORTS,1838.95425063,2026-08-06T21:54:25,NSE_EQ,EQUITY
15883,HINDWAREAP,HINDWARE HME INOVATON LTD,1828.425717663,2026-08-06T21:54:25,NSE_EQ,EQUITY
5366,WINDLAS,WINDLAS BIOTECH LIMITED,1821.8694268835816,2026-08-09T04:07:49,NSE_EQ,EQUITY
21749,CAPACITE,CAPACITE INFRAPROJECT LTD,1798.597319154074,2026-08-09T04:07:49,NSE_EQ,EQUITY
13875,JINDRILL,JINDAL DRILLING IND. LTD,1784.8012898400002,2026-08-06T21:54:25,NSE_EQ,EQUITY
21113,BFINVEST,BF INVESTMENT LIMITED,1768.6834267590089,2026-08-09T04:07:49,NSE_EQ,EQUITY
2294,MTNL,MAHANAGAR TELEPHONE NIGAM,1752.02996635437,2026-08-09T04:07:49,NSE_EQ,EQUITY
18760,YATRA,YATRA ONLINE LIMITED,1729.3733630529998,2026-08-06T21:54:25,NSE_EQ,EQUITY
2970,SURYODAY,SURYODAY SMALL FIN BK LTD,1728.485117888,2026-08-06T21:54:25,NSE_EQ,EQUITY
445,5PAISA,5PAISA CAPITAL LIMITED,1723.0470338093444,2026-08-09T04:07:49,NSE_EQ,EQUITY
25684,JISLDVREQS,JAIN DVR EQUITY SHARES,1721.548508730848,2026-08-09T04:07:49,NSE_EQ,EQUITY
714,SHALBY,SHALBY LIMITED,1717.7457295010224,2026-08-09T04:07:49,NSE_EQ,EQUITY
10310,AURUM,AURUM PROPTECH LIMITED,1707.226844112,2026-08-06T21:54:25,NSE_EQ,EQUITY
2868,HITECH,HI-TECH PIPES LIMITED,1701.1442466106475,2026-08-09T04:07:49,NSE_EQ,EQUITY
15044,DELTACORP,DELTA CORP LIMITED,1699.0076104650002,2026-08-06T21:54:25,NSE_EQ,EQUITY
2320,SMCGLOBAL,SMC GLOBAL SECURITIES LTD,1687.764,2026-08-06T21:54:25,NSE_EQ,EQUITY
17527,MAHASTEEL,MAHAMAYA STEEL INDS LTD,1683.0469039999998,2026-08-06T21:54:25,NSE_EQ,EQUITY
22347,MACPOWER,MACPOWER CNC MACHINES LTD,1681.7993131757812,2026-08-09T04:07:49,NSE_EQ,EQUITY
1805,KABRAEXTRU,KABRA EXTRUSION TECHNIK L,1670.30264736,2026-08-06T21:54:25,NSE_EQ,EQUITY
14889,ASIANTILES,ASIAN GRANITO IND. LTD.,1659.66864543,2026-08-06T21:54:25,NSE_EQ,EQUITY
21275,SUMMITSEC,SUMMIT SECURITIES LTD,1654.1712502199998,2026-08-06T21:54:25,NSE_EQ,EQUITY
3321,SPMLINFRA,SPML INFRA LIMITED,1638.3990008099995,2026-08-06T21:54:25,NSE_EQ,EQUITY
11155,CNL,CREATIVE NEWTECH LIMITED,1635.991657875,2026-08-06T21:54:25,NSE_EQ,EQUITY
4235,WENDT,WENDT (INDIA) LIMITED,1630.2,2026-08-09T04:07:49,NSE_EQ,EQUITY
11027,INFOBEAN,INFOBEANS TECHNO. LTD.,1626.6885248800002,2026-08-06T21:54:25,NSE_EQ,EQUITY
436,IFGLEXPOR,IFGL REFRACTORIES LIMITED,1625.01257808,2026-08-06T21:54:25,NSE_EQ,EQUITY
18139,DOLPHIN,DOLPHIN OFF ENT (IND) L,1623.1858335,2026-08-06T21:54:25,NSE_EQ,EQUITY
13536,VIDHIING,VIDHI SPCLTY F INGRDNTS L,1608.478725,2026-08-06T21:54:25,NSE_EQ,EQUITY
14853,OMAXE,OMAXE LIMITED,1604.22017074,2026-08-06T21:54:25,NSE_EQ,EQUITY
20560,DOLLAR,DOLLAR INDUSTRIES LIMITED,1598.8274227999998,2026-08-06T21:54:25,NSE_EQ,EQUITY
20788,MOTISONS,MOTISONS JEWELLERS LTD,1587.9592179392432,2026-08-09T04:07:49,NSE_EQ,EQUITY
1708,JAYBARMARU,JAY BHARAT MARUTI LTD,1587.48625,2026-08-06T21:54:25,NSE_EQ,EQUITY
10993,INDORAMA,INDO RAMA SYNTHETICS LTD,1576.3400925869998,2026-08-06T21:54:25,NSE_EQ,EQUITY
13745,GTLINFRA,GTL INFRA.LTD,1575.520763085,2026-08-06T21:54:25,NSE_EQ,EQUITY
17851,DLINKINDIA,D-LINK INDIA LTD,1573.9300005,2026-08-06T21:54:25,NSE_EQ,EQUITY
18967,KAPSTON,KAPSTON SERVICES LIMITED,1568.7790852,2026-08-06T21:54:25,NSE_EQ,EQUITY
25690,DSSL,DYNACONS SYS & SOLN LTD,1563.7312494072266,2026-08-09T04:07:49,NSE_EQ,EQUITY
16822,IKIO,IKIO TECHNOLOGIES LIMITED,1558.365335665,2026-08-06T21:54:25,NSE_EQ,EQUITY
14086,IGPL,I G PETROCHEMICALS LTD,1548.980955,2026-08-06T21:54:25,NSE_EQ,EQUITY
11369,TTKHLTCARE,TTK HEALTHCARE LIMITED,1545.99973353,2026-08-06T21:54:25,NSE_EQ,EQUITY
1338,SDBL,SOM DIST & BREW LTD,1540.756623232,2026-08-06T21:54:25,NSE_EQ,EQUITY
17598,ASALCBR,ASSO ALCOHOLS & BREW LTD,1540.57662,2026-08-06T21:54:25,NSE_EQ,EQUITY
14174,IZMO,IZMO LIMITED,1530.6715248,2026-08-06T21:54:25,NSE_EQ,EQUITY
10557,NAVKARCORP,NAVKAR CORPORATION LTD.,1518.7385362900002,2026-08-06T21:54:25,NSE_EQ,EQUITY
29087,QUADFUTURE,QUADRANT FUTURE TEK LTD,1512.0,2026-08-06T21:54:25,NSE_EQ,EQUITY
17547,AMRUTANJAN,AMRUTAJAN HEALTH LTD,1502.804212,2026-08-06T21:54:25,NSE_EQ,EQUITY
17685,GPTINFRA,GPT INFRAPROJECTS LTD,1490.9759154,2026-08-06T21:54:25,NSE_EQ,EQUITY
10285,AYMSYNTEX,AYM SYNTEX LIMITED,1478.043400015,2026-08-06T21:54:25,NSE_EQ,EQUITY
12015,AEROENTER,AEROFLEX ENTERPRISES LTD,1474.7558544,2026-08-06T21:54:25,NSE_EQ,EQUITY
18423,RATNAVEER,RATNAVEER PRECISION ENG L,1468.603988041,2026-08-06T21:54:25,NSE_EQ,EQUITY
13501,ALLCARGO,ALLCARGO LOGISTICS LTD,1461.831785744,2026-08-06T21:54:25,NSE_EQ,EQUITY
11549,TEXINFRA,TEXMACO INFRA & HOLDG LTD,1446.03694332,2026-08-06T21:54:25,NSE_EQ,EQUITY
19955,WAAREEINDO,INDOSOLAR LIMITED,1434.49526568,2026-08-06T21:54:25,NSE_EQ,EQUITY
22656,SIGNPOST,SIGNPOST INDIA LIMITED,1430.054684753418,2026-08-09T04:07:49,NSE_EQ,EQUITY
21339,STEELXIND,STEEL EXCHANGE INDIA LTD,1429.8561447177167,2026-08-09T04:07:49,NSE_EQ,EQUITY
19113,UDS,UPDATER SERVICES LIMITED,1422.099508641,2026-08-06T21:54:25,NSE_EQ,EQUITY
13218,SULA,SULA VINEYARDS LIMITED,1414.828874666,2026-08-06T21:54:25,NSE_EQ,EQUITY
16123,BHARATWIRE,BHARAT WIRE ROPES LTD.,1412.122324292,2026-08-06T21:54:25,NSE_EQ,EQUITY
30244,BHARATSE,BHARAT SEATS LIMITED,1403.3916,2026-08-06T21:54:25,NSE_EQ,EQUITY
1802,JYOTISTRUC,JYOTI STRUCTURES LTD,1397.775786227,2026-08-06T21:54:25,NSE_EQ,EQUITY
17728,ASTEC,ASTEC LIFESCIENCES LTD,1382.2786343300002,2026-08-06T21:54:25,NSE_EQ,EQUITY
10588,SHREEPUSHK,SHRE PUSH CHEM & FERT LTD,1373.543425225,2026-08-06T21:54:25,NSE_EQ,EQUITY
12603,PRECAM,PRECISION CAMSHAFTS LTD.,1372.35534408,2026-08-06T21:54:25,NSE_EQ,EQUITY
12009,IMPAL,IND MOTOR PART & ACC LTD,1368.9312000000002,2026-08-06T21:54:25,NSE_EQ,EQUITY
13211,JAGRAN,JAGRAN PRAKASHAN LIMITED,1366.433519616,2026-08-06T21:54:25,NSE_EQ,EQUITY
11293,UNIENTER,UNIPHOS ENTERPRISES LTD,1354.335863426,2026-08-06T21:54:25,NSE_EQ,EQUITY
18422,ASIANHOTNR,ASIAN HOTELS (NORTH) LTD,1347.2100364,2026-08-06T21:54:25,NSE_EQ,EQUITY
22675,CAPITALSFB,CAPITAL SMALL FIN BANK L,1346.6788351994935,2026-08-09T04:07:49,NSE_EQ,EQUITY
11522,NIITLTD,NIIT LIMITED,1342.284188327,2026-08-06T21:54:25,NSE_EQ,EQUITY
619,CENTENKA,CENTURY ENKA LTD,1333.432193725,2026-08-09T04:07:49,NSE_EQ,EQUITY
15129,RGL,RENAISSANCE GLOBAL LTD,1315.391976808,2026-08-06T21:54:25,NSE_EQ,EQUITY
12000,FAZE3Q,FAZE THREE LIMITED,1312.08604332,2026-08-06T21:54:25,NSE_EQ,EQUITY
22846,GPTHEALTH,GPT HEALTHCARE LIMITED,1308.282117944916,2026-08-09T04:07:49,NSE_EQ,EQUITY
25252,KROSS,KROSS LIMITED,1307.92853105,2026-08-09T04:07:49,NSE_EQ,EQUITY
27334,SURAKSHA,SURAKSHA DIAGNOSTIC LTD,1305.92500685,2026-08-06T21:54:25,NSE_EQ,EQUITY
17722,DEN,DEN NETWORKS LTD,1304.431540704,2026-08-06T21:54:25,NSE_EQ,EQUITY
18755,KALAMANDIR,SAI SILKS (KALAMANDIR) L,1299.332009006,2026-08-06T21:54:25,NSE_EQ,EQUITY
11471,EXCELINDUS,EXCEL INDUSTRIES LTD,1294.21559486,2026-08-06T21:54:25,NSE_EQ,EQUITY
11359,DHANBANK,DHANLAXMI BANK LIMITED,1292.2440381740005,2026-08-06T21:54:25,NSE_EQ,EQUITY
10768,OAL,ORIENTAL AROMATICS LTD,1282.03297772,2026-08-06T21:54:25,NSE_EQ,EQUITY
17486,EXPLEOSOL,EXPLEO SOLUTIONS LIMITED,1274.248170595,2026-08-06T21:54:25,NSE_EQ,EQUITY
6286,GULPOLY,GULSHAN POLYOLS LIMITED,1273.951777125,2026-08-09T04:07:49,NSE_EQ,EQUITY
22930,PLATIND,PLATINUM INDUSTRIES LTD,1273.2283482,2026-08-09T04:07:49,NSE_EQ,EQUITY
15308,SEPC,SEPC LIMITED,1272.365757714,2026-08-06T21:54:25,NSE_EQ,EQUITY
25941,GODAVARIB,GODAVARI BIOREFINERIES L,1263.790736397331,2026-08-09T04:07:49,NSE_EQ,EQUITY
13290,BLKASHYAP,B.L.KASHYAP & SON LTD,1262.025037576,2026-08-06T21:54:25,NSE_EQ,EQUITY
13091,EKC,EVEREST KANTO CYLINDERLTD,1252.79876953,2026-08-06T21:54:25,NSE_EQ,EQUITY
4732,SKMEGGPROD,SKM EGG PROD EXPORT(I) LT,1239.0473935,2026-08-09T04:07:49,NSE_EQ,EQUITY
11992,SYNCOMF,SYNCOM FORMU (I) LTD,1238.92,2026-08-06T21:54:25,NSE_EQ,EQUITY
24014,BOROSCI,BOROSIL SCIENTIFIC LTD,1235.6524186,2026-08-06T21:54:25,NSE_EQ,EQUITY
11798,ALLDIGI,ALLDIGI TECH LIMITED,1232.47580688,2026-08-06T21:54:25,NSE_EQ,EQUITY
13885,ARIHANT,ARIHANT FOUN & HOU LTD,1227.89666088,2026-08-06T21:54:25,NSE_EQ,EQUITY
7413,MANAKCOAT,MAN COAT METAL & IND LTD,1221.0665293294903,2026-08-09T04:07:49,NSE_EQ,EQUITY
2716,BUTTERFLY,BTRFLY GANDHI APPL LTD,1218.938389425,2026-08-09T04:07:49,NSE_EQ,EQUITY
11596,LINCOLN,LINCOLN PHARMA LTD,1214.20211136,2026-08-06T21:54:25,NSE_EQ,EQUITY
23402,SRM,SRM CONTRACTORS LIMITED,1214.091926745,2026-08-06T21:54:25,NSE_EQ,EQUITY
1797,AWHCL,ANTONY WASTE HDG CELL LTD,1209.20104422,2026-08-06T21:54:25,NSE_EQ,EQUITY
166,ANDHRAPAP,ANDHRA PAPER LIMITED,1206.62298326,2026-08-06T21:54:25,NSE_EQ,EQUITY
13656,ALICON,ALICON CASTALLOY LIMITED,1205.4954236,2026-08-06T21:54:25,NSE_EQ,EQUITY
21406,AVADHSUGAR,AVADH SUG & ENERGY LTD,1203.2071096634522,2026-08-09T04:07:49,NSE_EQ,EQUITY
19597,IRMENERGY,IRM ENERGY LIMITED,1203.0485361,2026-08-06T21:54:25,NSE_EQ,EQUITY
20790,SUMEETINDS,SUMEET IND LIMITED,1200.5278697206895,2026-08-09T04:07:49,NSE_EQ,EQUITY
24961,ORIENTTECH,ORIENT TECHNOLOGIES LTD,1189.12157936,2026-08-06T21:54:25,NSE_EQ,EQUITY
12124,DOLATALGO,DOLAT ALGOTECH LIMITED,1185.184,2026-08-06T21:54:25,NSE_EQ,EQUITY
136,ANDHRSUGAR,ANDHRA SUGARS LTD,1180.7843176800002,2026-08-06T21:54:25,NSE_EQ,EQUITY
21623,APEX,APEX FROZEN FOODS LIMITED,1177.34375,2026-08-09T04:07:49,NSE_EQ,EQUITY
2454,CENTRUM,CENTRUM CAPITAL LIMITED,1169.6608889,2026-08-06T21:54:25,NSE_EQ,EQUITY
1455,BIRLANU,BIRLANU LIMITED,1160.3181291300002,2026-08-06T21:54:25,NSE_EQ,EQUITY
20110,GREENPOWER,ORIENT GREEN POWER CO LTD,1151.9170631599145,2026-08-09T04:07:49,NSE_EQ,EQUITY
20159,ARIHANTSUP,ARIHANT SUPERSTRUCT LTD,1148.28726105,2026-08-09T04:07:49,NSE_EQ,EQUITY
16696,GHCLTEXTIL,GHCL TEXTILES LIMITED,1147.029432,2026-08-06T21:54:25,NSE_EQ,EQUITY
11892,VHL,VARDHMAN HOLDINGS LIMITED,1142.2507344,2026-08-06T21:54:25,NSE_EQ,EQUITY
13796,MANALIPETC,MANALI PETROCHEMICALS LT,1127.2829468660002,2026-08-06T21:54:25,NSE_EQ,EQUITY
31507,JPOLYINVST,JIND POL INV & FIN CO LTD,1120.7818186522218,2026-08-09T04:07:49,NSE_EQ,EQUITY
14440,NAHARSPING,NAHAR SPINNING MILLS LTD.,1117.30308694,2026-08-06T21:54:25,NSE_EQ,EQUITY
6863,BAJAJHCARE,BAJAJ HEALTHCARE LIMITED,1110.1945186878845,2026-08-09T04:07:49,NSE_EQ,EQUITY
11743,JINDALPHOT,JINDAL PHOTO LIMITED,1095.2384837599998,2026-08-06T21:54:25,NSE_EQ,EQUITY
14008,AVTNPL,AVT NATURAL PRODUCTS LTD,1090.201156,2026-08-06T21:54:25,NSE_EQ,EQUITY
11399,SALZERELEC,SALZER ELECTRONICS LTD,1089.2565992,2026-08-06T21:54:25,NSE_EQ,EQUITY
14761,NELCAST,NELCAST LIMITED,1087.0560036,2026-08-06T21:54:25,NSE_EQ,EQUITY
5501,YUKEN,YUKEN INDIA LIMITED,1086.787903417969,2026-08-09T04:07:49,NSE_EQ,EQUITY
14116,GANDHITUBE,GANDHI SPL. TUBES LTD,1085.35588,2026-08-06T21:54:25,NSE_EQ,EQUITY
3099,SHREDIGCEM,SHREE DIGVIJAY CEM CO LTD,1072.9701861539563,2026-08-09T04:07:49,NSE_EQ,EQUITY
19867,AMNPLST,AMINES & PLASTICIZERS LTD,1071.2393832092284,2026-08-09T04:07:49,NSE_EQ,EQUITY
13900,CREST,CREST VENTURES LIMITED,1071.02810475,2026-08-06T21:54:25,NSE_EQ,EQUITY
6543,GRPLTD,GRP LIMITED,1068.5330662,2026-08-09T04:07:49,NSE_EQ,EQUITY
17053,HMAAGRO,HMA AGRO INDUSTRIES LTD,1047.61035884,2026-08-06T21:54:25,NSE_EQ,EQUITY
14485,THEMISMED,THEMIS MEDICARE LTD.,1047.541443804,2026-08-06T21:54:25,NSE_EQ,EQUITY
15234,AMBIKCO,AMBIKA COTTON MILL LTD.,1045.385,2026-08-06T21:54:25,NSE_EQ,EQUITY
21484,STEL,STEL HOLDINGS LIMITED,1041.06939605,2026-08-06T21:54:25,NSE_EQ,EQUITY
13511,MUNJALAU,MUNJAL AUTO IND. LTD.,1036.6,2026-08-06T21:54:25,NSE_EQ,EQUITY
5938,MONTECARLO,MONTE CARLO FASHIONS LTD.,1035.9812633876952,2026-08-09T04:07:49,NSE_EQ,EQUITY
11909,SWELECTES,SWELECT ENERGY SYS LTD,1030.51866654,2026-08-06T21:54:25,NSE_EQ,EQUITY
21362,SALASAR,SALASAR TECHNO ENGG. LTD.,1027.7947905237036,2026-08-09T04:07:49,NSE_EQ,EQUITY
13288,AFSL,ABANS FINANCIAL SRVCS LTD,1023.150149875,2026-08-06T21:54:25,NSE_EQ,EQUITY
19876,LGHL,LAXMI GOLDORNA HOUSE LTD,1015.9773386088868,2026-08-09T04:07:49,NSE_EQ,EQUITY
24851,SUYOG,SUYOG TELEMATICS LIMITED,1010.6601856,2026-08-06T21:54:25,NSE_EQ,EQUITY
1360,HIMATSEIDE,HIMATSINGKA SEIDE LTD,1000.028424417,2026-08-06T21:54:25,NSE_EQ,EQUITY
21726,MATRIMONY,MATRIMONY.COM LIMITED,993.9767102039244,2026-08-09T04:07:49,NSE_EQ,EQUITY
1923,WEALTH,WEALTH FRST PORT. MG. LTD,986.599725,2026-08-06T21:54:25,NSE_EQ,EQUITY
18220,KECL,KIRLOSKAR ELECTRIC CO LTD,985.5183995689998,2026-08-06T21:54:25,NSE_EQ,EQUITY
20063,HEALTHX,HEALTH X PLATFORM LIMITED,975.4689630844116,2026-08-09T04:07:49,NSE_EQ,EQUITY
17357,GKWLIMITED,GKW LIMITED,972.360505,2026-08-06T21:54:25,NSE_EQ,EQUITY
13376,UTTAMSUGAR,UTTAM SUGAR MILLS LTD.,971.83557384,2026-08-06T21:54:25,NSE_EQ,EQUITY
20822,SURAJEST,SURAJ ESTATE DEVELOPERS L,966.6377162073868,2026-08-09T04:07:49,NSE_EQ,EQUITY
11864,PRIMESECU,PRIME SECURITIES LIMITED,962.88702025,2026-08-06T21:54:25,NSE_EQ,EQUITY
22428,MAXIND,MAX INDIA LIMITED,961.511627538977,2026-08-09T04:07:49,NSE_EQ,EQUITY
14063,WANBURY,WANBURY LIMITED,958.21299015,2026-08-06T21:54:25,NSE_EQ,EQUITY
10905,GENESYS,GENESYS INTL CORPN LTD,956.9996333,2026-08-06T21:54:25,NSE_EQ,EQUITY
11265,TVSELECT,TVS ELECTRONICS LTD,956.341602975,2026-08-06T21:54:25,NSE_EQ,EQUITY
15214,DVL,DHUNSERI VENTURES LIMITED,956.2108089539998,2026-08-06T21:54:25,NSE_EQ,EQUITY
29050,ZUARI,ZUARI AGRO CHEMICALS LTD,953.412938014,2026-08-06T21:54:25,NSE_EQ,EQUITY
15377,PDMJEPAPER,PUDUMJEE PAPER PRO. LTD,932.2191,2026-08-06T21:54:25,NSE_EQ,EQUITY
2275,IRISDOREME,IRIS CLOTHINGS LIMITED,930.5387045850376,2026-08-09T04:07:49,NSE_EQ,EQUITY
25403,WCIL,WESTERN CARRIERS (IND) L,916.373454444,2026-08-06T21:54:25,NSE_EQ,EQUITY
3509,TNPETRO,TAMILNADU PETROPRODUCTS L,908.981790839154,2026-08-09T04:07:49,NSE_EQ,EQUITY
11634,SALSTEEL,S.A.L. STEEL LTD.,908.7005759,2026-08-06T21:54:25,NSE_EQ,EQUITY
21578,COMSYN,COMMERCIAL SYN BAGS LTD,906.946240986328,2026-08-09T04:07:49,NSE_EQ,EQUITY
15002,SUPREMEINF,SUPREME INFRA. LTD.,904.338099,2026-08-06T21:54:25,NSE_EQ,EQUITY
27008,HEXATRADEX,HEXA TRADEX LIMITED,902.2565461904296,2026-08-09T04:07:49,NSE_EQ,EQUITY
16827,KOKUYOCMLN,KOKUYO CAMLIN LIMITED,902.23273497,2026-08-06T21:54:25,NSE_EQ,EQUITY
17477,CONTROLPR,CONTROL PRINT LIMITED,899.1146275799999,2026-08-06T21:54:25,NSE_EQ,EQUITY
13001,DHARMAJ,DHARMAJ CROP GUARD LTD,895.12138456,2026-08-06T21:54:25,NSE_EQ,EQUITY
29256,DENTA,DENTA WATER N INFRA SOL L,891.3795162963867,2026-08-09T04:07:49,NSE_EQ,EQUITY
20314,NRAIL,N R AGARWAL INDS LTD,887.8013515,2026-08-06T21:54:25,NSE_EQ,EQUITY
14582,SRHHYPOLTD,SREE RAYALSEEMA HHP LTD.,879.954548565,2026-08-06T21:54:25,NSE_EQ,EQUITY
11427,NDTV,NDTV LTD,873.0376601459999,2026-08-06T21:54:25,NSE_EQ,EQUITY
2988,SANDESH,SANDESH LTD,858.7129283849365,2026-08-09T04:07:49,NSE_EQ,EQUITY
10159,ORICONENT,ORICON ENTERPRISES LTD,857.410036776,2026-08-06T21:54:25,NSE_EQ,EQUITY
19691,JITFINFRA,JITF INFRALOGISTICS LTD,857.0901079465942,2026-08-09T04:07:49,NSE_EQ,EQUITY
13182,ROHLTD,ROYAL ORCHID HOTELS LTD,857.03796875,2026-08-06T21:54:25,NSE_EQ,EQUITY
24226,STANLEY,STANLEY LIFESTYLES LTD,856.3708349530426,2026-08-09T04:07:49,NSE_EQ,EQUITY
24231,OMINFRAL,OM INFRA LIMITED,841.2137569202049,2026-08-09T04:07:49,NSE_EQ,EQUITY
16395,MMP,MMP INDUSTRIES LIMITED,838.921294325,2026-08-06T21:54:25,NSE_EQ,EQUITY
23175,KRYSTAL,KRYSTAL INTEGRATED SER L,838.5267333912109,2026-08-10T07:20:30,NSE_EQ,EQUITY
3813,ARIHANTCAP,ARIHANT CAPITAL MKTS LTD,827.2447961804199,2026-08-09T04:07:49,NSE_EQ,EQUITY
10343,RADHIKAJWE,RADHIKA JEWELTECH LIMITED,824.995531872,2026-08-06T21:54:25,NSE_EQ,EQUITY
14043,SARLAPOLY,SARLA PERF. FIBERS LTD,812.123145,2026-08-06T21:54:25,NSE_EQ,EQUITY
19015,MVGJL,MANOJ VAIBHAV GEM N JEW L,809.988266662,2026-08-06T21:54:25,NSE_EQ,EQUITY
14838,DECCANCE,DECCAN CEMENTS LIMITED,809.9836875,2026-08-06T21:54:25,NSE_EQ,EQUITY
10634,ASAL,AUTOMOTIVE STAMPINGS & AS,808.9256030299999,2026-08-06T21:54:25,NSE_EQ,EQUITY
1139,GICHSGFIN,GIC HOUSING FINANCE LTD,805.558096294,2026-08-06T21:54:25,NSE_EQ,EQUITY
14490,NCLIND,NCL INDUSTRIES LIMITED,803.74144551,2026-08-06T21:54:25,NSE_EQ,EQUITY
18110,VASCONEQ,VASCON ENGINEERS LTD,779.4290672623306,2026-08-09T04:07:49,NSE_EQ,EQUITY
15017,MAANALU,MAAN ALUMINIUM LIMITED,772.3651088639999,2026-08-06T21:54:25,NSE_EQ,EQUITY
3018,SAURASHCEM,SAURASHTRA CEMENT LIMITED,767.1032210400001,2026-08-06T21:54:25,NSE_EQ,EQUITY
23142,PVSL,POPULAR VEHICLES N SER L,762.7462756188309,2026-08-10T07:20:30,NSE_EQ,EQUITY
11705,XCHANGING,XCHANGING SOLUTIONS LTD,760.4417654160001,2026-08-06T21:54:25,NSE_EQ,EQUITY
3908,PREMIERPOL,PREMIER POLYFILM LTD,756.6596394,2026-08-06T21:54:25,NSE_EQ,EQUITY
15239,BIRLAMONEY,ADITYA BIRLA MONEY LTD,754.5673609529999,2026-08-06T21:54:25,NSE_EQ,EQUITY
13430,KELLTONTEC,KELLTON TECH SOL LTD,754.06322673,2026-08-06T21:54:25,NSE_EQ,EQUITY
11667,DWARKESH,DWARIKESH SUGAR IND LTD,748.06203439,2026-08-06T21:54:25,NSE_EQ,EQUITY
17778,ATL,ALLCARGO TERMINALS LTD,746.284288911,2026-08-06T21:54:25,NSE_EQ,EQUITY
29678,BAJAJINDEF,INDEF MANUFACTURING LTD,744.2240234375,2026-08-09T04:07:49,NSE_EQ,EQUITY
23590,GLOSTERLTD,GLOSTER LIMITED,743.6492332999999,2026-08-06T21:54:25,NSE_EQ,EQUITY
10893,DBOL,DHAMPUR BIO ORGANICS LTD,729.72704028,2026-08-06T21:54:25,NSE_EQ,EQUITY
10948,STCINDIA,THE STATE TRADING CORPN,724.62,2026-08-06T21:54:25,NSE_EQ,EQUITY
21392,MAGADSUGAR,MAGADH SUGAR & ENERGY LTD,722.6892101466065,2026-08-09T04:07:49,NSE_EQ,EQUITY
15067,BLAL,BEML LAND ASSETS LIMITED,721.9906965,2026-08-06T21:54:25,NSE_EQ,EQUITY
2306,BESTAGRO,BEST AGROLIFE LIMITED,718.5636567177772,2026-08-10T07:20:30,NSE_EQ,EQUITY
13870,KUANTUM,KUANTUM PAPERS LIMITED,703.43212143,2026-08-06T21:54:25,NSE_EQ,EQUITY
22980,MUKKA,MUKKA PROTEINS LIMITED,702.2999954223633,2026-08-09T04:07:49,NSE_EQ,EQUITY
23365,AQYLON,AQYLON NEXUS LIMITED,701.5649887209472,2026-08-10T07:20:30,NSE_EQ,EQUITY
14992,CCCL,CONS. CONST. CONSORT LTD,696.9447435599999,2026-08-06T21:54:25,NSE_EQ,EQUITY
6973,DMCC,DMCC SPECIALITY CHEMICALS,692.4572245228729,2026-08-09T04:07:49,NSE_EQ,EQUITY
11275,TVTODAY,TV TODAY NETWORK LTD,690.067532475,2026-08-06T21:54:25,NSE_EQ,EQUITY
27107,SPECIALITY,SPECIALITY REST LTD,686.9722269939999,2026-08-06T21:54:25,NSE_EQ,EQUITY
12072,SCPL,SHEETAL COOL PRODUCTS LTD,681.03,2026-08-06T21:54:25,NSE_EQ,EQUITY
16921,20MICRONS,20 MICRONS LTD,676.477529842,2026-08-06T21:54:25,NSE_EQ,EQUITY
21195,GTPL,GTPL HATHWAY LIMITED,672.4165144982986,2026-08-09T04:07:49,NSE_EQ,EQUITY
11060,KSOLVES,KSOLVES INDIA LIMITED,671.28732,2026-08-06T21:54:25,NSE_EQ,EQUITY
13421,EMKAY,EMKAY GLOBAL FIN SERV LTD,669.80746372,2026-08-06T21:54:25,NSE_EQ,EQUITY
14813,ADSL,ALLIED DIGITAL SERV. LTD,662.2971749760001,2026-08-06T21:54:25,NSE_EQ,EQUITY
18431,BIGBLOC,BIGBLOC CONSTRUCTION LTD,661.441904,2026-08-06T21:54:25,NSE_EQ,EQUITY
18250,PYRAMID,PYRAMID TECHNOPLAST LTD,658.49090018,2026-08-06T21:54:25,NSE_EQ,EQUITY
4843,SNOWMAN,SNOWMAN LOGISTICS LTD.,654.638305859655,2026-08-09T04:07:49,NSE_EQ,EQUITY
13342,VAKRANGEE,VAKRANGEE LIMITED,649.9150842,2026-08-06T21:54:25,NSE_EQ,EQUITY
11045,SATIA,SATIA INDUSTRIES LIMITED,638.0,2026-08-06T21:54:25,NSE_EQ,EQUITY
19111,NBIFIN,N.B.I. IND. FIN. CO. LTD,637.6861785,2026-08-06T21:54:25,NSE_EQ,EQUITY
18049,MINDTECK,MINDTECK (INDIA) LIMITED,627.932396871,2026-08-06T21:54:25,NSE_EQ,EQUITY
11979,HTMEDIA,HT MEDIA LIMITED,622.4822330220001,2026-08-06T21:54:25,NSE_EQ,EQUITY
1372,HINDCOMPOS,HINDUSTAN COMPOSITES LTD.,620.15031,2026-08-06T21:54:25,NSE_EQ,EQUITY
24025,KRONOX,KRONOX LAB SCIENCES LTD,618.820512,2026-08-06T21:54:25,NSE_EQ,EQUITY
17795,TREL,TRANSINDIA REAL ESTATE L,605.148075612,2026-08-06T21:54:25,NSE_EQ,EQUITY
20874,RBZJEWEL,RBZ JEWELLERS LIMITED,603.6400146484375,2026-08-09T04:07:49,NSE_EQ,EQUITY
4229,ZFSTEERING,Z F STEERING GEAR (I) LTD,597.3406833483887,2026-08-09T04:07:49,NSE_EQ,EQUITY
14445,NAHARPOLY,NAHAR POLY FILMS LIMITED,590.726483775,2026-08-06T21:54:25,NSE_EQ,EQUITY
11566,DCI,DC INFOTECH AND COMUN LTD,575.476,2026-08-06T21:54:25,NSE_EQ,EQUITY
2514,OSWALAGRO,OSWAL AGRO MILLS LTD,572.76636615,2026-08-06T21:54:25,NSE_EQ,EQUITY
17625,MOLDTECH,MOLD-TEK TECHNOLOGIES LTD,572.06964348,2026-08-06T21:54:25,NSE_EQ,EQUITY
1289,GFLLIMITED,GFL LIMITED,570.5609,2026-08-06T21:54:25,NSE_EQ,EQUITY
6141,PANSARI,PANSARI DEVELOPERS LTD,563.09547,2026-08-09T04:07:49,NSE_EQ,EQUITY
20878,MUFTI,CREDO BRANDS MARKETING L,562.5200520536339,2026-08-09T04:07:49,NSE_EQ,EQUITY
22233,DHUNINV,DHUNSERI INVESTMENTS LTD,559.4465673899999,2026-08-06T21:54:25,NSE_EQ,EQUITY
20203,URJA,URJA GLOBAL LIMITED,548.2907125022888,2026-08-09T04:07:49,NSE_EQ,EQUITY
2307,MUNJALSHOW,MUNJAL SHOWA LTD,542.2122442932128,2026-08-10T07:20:30,NSE_EQ,EQUITY
23043,RKSWAMY,R K SWAMY LIMITED,538.4407205043411,2026-08-10T07:20:30,NSE_EQ,EQUITY
13126,REPRO,REPRO INDIA LIMITED,538.09362838,2026-08-06T21:54:25,NSE_EQ,EQUITY
19292,TERASOFT,TERA SOFTWARE LIMITED,530.566059375,2026-08-06T21:54:25,NSE_EQ,EQUITY
14101,PTL,PTL ENTERPRISES LTD,528.713738,2026-08-06T21:54:25,NSE_EQ,EQUITY
13106,NAHARINDUS,NAHAR INDS ENT LTD,523.133174748,2026-08-06T21:54:25,NSE_EQ,EQUITY
19578,UGARSUGAR,THE UGAR SUGAR WORKS LTD,514.4625,2026-08-06T21:54:25,NSE_EQ,EQUITY
13920,PLASTIBLEN,PLASTIBLENDS INDIA LTD,513.2607108,2026-08-06T21:54:25,NSE_EQ,EQUITY
21427,THEINVEST,THE INVEST TRUST OF IND L,512.7051144493881,2026-08-09T04:07:49,NSE_EQ,EQUITY
20698,SCHAND,S CHAND AND COMPANY LTD,512.540213340625,2026-08-09T04:07:49,NSE_EQ,EQUITY
1415,GLOBAL,GLOBAL EDUCATION LIMITED,511.4073705,2026-08-06T21:54:25,NSE_EQ,EQUITY
13192,ENIL,ENTERTAIN NET. IND. LTD.,507.7375901650001,2026-08-06T21:54:25,NSE_EQ,EQUITY
1826,KAMATHOTEL,KAMAT HOTELS (I) LTD,507.234118832,2026-08-06T21:54:25,NSE_EQ,EQUITY
13423,ELIN,ELIN ELECTRONICS LIMITED,507.18317166,2026-08-06T21:54:25,NSE_EQ,EQUITY
24823,MANCREDIT,MANGAL CREDIT N FINCORP L,506.9256821418274,2026-08-09T04:07:49,NSE_EQ,EQUITY
1782,KANPRPLA,KANPUR PLASTIPACK LIMITED,506.787867474,2026-08-06T21:54:25,NSE_EQ,EQUITY
13565,RAMANEWS,SHREE RAMA NEWSPRINT LTD,504.468360792,2026-08-06T21:54:25,NSE_EQ,EQUITY
11804,SUKHJITS,SUKHJIT STARCH & CHEM LTD,503.65328,2026-08-06T21:54:25,NSE_EQ,EQUITY
31837,SREEL,SREELEATHERS LIMITED,498.6894934440001,2026-08-06T21:54:25,NSE_EQ,EQUITY
13111,ORIENTCER,ORIENT CERATECH LIMITED,495.6652056,2026-08-06T21:54:25,NSE_EQ,EQUITY
16658,SIGMA,SIGMA SOLVE LIMITED,487.3589551600001,2026-08-06T21:54:25,NSE_EQ,EQUITY
10350,CSLFINANCE,CSL FINANCE LIMITED,479.073359136,2026-08-06T21:54:25,NSE_EQ,EQUITY
1448,HLVLTD,HLV LIMITED,477.963426775,2026-08-06T21:54:25,NSE_EQ,EQUITY
5606,INTLCONV,INTL CONVEYORS LIMITED,477.3369806427002,2026-08-09T04:07:49,NSE_EQ,EQUITY
14677,GUJAPOLLO,GUJ. APOLLO IND. LTD.,476.7772,2026-08-06T21:54:25,NSE_EQ,EQUITY
11432,KRITINUT,KRITI NUTRIENTS LIMITED,471.42401968,2026-08-06T21:54:25,NSE_EQ,EQUITY
14745,ADVANIHOTR,ADVANI HOT.& RES.(I) LTD,469.3102645,2026-08-06T21:54:25,NSE_EQ,EQUITY
19233,AARTISURF,AARTI SURFACTANTS LIMITED,467.043347175,2026-08-06T21:54:25,NSE_EQ,EQUITY
14003,ZEEMEDIA,ZEE MEDIA CORPORATION LTD,465.3543628,2026-08-06T21:54:25,NSE_EQ,EQUITY
14278,ORIENTBELL,ORIENT BELL LIMITED,464.18907018,2026-08-06T21:54:25,NSE_EQ,EQUITY
15360,NAHARCAP,NAHAR CAP & FIN.,458.4765601259999,2026-08-06T21:54:25,NSE_EQ,EQUITY
18119,SRGHFL,SRG HOUSING FINANCE L,458.2688799,2026-08-06T21:54:25,NSE_EQ,EQUITY
14828,WSI,W.S.INDUSTRIES (I) LTD.,455.903175226,2026-08-06T21:54:25,NSE_EQ,EQUITY
31017,THOMASCOTT,THOMAS SCOTT (INDIA) LTD,455.515299,2026-08-06T21:54:25,NSE_EQ,EQUITY
12153,BBTCL,B&B TRIPLEWALL CONT LTD,455.00083692,2026-08-06T21:54:25,NSE_EQ,EQUITY
17022,MAWANASUG,MAWANA SUGARS LIMITED,453.0906428745117,2026-08-09T04:07:49,NSE_EQ,EQUITY
1994,LIBERTSHOE,LIBERTY SHOES LTD,450.282,2026-08-06T21:54:25,NSE_EQ,EQUITY
16821,VINYLINDIA,VINYL CHEMICALS (I) LTD.,448.122318618,2026-08-06T21:54:25,NSE_EQ,EQUITY
15204,ARIES,ARIES AGRO LTD.,447.414283295,2026-08-06T21:54:25,NSE_EQ,EQUITY
21794,DAVANGERE,DAVANGERE SUGAR COMPANY L,444.7271231767996,2026-08-09T04:07:49,NSE_EQ,EQUITY
15420,ACL,ANDHRA CEMENTS LIMITED,442.33409986,2026-08-06T21:54:25,NSE_EQ,EQUITY
21551,HALEOSLABS,HALEOS LABS LIMITED,440.61385476107176,2026-08-09T04:07:49,NSE_EQ,EQUITY
10568,RAMAPHO,RAMA PHOSPHATES LIMITED,440.5610037,2026-08-06T21:54:25,NSE_EQ,EQUITY
14139,SBGLP,SURATWWALA BUS GROUP LTD,439.95750828,2026-08-06T21:54:25,NSE_EQ,EQUITY
13839,DONEAR,DONEAR IND. LIMITED,439.556,2026-08-06T21:54:25,NSE_EQ,EQUITY
10415,MUTHOOTCAP,MUTHOOT CAP SERV LTD,434.116186002,2026-08-06T21:54:25,NSE_EQ,EQUITY
14547,NDLVENTURE,NDL VENTURES LIMITED,432.24259877700007,2026-08-06T21:54:25,NSE_EQ,EQUITY
15649,ATALREAL,ATAL REALTECH LIMITED,429.17661,2026-08-06T21:54:25,NSE_EQ,EQUITY
7518,TREJHARA,TREJHARA SOLUTIONS LTD,428.4582603958191,2026-08-09T04:07:49,NSE_EQ,EQUITY
14511,BANSWRAS,BANSWARA SYNTEX LIMITED,423.724735752,2026-08-06T21:54:25,NSE_EQ,EQUITY
12913,SARVESHWAR,SARVESHWAR FOODS LIMITED,423.679505336,2026-08-06T21:54:25,NSE_EQ,EQUITY
17256,ALBERTDAVD,ALBERT DAVID LIMITED,416.93671991,2026-08-06T21:54:25,NSE_EQ,EQUITY
10276,KAYA,KAYA LIMITED,415.68485833,2026-08-06T21:54:25,NSE_EQ,EQUITY
13580,RADIANTCMS,RADIANT CASH MGMT SER LTD,414.4535069040001,2026-08-06T21:54:25,NSE_EQ,EQUITY
18232,LORDSCHLO,LORDS CHLORO ALKALI LTD,414.420791643,2026-08-06T21:54:25,NSE_EQ,EQUITY
25634,ESSARSHPNG,ESSAR SHIPPING LTD,412.858668636,2026-08-06T21:54:25,NSE_EQ,EQUITY
1313,HARRMALAYA,HARRISON MALAYALAM LTD,410.2082869350001,2026-08-06T21:54:25,NSE_EQ,EQUITY
24321,VRAJ,VRAJ IRON AND STEEL LTD,407.0055358327484,2026-08-09T04:07:49,NSE_EQ,EQUITY
6673,FOODSIN,FOODS & INNS LIMITED,403.8353030719696,2026-08-09T04:07:49,NSE_EQ,EQUITY
12749,DJML,DJ MEDIAPRINT & LOG LTD,398.024220422,2026-08-06T21:54:25,NSE_EQ,EQUITY
16705,GOKUL,GOKUL REFOILS & SOLV LTD,396.37598,2026-08-06T21:54:25,NSE_EQ,EQUITY
23480,SINCLAIR,SINCLAIRS HOTELS LIMITED,394.49695530700683,2026-08-10T07:20:30,NSE_EQ,EQUITY
10922,OMAXAUTO,OMAX AUTOS LTD,392.6312805546631,2026-08-09T04:07:49,NSE_EQ,EQUITY
13753,MANOMAY,MANOMAY TEX INDIA LTD,390.628771605,2026-08-06T21:54:25,NSE_EQ,EQUITY
23512,TARACHAND,TARA CHAND INFRA SOLN LTD,390.10444333049776,2026-08-09T04:07:49,NSE_EQ,EQUITY
20296,SHAH,SHAH METACORP LIMITED,388.0183316656163,2026-08-09T04:07:49,NSE_EQ,EQUITY
18341,VPRPL,VISHNU PRAKASH R PUNGLI L,387.061599327005,2026-08-09T04:07:49,NSE_EQ,EQUITY
1327,HCL-INSYS,HCL INFOSYSTEMS LTD,381.88351648,2026-08-06T21:54:25,NSE_EQ,EQUITY
10859,DREAMFOLKS,DREAMFOLKS SERVICES LTD,376.404844892,2026-08-06T21:54:25,NSE_EQ,EQUITY
15199,MANAKSIA,MANAKSIA LTD.,375.2479703,2026-08-06T21:54:25,NSE_EQ,EQUITY
7325,DCMSRIND,DCM SHRIRAM IND LTD,374.6753381402092,2026-08-09T04:07:49,NSE_EQ,EQUITY
6417,KRITI,KRITI INDUSTRIES IND LTD,371.4540927429199,2026-08-09T04:07:49,NSE_EQ,EQUITY
14900,SAHYADRI,SAHYADRI INDUSTRIES LTD,363.5813545,2026-08-06T21:54:25,NSE_EQ,EQUITY
20196,BEDMUTHA,BEDMUTHA INDUST LTD,362.678320044,2026-08-06T21:54:25,NSE_EQ,EQUITY
206,ASHIMASYN,ASHIMA LTD,348.6296921177525,2026-08-09T04:07:49,NSE_EQ,EQUITY
14687,GOACARBON,GOA CARBON LIMITED,347.739976,2026-08-06T21:54:25,NSE_EQ,EQUITY
20321,SHANKARA,SHANKARA BLDG PRODUCT LTD,345.0194073678772,2026-08-09T04:07:49,NSE_EQ,EQUITY
17197,PAKKA,PAKKA LIMITED,343.92534150000006,2026-08-06T21:54:25,NSE_EQ,EQUITY
15244,KAVDEFENCE,KAVVERI DFS & WIR TEC LTD,343.67027016,2026-08-06T21:54:25,NSE_EQ,EQUITY
2350,NURECA,NURECA LIMITED,338.59879612,2026-08-06T21:54:25,NSE_EQ,EQUITY
31258,NDL,NANDAN DENIM LIMITED,332.97995808,2026-08-06T21:54:25,NSE_EQ,EQUITY
13821,RUCHIRA,RUCHIRA PAPERS LIMITED,331.906078185,2026-08-06T21:54:25,NSE_EQ,EQUITY
13585,ATLANTAA,ATLANTAA LIMITED,328.5265,2026-08-06T21:54:25,NSE_EQ,EQUITY
14917,TAKE,TAKE SOLUTIONS LTD,327.397739176,2026-08-06T21:54:25,NSE_EQ,EQUITY
21314,DYNPRO,DYNEMIC PRODUCTS LIMITED,324.00806426137086,2026-08-09T04:07:49,NSE_EQ,EQUITY
11582,TRACXN,TRACXN TECHNOLOGIES LTD,321.718034301,2026-08-06T21:54:25,NSE_EQ,EQUITY
13771,VGL,VARVEE GLOBAL LIMITED,320.92060658400004,2026-08-06T21:54:25,NSE_EQ,EQUITY
4201,SOMATEX,SOMA TEXTILES & INDUST LT,320.648282526,2026-08-06T21:54:25,NSE_EQ,EQUITY
19525,IITL,INDUSTRIAL INV TRUST LTD,319.79190165000006,2026-08-06T21:54:25,NSE_EQ,EQUITY
6600,GENUSPAPER,GENUS P&B LIMITED,317.80765301228143,2026-08-09T04:07:49,NSE_EQ,EQUITY
2229,MODIRUBBER,MODI RUBBER LTD,315.7110320410584,2026-08-09T04:07:49,NSE_EQ,EQUITY
13557,AVONMORE,AVONMORE CAP&MGT SERV LTD,313.22506251,2026-08-06T21:54:25,NSE_EQ,EQUITY
20906,A2ZINFRA,A2Z INFRA ENGINEERING LTD,308.7113697268952,2026-08-09T04:07:49,NSE_EQ,EQUITY
15157,RHL,ROBUST HOTELS LIMITED,306.979479088,2026-08-06T21:54:25,NSE_EQ,EQUITY
11065,NATHBIOGEN,NATH BIO-GENES (I) LTD,306.161445224,2026-08-06T21:54:25,NSE_EQ,EQUITY
17603,MAHEPC,MAHINDRA EPC IRRIG LTD,302.3897208,2026-08-06T21:54:25,NSE_EQ,EQUITY
20453,APCL,ANJANI PORTLAND CEM LTD,300.0338377031067,2026-08-09T04:07:49,NSE_EQ,EQUITY
6006,COASTCORP,COASTAL CORPORATION LTD,290.2123498538971,2026-08-09T04:07:49,NSE_EQ,EQUITY
20760,RPPINFRA,R.P.P INFRA PROJECTS LTD,286.85453563000004,2026-08-06T21:54:25,NSE_EQ,EQUITY
1030,AARON,AARON INDUSTRIES LIMITED,281.876754446,2026-08-06T21:54:25,NSE_EQ,EQUITY
1565,RVHL,RAVINDER HEIGHTS LIMITED,278.173583856,2026-08-06T21:54:25,NSE_EQ,EQUITY
10661,PONNIERODE,PONNIE SUGARS (ERODE) LTD,277.64291722,2026-08-06T21:54:25,NSE_EQ,EQUITY
18371,NDGL,NAGA DHUNSERI GROUP LTD,275.0,2026-08-06T21:54:25,NSE_EQ,EQUITY
19036,PODDARMENT,PODDAR PIGMENTS LIMITED,272.57089999999994,2026-08-06T21:54:25,NSE_EQ,EQUITY
18644,DIAMINESQ,DIAMINES & CHEMICALS LTD,268.37529944,2026-08-06T21:54:25,NSE_EQ,EQUITY
16192,PAVNAIND,PAVNA INDUSTRIES LIMITED,266.36277,2026-08-06T21:54:25,NSE_EQ,EQUITY
6218,SIKKO,SIKKO INDUSTRIES LIMITED,263.3904091644287,2026-08-09T04:07:49,NSE_EQ,EQUITY
530,BPL,BPL LTD,262.3141290817959,2026-08-09T04:07:49,NSE_EQ,EQUITY
14667,KMSUGAR,K M SUGAR MILLS LTD,261.00448229,2026-08-06T21:54:25,NSE_EQ,EQUITY
1720,JAYSREETEA,JAYSHREE TEA & INDUSTRIES,259.002189872,2026-08-06T21:54:25,NSE_EQ,EQUITY
11140,SUMIT,SUMIT WOODS LIMITED,257.03597953400003,2026-08-06T21:54:25,NSE_EQ,EQUITY
22277,WORTHPERI,WORTH PERIPHERALS LIMITED,256.946070690918,2026-08-09T04:07:49,NSE_EQ,EQUITY
17987,TRF,TRF LIMITED,255.753539292,2026-08-06T21:54:25,NSE_EQ,EQUITY
13251,SAKUMA,SAKUMA EXPORTS LIMITED,255.53813832,2026-08-06T21:54:25,NSE_EQ,EQUITY
11999,FCSSOFT,FCS SOFTWARE SOLN. LTD.,251.3043057,2026-08-06T21:54:25,NSE_EQ,EQUITY
16719,ALMONDZ,ALMONDZ GLOBAL SEC LTD,250.98114986,2026-08-06T21:54:25,NSE_EQ,EQUITY
16807,LOTUSEYE,LOTUS EYE HOSP & INST L,249.22251966,2026-08-06T21:54:25,NSE_EQ,EQUITY
19438,AHLEAST,ASIAN HOTELS (EAST) LTD,246.251042736,2026-08-06T21:54:25,NSE_EQ,EQUITY
16875,SICAGEN,SICAGEN INDIA LIMITED,244.236433648,2026-08-06T21:54:25,NSE_EQ,EQUITY
10700,SURANAT&P,SURANA TELECOM AND POW LT,243.960653511,2026-08-06T21:54:25,NSE_EQ,EQUITY
17999,UNITEDTEA,UNITED NILGIRI TEA LTD,241.48403478000003,2026-08-06T21:54:25,NSE_EQ,EQUITY
19877,RADIOCITY,MUSIC BROADCAST LIMITED,240.67075309932088,2026-08-09T04:07:49,NSE_EQ,EQUITY
17922,GEEKAYWIRE,GEEKAY WIRES LIMITED,235.37904,2026-08-06T21:54:25,NSE_EQ,EQUITY
381,SINTERCOM,SINTERCOM INDIA LIMITED,233.79380073900003,2026-08-06T21:54:25,NSE_EQ,EQUITY
19073,AARVI,AARVI ENCON LIMITED,230.8543809,2026-08-06T21:54:25,NSE_EQ,EQUITY
13735,GLOBALVECT,GLOBAL VEC HELICORP LTD,229.306,2026-08-06T21:54:25,NSE_EQ,EQUITY
2188,GENCON,GENERIC ENG CONS PROJ LTD,224.9246133493256,2026-08-09T04:07:49,NSE_EQ,EQUITY
15716,PIGL,POWER INSTRUMENT (G) LTD,223.7764419,2026-08-06T21:54:25,NSE_EQ,EQUITY
15156,KALYANIFRG,KALYANI FORGE LIMITED,220.59013,2026-08-06T21:54:25,NSE_EQ,EQUITY
13689,AERONEU,AEROFLEX NEU LIMITED,220.401024,2026-08-06T21:54:25,NSE_EQ,EQUITY
10321,PKTEA,THE P K TEA PROD CO LTD,219.730012025,2026-08-06T21:54:25,NSE_EQ,EQUITY
25157,RVTH,REVATHI EQUIPMENT INDIA L,218.94906077,2026-08-06T21:54:25,NSE_EQ,EQUITY
11647,KOTARISUG,KOTHARI SUG & CHEM LTD.,216.090530667,2026-08-06T21:54:25,NSE_EQ,EQUITY
3821,ZODIACLOTH,ZODIAC CLOTHING CO. LTD.,213.15746341139908,2026-08-09T04:07:49,NSE_EQ,EQUITY
20086,CPCAP,CP CAPITAL LIMITED,211.3450516794937,2026-08-09T04:07:49,NSE_EQ,EQUITY
6385,CCHHL,COUNTRY CLUB HOSP HOL LTD,207.4367418557468,2026-08-09T04:07:49,NSE_EQ,EQUITY
22730,VSTL,VIBHOR STEEL TUBES LTD,202.91710659381485,2026-08-09T04:07:49,NSE_EQ,EQUITY
10717,TEAMGTY,TEAM INDIA GUARANTY LTD,201.26667462,2026-08-06T21:54:25,NSE_EQ,EQUITY
19372,SPCENET,SPACENET ENTERS IND LTD,199.843072,2026-08-06T21:54:25,NSE_EQ,EQUITY
25756,VIKASECO,VIKAS ECOTECH LIMITED,196.32637119415423,2026-08-09T04:07:49,NSE_EQ,EQUITY
20071,INTENTECH,INTENSE TECHNOLOGIES LTD,194.76862624144132,2026-08-09T04:07:49,NSE_EQ,EQUITY
17270,ASPINWALL,ASPINWALL & CO LTD,189.226024464,2026-08-06T21:54:25,NSE_EQ,EQUITY
17839,GILLANDERS,GILLANDERS ARBUTHNOT LTD,188.98647383,2026-08-06T21:54:25,NSE_EQ,EQUITY
2313,MURUDCERA,MURUDESHWAR CERAMICS LTD,188.2957609096184,2026-08-09T04:07:49,NSE_EQ,EQUITY
23027,LANCORHOL,LANCOR HOLDINGS LIMITED,187.62747856,2026-08-06T21:54:25,NSE_EQ,EQUITY
11511,CENTEXT,CENTURY EXTRUSIONS LTD,181.76,2026-08-06T21:54:25,NSE_EQ,EQUITY
15391,RACE,RACE ECO CHAIN LIMITED,180.1306536,2026-08-06T21:54:25,NSE_EQ,EQUITY
20616,SUPERHOUSE,SUPERHOUSE LIMITED,175.84875,2026-08-09T04:07:49,NSE_EQ,EQUITY
15295,VIRINCHI,VIRINCHI LIMITED,174.583719228,2026-08-06T21:54:25,NSE_EQ,EQUITY
25340,VASWANI,VASWANI IND LTD,172.05482352192382,2026-08-09T04:07:49,NSE_EQ,EQUITY
2241,MODTHREAD,MODERN THREADS INDIA LTD,167.75537767689514,2026-08-09T04:07:49,NSE_EQ,EQUITY
16795,ARCHIDPLY,ARCHIDPLY IND. LTD,164.104341268,2026-08-06T21:54:25,NSE_EQ,EQUITY
25503,INDOUS,INDO US BIOTECH LTD,163.72458305969238,2026-08-09T04:07:49,NSE_EQ,EQUITY
11374,TIPSFILMS,TIPS FILMS LIMITED,162.90795891000002,2026-08-06T21:54:25,NSE_EQ,EQUITY
14314,TTL,T T LIMITED,162.21927283200003,2026-08-06T21:54:25,NSE_EQ,EQUITY
2598,AMJLAND,AMJ LAND HOLDINGS LIMITED,161.3760025024414,2026-08-09T04:07:49,NSE_EQ,EQUITY
21957,INDTERRAIN,IND TERRAIN FASHIONS LTD,160.61555725561334,2026-08-09T04:07:49,NSE_EQ,EQUITY
22360,MCL,M TEK COPPER LIMITED,158.26967052749634,2026-08-09T04:07:49,NSE_EQ,EQUITY
13794,BAIDFIN,BAID FINSERV LIMITED,156.43698807,2026-08-06T21:54:25,NSE_EQ,EQUITY
16736,MKPL,M K PROTEINS LIMITED,156.17206742399998,2026-08-06T21:54:25,NSE_EQ,EQUITY
17507,INCREDIBLE,INCREDIBLE INDUSTRIES LTD,154.50743,2026-08-06T21:54:25,NSE_EQ,EQUITY
13236,SADBHAV,SADBHAV ENGINEERING LTD,153.2127244,2026-08-06T21:54:25,NSE_EQ,EQUITY
14924,LAL,LORENZINI APPARELS LTD,152.00816488,2026-08-06T21:54:25,NSE_EQ,EQUITY
13814,KAMOPAINTS,KAMDHENU VENTURES LIMITED,150.02399999999997,2026-08-06T21:54:25,NSE_EQ,EQUITY
21683,BRNL,BHARAT ROAD NETWORK LTD,149.34705768585206,2026-08-09T04:07:49,NSE_EQ,EQUITY
14597,ALPHAGEO,ALPHAGEO (INDIA) LIMITED,148.661862819,2026-08-06T21:54:25,NSE_EQ,EQUITY
14848,ALPA,ALPA LABORATORIES LTD,147.2210782,2026-08-06T21:54:25,NSE_EQ,EQUITY
11796,HPIL,HINDPRAKASH INDUSTRY LTD,147.19965735,2026-08-06T21:54:25,NSE_EQ,EQUITY
10346,DGCONTENT,DIGICONTENT LIMITED,146.158478499,2026-08-06T21:54:25,NSE_EQ,EQUITY
14952,INDOWIND,INDOWIND ENERGY LTD,144.57994128990555,2026-08-09T04:07:49,NSE_EQ,EQUITY
13941,PRAENG,PRAJAY ENG. SYN. LTD.,143.298435759,2026-08-06T21:54:25,NSE_EQ,EQUITY
16933,INDBANK,INDBANK MERCH BANK,143.1640732,2026-08-06T21:54:25,NSE_EQ,EQUITY
20481,WIPL,THE WESTERN INDIA PLY LTD,141.738578,2026-08-06T21:54:25,NSE_EQ,EQUITY
11856,SHAHALLOYS,SHAH ALLOYS LIMITED,141.07727004,2026-08-06T21:54:25,NSE_EQ,EQUITY
4157,KEYFINSERV,KEYNOTE FIN SERV LTD.,138.38659921760558,2026-08-09T04:07:49,NSE_EQ,EQUITY
13441,BALPHARMA,BAL PHARMA LTD.,138.33645680799998,2026-08-06T21:54:25,NSE_EQ,EQUITY
19496,SECMARK,SECMARK CONSULTANCY LTD,138.1066848,2026-08-06T21:54:25,NSE_EQ,EQUITY
4566,RUCHINFRA,RUCHI INFRASTRUCTURE LTD,137.36652029563666,2026-08-09T04:07:49,NSE_EQ,EQUITY
1204,PRAXIS,PRAXIS HOME RETAIL LTD,134.34222783,2026-08-06T21:54:25,NSE_EQ,EQUITY
11309,BALAXI,BALAXI PHARMA LTD,133.60215,2026-08-06T21:54:25,NSE_EQ,EQUITY
14957,MAGNUM,MAGNUM VENTURES LTD.,133.47047946700002,2026-08-06T21:54:25,NSE_EQ,EQUITY
14150,BTML,BODHI TREE MULTIMEDIA LTD,130.82239944,2026-08-06T21:54:25,NSE_EQ,EQUITY
4422,INDIANCARD,INDIAN CARD CLOTHING CO.,130.7937568,2026-08-06T21:54:25,NSE_EQ,EQUITY
21077,SURANASOL,SURANA SOLAR LIMITED,130.74193469833375,2026-08-09T04:07:49,NSE_EQ,EQUITY
18479,ISFT,INTRASOFT TECH. LTD,128.29134747,2026-08-06T21:54:25,NSE_EQ,EQUITY
10406,STEELCITY,STEEL CITY SECURITIES LTD,127.881559175,2026-08-06T21:54:25,NSE_EQ,EQUITY
14871,USK,UDAYSHIVAKUMAR INFRA LTD,126.76785518,2026-08-06T21:54:25,NSE_EQ,EQUITY
5239,MAHAPEXLTD,MAHA RASHTRA APEX COPR. L,125.07967190635377,2026-08-09T04:07:49,NSE_EQ,EQUITY
18214,TEXMOPIPES,TEXMO PIPE & PRODUCTS LTD,125.042185,2026-08-06T21:54:25,NSE_EQ,EQUITY
17351,SALONA,SALONA COTSPIN LTD.,124.2821008,2026-08-06T21:54:25,NSE_EQ,EQUITY
14771,TARMAT,TARMAT LIMITED,124.01793374,2026-08-06T21:54:25,NSE_EQ,EQUITY
14599,GSLSU,GLOBAL SURFACES LIMITED,123.797290378,2026-08-06T21:54:25,NSE_EQ,EQUITY
3748,WEIZMANIND,WEIZMANN LTD,121.56476137349549,2026-08-09T04:07:49,NSE_EQ,EQUITY
16657,ANIKINDS,ANIK INDUSTRIES LTD,119.589771174,2026-08-06T21:54:25,NSE_EQ,EQUITY
12533,AAATECH,AAA TECHNOLOGIES LIMITED,119.4431616,2026-08-06T21:54:25,NSE_EQ,EQUITY
21399,GANGESSECU,GANGES SECURITIES LIMITED,118.0435066,2026-08-09T04:07:49,NSE_EQ,EQUITY
1937,KREBSBIO,KREBS BIOCHEMICALS & IND,117.52675428599998,2026-08-06T21:54:25,NSE_EQ,EQUITY
4176,ZENITHEXPO,ZENITH EXPORTS LTD,116.83420578575134,2026-08-09T04:07:49,NSE_EQ,EQUITY
1162,GTL,GTL LTD,116.085024378,2026-08-06T21:54:25,NSE_EQ,EQUITY
13702,VISHWARAJ,VISHWARAJ SUGAR IND LTD,115.448681,2026-08-06T21:54:25,NSE_EQ,EQUITY
4920,HINDCON,HINDCON CHEMICALS LIMITED,115.17890625,2026-08-09T04:07:49,NSE_EQ,EQUITY
4064,CUBEXTUB,CUBEX TUBINGS LTD,114.65203238801956,2026-08-09T04:07:49,NSE_EQ,EQUITY
10865,GVPTECH,GVP INFOTECH LIMITED,113.76635682,2026-08-06T21:54:25,NSE_EQ,EQUITY
17376,LANDSMILL,LANDSMILL GREEN LIMITED,112.8556044,2026-08-06T21:54:25,NSE_EQ,EQUITY
22423,TOTAL,TOTAL TRANSPORT SYS LTD,112.24373657921906,2026-08-09T04:07:49,NSE_EQ,EQUITY
17794,SOMICONVEY,SOMI CONVEYOR BELT. LTD.,111.160942256,2026-08-06T21:54:25,NSE_EQ,EQUITY
11852,SURYALAXMI,SURYALAKSHMI COT MIL LTD,110.66913165,2026-08-06T21:54:25,NSE_EQ,EQUITY
11297,SIL,STANDARD INDUSTRIES LTD.,109.487857582,2026-08-06T21:54:25,NSE_EQ,EQUITY
17933,BEARDSELL,BEARDSELL LIMITED,107.623573,2026-08-06T21:54:25,NSE_EQ,EQUITY
22415,LOVABLE,LOVABLE LINGERIE LTD,107.37400451660156,2026-08-09T04:07:49,NSE_EQ,EQUITY
7211,JETFREIGHT,JET FREIGHT LOGISTICS LTD,106.96071857967225,2026-08-09T04:07:49,NSE_EQ,EQUITY
11627,NARMADA,NARMADA AGROBASE LIMITED,105.08382523,2026-08-06T21:54:25,NSE_EQ,EQUITY
17770,GROBTEA,THE GROB TEA COMPANY LTD,104.5399602,2026-08-06T21:54:25,NSE_EQ,EQUITY
16589,VAISHALI,VAISHALI PHARMA LIMITED,104.10877974,2026-08-06T21:54:25,NSE_EQ,EQUITY
31138,COMPUSOFT,COMPUCOM SOFTWARE LTD,103.97049974854774,2026-08-09T04:07:49,NSE_EQ,EQUITY
10590,LOYALTEX,LOYAL TEXTILE MILLS LTD,103.327216038,2026-08-06T21:54:25,NSE_EQ,EQUITY
28952,DUCON,DUCON INFRATECHNOLOGIES L,102.67648828085868,2026-08-09T04:07:49,NSE_EQ,EQUITY
2809,RAJSREESUG,RAJSHREE SUGAR & CHEMICAL,101.0635983,2026-08-06T21:54:25,NSE_EQ,EQUITY
14305,OSWALSEEDS,SHREEOSWAL S AND CHE LTD,95.86056,2026-08-06T21:54:25,NSE_EQ,EQUITY
6843,SMLT,SARTHAK METALS LIMITED,95.00686708889008,2026-08-09T04:07:49,NSE_EQ,EQUITY
11226,BAGFILMS,B.A.G FILMS AND MEDIA LTD,94.79436915,2026-08-06T21:54:25,NSE_EQ,EQUITY
15073,BVCL,BARAK VALLEY CEM. LTD.,94.24648,2026-08-06T21:54:25,NSE_EQ,EQUITY
11935,SPLIL,SPL INDUSTRIES LIMITED,93.34565322,2026-08-06T21:54:25,NSE_EQ,EQUITY
11787,GOYALALUM,GOYAL ALUMINIUMS LIMITED,92.63357422,2026-08-06T21:54:25,NSE_EQ,EQUITY
2168,RAJMET,RAJNANDINI METAL LIMITED,92.34432,2026-08-06T21:54:25,NSE_EQ,EQUITY
393,GLOBE,GLOBE ENTERPRISE (I) LTD,91.435013964,2026-08-06T21:54:25,NSE_EQ,EQUITY
235,AAKASH,AAKASH EXPLORATION SER L,91.22625231742859,2026-08-10T07:20:30,NSE_EQ,EQUITY
14398,AMDIND,AMD INDUSTRIES LIMITED,88.914548611,2026-08-06T21:54:25,NSE_EQ,EQUITY
4130,REGENCERAM,REGENCY CERAMICS LTD.,88.5793131,2026-08-06T21:54:25,NSE_EQ,EQUITY
21383,PALASHSECU,PALASH SECURITIES LTD,87.12701842,2026-08-06T21:54:25,NSE_EQ,EQUITY
16863,LPDC,LANDMARK PR.DEV.CO.LTD,86.11990872,2026-08-06T21:54:25,NSE_EQ,EQUITY
14562,ZENITHSTL,ZENITH STEEL PIP IND LTD,80.38845312000001,2026-08-06T21:54:25,NSE_EQ,EQUITY
19322,HISARMETAL,HISAR METAL IND. LIMITED,80.055,2026-08-06T21:54:25,NSE_EQ,EQUITY
15049,ENERGYDEV,ENERGY DEVE. CO.LTD,79.7525,2026-08-06T21:54:25,NSE_EQ,EQUITY
3912,KHAITANLTD,KHAITAN (INDIA)LTD.,78.44682559007263,2026-08-09T04:07:49,NSE_EQ,EQUITY
13463,PIONEEREMB,PIONEER EMBROIDERIES LTD,74.88152406,2026-08-06T21:54:25,NSE_EQ,EQUITY
16908,TOUCHWOOD,TOUCHWOOD ENTERTAIN LTD.,74.34407941399999,2026-08-06T21:54:25,NSE_EQ,EQUITY
15404,ATAM,ATAM VALVES LIMITED,74.062443,2026-08-06T21:54:25,NSE_EQ,EQUITY
14218,CTE,CAMBRIDGE TECH ENTER LTD,73.095177487,2026-08-06T21:54:25,NSE_EQ,EQUITY
30189,CURAA,CURA TECHNOLOGIES LIMITED,72.19079818725587,2026-08-09T04:07:49,NSE_EQ,EQUITY
14702,NAGREEKEXP,NAGREEKA EXPORTS LTD.,71.27953925,2026-08-06T21:54:25,NSE_EQ,EQUITY
19599,PRAKASHSTL,PRAKASH STEELAGE LTD,69.47515483000001,2026-08-06T21:54:25,NSE_EQ,EQUITY
13720,JHS,JHS SVEND. LAB. LTD,68.17649826,2026-08-06T21:54:25,NSE_EQ,EQUITY
3403,AJOONI,AJOONI BIOTECH LIMITED,67.347246818,2026-08-06T21:54:25,NSE_EQ,EQUITY
359,ROML,RAJ OIL MILLS LIMITED,67.16429506238251,2026-08-09T04:07:49,NSE_EQ,EQUITY
21247,DIGIDRIVE,DIGIDRIVE DISTRIBUTORS L,66.666808194,2026-08-06T21:54:25,NSE_EQ,EQUITY
1214,DELTAMAGNT,DELTA MANUFACTURING LTD,63.41394527999999,2026-08-06T21:54:25,NSE_EQ,EQUITY
14319,TFL,TRANSWARRANTY FIN. LTD.,63.32850690600001,2026-08-06T21:54:25,NSE_EQ,EQUITY
1547,RKEC,RKEC PROJECTS LIMITED,62.8073908,2026-08-06T21:54:25,NSE_EQ,EQUITY
13592,HGM,HANDSON GBL MNGMNT LTD,61.84131252,2026-08-06T21:54:25,NSE_EQ,EQUITY
11058,SECURKLOUD,SECUREKLOUD TECH LIMITED,61.74279804,2026-08-06T21:54:25,NSE_EQ,EQUITY
13352,MALUPAPER,MALU PAPER MILLS LIMITED,58.976454375,2026-08-06T21:54:25,NSE_EQ,EQUITY
18931,SUNDARAM,SUNDARAM MULTI PAP LTD,58.286966079,2026-08-06T21:54:25,NSE_EQ,EQUITY
10181,BALKRISHNA,BALKRISHNA PAPER MILLS L,55.965327084,2026-08-06T21:54:25,NSE_EQ,EQUITY
2998,SUVIDHAA,SUVIDHAA INFOSERVE LTD,55.109618536707856,2026-08-09T04:07:49,NSE_EQ,EQUITY
14403,RAJTV,RAJ TV NETWORK LTD,51.65377727999999,2026-08-06T21:54:25,NSE_EQ,EQUITY
12490,VINNY,VINNY OVERSEAS LIMITED,49.781388554,2026-08-06T21:54:25,NSE_EQ,EQUITY
2004,AHLADA,AHLADA ENGINEERS LIMITED,49.35822098579407,2026-08-09T04:07:49,NSE_EQ,EQUITY
16986,COUNCODOS,COUNTRY CONDO S LIMITED,48.2655206,2026-08-06T21:54:25,NSE_EQ,EQUITY
7529,LCCINFOTEC,LCC INFOTECH LTD,47.85228593781352,2026-08-09T04:07:49,NSE_EQ,EQUITY
21095,SHEKHAWATI,SHEKHAWATI INDUSTRIES LTD,47.223899342536924,2026-08-09T04:07:49,NSE_EQ,EQUITY
20950,RKDL,RAVI KUMAR DIST. LTD.,46.72799835205078,2026-08-09T04:07:49,NSE_EQ,EQUITY
14890,AKI,AKI INDIA LIMITED,46.4426802,2026-08-06T21:54:25,NSE_EQ,EQUITY
16996,TPHQ,TEAMO PRODUCTIONS HQ LTD,46.0412232,2026-08-06T21:54:25,NSE_EQ,EQUITY
4,21STCENMGM,21ST CENTURY MGMT SERVICE,45.465,2026-08-06T21:54:25,NSE_EQ,EQUITY
1110,DANGEE,DANGEE DUMS LIMITED,45.422625,2026-08-06T21:54:25,NSE_EQ,EQUITY
13162,CELEBRITY,CELEBRITY FASHIONS LTD,45.054745508,2026-08-06T21:54:25,NSE_EQ,EQUITY
13510,AKASH,AKASH INFRA-PROJECTS LTD,44.60140243,2026-08-06T21:54:25,NSE_EQ,EQUITY
11817,MANGALAM,MANGALAM DRUG & CHEM LTD,42.752097848000005,2026-08-06T21:54:25,NSE_EQ,EQUITY
11496,AMBICAAGAR,AMBICA AGAR & AROMAINDLTD,42.6514842,2026-08-06T21:54:25,NSE_EQ,EQUITY
15303,BANG,BANG OVERSEAS LTD.,40.89696,2026-08-06T21:54:25,NSE_EQ,EQUITY
18562,MITTAL,MITTAL LIFE STYLE LIMITED,40.394970525,2026-08-06T21:54:25,NSE_EQ,EQUITY
21713,LASA,LASA SUPERGENERICS LTD,40.030888814273645,2026-08-09T04:07:49,NSE_EQ,EQUITY
14557,AROGRANITE,ARO GRANITE IND. LTD.,39.8565,2026-08-06T21:54:25,NSE_EQ,EQUITY
14346,ORIENTALTL,ORIENTAL TRIMEX LTD,37.856241475,2026-08-06T21:54:25,NSE_EQ,EQUITY
16943,ASHOKAMET,ASHOKA METCAST LIMITED,35.269356,2026-08-06T21:54:25,NSE_EQ,EQUITY
15347,GSS,GSS INFOTECH LIMITED,34.942465422,2026-08-06T21:54:25,NSE_EQ,EQUITY
15151,MADHAV,MADHAV MARBLE & GRANITE,31.976578,2026-08-06T21:54:25,NSE_EQ,EQUITY
1995,SECL,SALASAR EXTERIOR CONT LTD,30.8845053,2026-08-09T04:07:49,NSE_EQ,EQUITY
14459,LEXUS,LEXUS GRANITO (INDIA) LTD,29.862080796,2026-08-06T21:54:25,NSE_EQ,EQUITY
14942,NAGREEKCAP,NAGREEKA CAP & INFR.LTD,28.5358086,2026-08-06T21:54:25,NSE_EQ,EQUITY
2176,AKG,AKG EXIM LIMITED,27.64562051390991,2026-08-09T04:07:49,NSE_EQ,EQUITY
13693,INFOMEDIA,INFOMEDIA PRESS LIMITED,27.104852880000003,2026-08-06T21:54:25,NSE_EQ,EQUITY
13367,SGL,STL GLOBAL LIMITED,27.004022624,2026-08-06T21:54:25,NSE_EQ,EQUITY
14607,TGBHOTELS,TGB BANQUETS&HOTELS LTD,26.943488,2026-08-06T21:54:25,NSE_EQ,EQUITY
25082,TREEHOUSE,TREE HOUSE EDU LTD,26.486513224,2026-08-06T21:54:25,NSE_EQ,EQUITY
18827,TARAPUR,TARAPUR TRANSFORMERS LTD,26.403014894,2026-08-06T21:54:25,NSE_EQ,EQUITY
11082,LIBAS,LIBAS CONSU PRODUCTS LTD,25.58058718,2026-08-06T21:54:25,NSE_EQ,EQUITY
7457,HAVISHA,SRI HAVISHA HOSP & INFR L,22.4162273856926,2026-08-09T04:07:49,NSE_EQ,EQUITY
24937,MFML,MAHALAXMI FABRIC MILLS LT,20.76263681473732,2026-08-09T04:07:49,NSE_EQ,EQUITY
11779,ACEINTEG,ACE INTEGRATED SOLU. LTD.,19.38,2026-08-06T21:54:25,NSE_EQ,EQUITY
10932,RADAAN,RADAAN MEDIAWORKS (I) LTD,16.46510816,2026-08-06T21:54:25,NSE_EQ,EQUITY
19097,SILLYMONKS,SILLY MONKS ENTERTAIN LTD,16.031741,2026-08-06T21:54:25,NSE_EQ,EQUITY
29877,VIVIDHA,VISAGAR POLYTEX LTD,15.513128302000002,2026-08-06T21:54:25,NSE_EQ,EQUITY
19205,HEADSUP,HEADS UP VENTURES LIMITED,15.501991517999995,2026-08-06T21:54:25,NSE_EQ,EQUITY
11640,BOHRAIND,BOHRA INDUSTRIES LIMITED,15.383945088,2026-08-06T21:54:25,NSE_EQ,EQUITY
19142,UMESLTD,USHA MARTIN EDU & SOL LTD,14.648539228,2026-08-06T21:54:25,NSE_EQ,EQUITY
18840,NIRAJISPAT,NIRAJ ISPAT IND LTD,12.96,2026-08-06T21:54:25,NSE_EQ,EQUITY
181,ARENTERP,RAJDARSHAN INDUSTRIES LTD,12.230386662,2026-08-06T21:54:25,NSE_EQ,EQUITY
1001,94SFL28,SEC RED NCD 9.40% SR. V,,2026-08-06T21:54:25,NSE_EQ,EQUITY
10741,728NTPC30B,TFB 7.28% 2030 SR. 2A,,2026-08-06T21:54:25,NSE_EQ,EQUITY
10744,737NTPC35C,TFB 7.37% 2035 SR. 3A,,2026-08-06T21:54:25,NSE_EQ,EQUITY
10749,753NTPC30E,TFB 7.53% 2030 SR. 2B,,2026-08-06T21:54:25,NSE_EQ,EQUITY
10751,762NTPC35F,TFB 7.62% 2035 SR. 3B,,2026-08-06T21:54:25,NSE_EQ,EQUITY
11356,87SCL27,SEC RE NCD 9.05% SR.VII,,2026-08-06T21:54:25,NSE_EQ,EQUITY
11361,915SCL27,SEC RE NCD 9.55% SR.VII,,2026-08-06T21:54:25,NSE_EQ,EQUITY
11365,865SCL24B,SEC RE NCD 8.70% SR.VIII,,2026-08-06T21:54:25,NSE_EQ,EQUITY
11368,905SC24B,SEC RE NCD 9.15% SR.VIII,,2026-08-06T21:54:25,NSE_EQ,EQUITY
11658,79NHIT35,SEC RE NCD 7.90% STRPP A,,2026-08-06T21:54:25,NSE_EQ,EQUITY
11665,79NHIT40,SEC RE NCD 7.90% STRPP B,,2026-08-06T21:54:25,NSE_EQ,EQUITY
11669,79NHIT47,SEC RE NCD 7.90% STRPP C,,2026-08-06T21:54:25,NSE_EQ,EQUITY
11730,728IRFC30,TAX FREE  7.28% SR. 103,,2026-08-06T21:54:25,NSE_EQ,EQUITY
11748,725IRFC35,TAX FREE  7.25% SR. 104,,2026-08-06T21:54:25,NSE_EQ,EQUITY
11754,753IRFC30,TAX FREE  7.53% SR. 103 A,,2026-08-06T21:54:25,NSE_EQ,EQUITY
11757,750IRFC35,TAX FREE7.50% SR.104 A,,2026-08-06T21:54:25,NSE_EQ,EQUITY
11854,915SCL27A,SEC RE NCD 9.55% SR.VII,,2026-08-06T21:54:25,NSE_EQ,EQUITY
11857,89SCL24A,SEC RE NCD 8.70% SR.VIII,,2026-08-06T21:54:25,NSE_EQ,EQUITY
11861,93SCL24A,SEC RE NCD 9.15% SR.VIII,,2026-08-06T21:54:25,NSE_EQ,EQUITY
11954,735NHAI31,TAX FREE7.35% SR.IIA,,2026-08-06T21:54:25,NSE_EQ,EQUITY
12003,76NHAI31,TAX FREE7.60% SR.IIB,,2026-08-06T21:54:25,NSE_EQ,EQUITY
12465,10CAGL27,SEC RE NCD 10% SR. V,,2026-08-06T21:54:25,NSE_EQ,EQUITY
12471,CAGL27A,SEC RE NCD SR. VI,,2026-08-06T21:54:25,NSE_EQ,EQUITY
12841,11NSETEST,11NSETEST,,2026-08-06T21:54:25,NSE_EQ,EQUITY
12842,G1NSETEST,G1NSETEST,,2026-08-06T21:54:25,NSE_EQ,EQUITY
12848,N1NSETEST,N1NSETEST,,2026-08-06T21:54:25,NSE_EQ,EQUITY
12863,V1NSETEST,V1NSETEST,,2026-08-06T21:54:25,NSE_EQ,EQUITY
13487,894SCL27,SEC RE NCD 9.80% SR.VII,,2026-08-06T21:54:25,NSE_EQ,EQUITY
13492,939SCL27,SEC RE NCD 8.94% SR.VIII,,2026-08-06T21:54:25,NSE_EQ,EQUITY
13497,965SCL25C,SEC RE NCD 9.39% SR.VIII,,2026-08-06T21:54:25,NSE_EQ,EQUITY
1380,855IREDA29,IREDA 8.55NCDTR I SR II A,,2026-08-06T21:54:25,NSE_EQ,EQUITY
1383,855IREDA34,IREDA 8.55NCDTR I SR IIIA,,2026-08-06T21:54:25,NSE_EQ,EQUITY
13852,865IIFL28,SEC RE NCD 8.65% SR.V,,2026-08-06T21:54:25,NSE_EQ,EQUITY
13854,9IIFL28A,SEC RE NCD 9% SR.VI,,2026-08-06T21:54:25,NSE_EQ,EQUITY
13858,IIFLZC28A,SEC RE NCD 0% SR.VII,,2026-08-06T21:54:25,NSE_EQ,EQUITY
1391,880IREDA29,IREDA 8.80NCDTR I SR II B,,2026-08-06T21:54:25,NSE_EQ,EQUITY
1393,880IREDA34,IREDA 8.80NCDTR I SR IIIB,,2026-08-06T21:54:25,NSE_EQ,EQUITY
14032,980SFIL28,SEC RE NCD 9.80% SR.VII,,2026-08-06T21:54:25,NSE_EQ,EQUITY
14034,1030SFIL28,SEC RE NCD 10.30% SR.VII,,2026-08-06T21:54:25,NSE_EQ,EQUITY
14036,940SFIL28,SEC RE NCD 9.40% SR.VIII,,2026-08-06T21:54:25,NSE_EQ,EQUITY
14038,985SFIL28,SEC RE NCD 9.85% SR.VIII,,2026-08-06T21:54:25,NSE_EQ,EQUITY
14219,IMC1,SEC RE NCGB 8.25% STRPP B,,2026-08-06T21:54:25,NSE_EQ,EQUITY
14522,739NHAI31A,TAX FREE 7.39% SR. IIA,,2026-08-06T21:54:25,NSE_EQ,EQUITY
14529,769NHAI31,TAX FREE 7.69% SR. IIB,,2026-08-06T21:54:25,NSE_EQ,EQUITY
14704,965SCL28,SEC RE NCD 9.65% SR.VII,,2026-08-06T21:54:25,NSE_EQ,EQUITY
14710,1015SCL28A,SEC RE NCD 10.15% SR.VII,,2026-08-06T21:54:25,NSE_EQ,EQUITY
14714,925SCL28,SEC RE NCD 9.25% SR.VIII,,2026-08-06T21:54:25,NSE_EQ,EQUITY
14718,971SCL28,SEC RE NCD 9.71% SR.VIII,,2026-08-06T21:54:25,NSE_EQ,EQUITY
14747,011NSETEST,011NSETEST,,2026-08-06T21:54:25,NSE_EQ,EQUITY
14751,021NSETEST,021NSETEST,,2026-08-06T21:54:25,NSE_EQ,EQUITY
14753,031NSETEST,031NSETEST,,2026-08-06T21:54:25,NSE_EQ,EQUITY
14755,041NSETEST,041NSETEST,,2026-08-06T21:54:25,NSE_EQ,EQUITY
14758,051NSETEST,051NSETEST,,2026-08-06T21:54:25,NSE_EQ,EQUITY
14762,061NSETEST,061NSETEST,,2026-08-06T21:54:25,NSE_EQ,EQUITY
14764,071NSETEST,071NSETEST,,2026-08-06T21:54:25,NSE_EQ,EQUITY
14767,081NSETEST,081NSETEST,,2026-08-06T21:54:25,NSE_EQ,EQUITY
14769,091NSETEST,091NSETEST,,2026-08-06T21:54:25,NSE_EQ,EQUITY
14772,101NSETEST,101NSETEST,,2026-08-06T21:54:25,NSE_EQ,EQUITY
14774,111NSETEST,111NSETEST,,2026-08-06T21:54:25,NSE_EQ,EQUITY
14777,121NSETEST,121NSETEST,,2026-08-06T21:54:25,NSE_EQ,EQUITY
14778,131NSETEST,131NSETEST,,2026-08-06T21:54:25,NSE_EQ,EQUITY
14781,141NSETEST,141NSETEST,,2026-08-06T21:54:25,NSE_EQ,EQUITY
14782,151NSETEST,151NSETEST,,2026-08-06T21:54:25,NSE_EQ,EQUITY
14784,161NSETEST,161NSETEST,,2026-08-06T21:54:25,NSE_EQ,EQUITY
15112,735IRFC31,TAX FREE  7.35% SR. 108,,2026-08-06T21:54:25,NSE_EQ,EQUITY
15168,764IRFC31,TAX FREE  7.64% SR. 108A,,2026-08-06T21:54:25,NSE_EQ,EQUITY
15249,1003SFIL28,SEC RE NCD 10.50% SR.VII,,2026-08-06T21:54:25,NSE_EQ,EQUITY
15251,866SFIL23A,SEC RE NCD 9.57% SR.VIII,,2026-08-06T21:54:25,NSE_EQ,EQUITY
15253,890SFIL23A,SEC RE NCD 10.03% SR.VIII,,2026-08-06T21:54:25,NSE_EQ,EQUITY
15374,840CIFCL28,SEC RE NCD 8.40% SR.V,,2026-08-06T21:54:25,NSE_EQ,EQUITY
15376,CIFCZC28A,SEC RE NCD SR.VI,,2026-08-06T21:54:25,NSE_EQ,EQUITY
16838,801TCH28,SEC RED NCD 8.01% SR.IV,,2026-08-06T21:54:25,NSE_EQ,EQUITY
16870,81TCHF28,SEC RED NCD 8.10% SR.IV,,2026-08-06T21:54:25,NSE_EQ,EQUITY
16872,83TCHF28,SEC RED NCD 8.30% SR.V,,2026-08-06T21:54:25,NSE_EQ,EQUITY
16874,84TCHF28,SEC RED NCD 8.40% SR.V,,2026-08-06T21:54:25,NSE_EQ,EQUITY
16894,TCHF30,UN SE RE NCD 8.55% SR.VI,,2026-08-06T21:54:25,NSE_EQ,EQUITY
16913,ARTEMISMED,ARTEMIS MED SERVICE LTD,,2026-08-06T21:54:25,NSE_EQ,EQUITY
17039,865IFL28,SEC RE NCD 8.65% SR.V,,2026-08-06T21:54:25,NSE_EQ,EQUITY
17041,9IIFL28,SEC RE NCD 9% SR.VI,,2026-08-06T21:54:25,NSE_EQ,EQUITY
17043,IIFLZC28B,SEC RE NCD 0% SR.VII,,2026-08-06T21:54:25,NSE_EQ,EQUITY
17159,875SFL27,SEC RED NCD 8.75% SR.III,,2026-08-06T21:54:25,NSE_EQ,EQUITY
17172,91SFL27,SEC RED NCD 9.10% SR.VI,,2026-08-06T21:54:25,NSE_EQ,EQUITY
17542,1015SCL28B,SEC RE NCD 10.15% SR VII,,2026-08-06T21:54:25,NSE_EQ,EQUITY
17546,925SCL28I,SEC RE NCD 9.25% SR VIII,,2026-08-06T21:54:25,NSE_EQ,EQUITY
17564,971SCL28I,SEC RE NCD 9.71% SR VIII,,2026-08-06T21:54:25,NSE_EQ,EQUITY
1758,868NHB29,NHB 8.68 NCD TR II SR 2 A,,2026-08-06T21:54:25,NSE_EQ,EQUITY
1761,865NHB34,NHB 8.65 NCD TR II SR 3 A,,2026-08-06T21:54:25,NSE_EQ,EQUITY
1765,893NHB29,NHB 8.93 NCD TR II SR 2 B,,2026-08-06T21:54:25,NSE_EQ,EQUITY
1767,890NHB34,NHB 8.90 NCD TR II SR 3 B,,2026-08-06T21:54:25,NSE_EQ,EQUITY
17940,925IHFL25E,SEC RE NCD 8.30% SR 3,,2026-08-06T21:54:25,NSE_EQ,EQUITY
17952,CIFC26A,SEC RE NCD SR 4,,2026-08-06T21:54:25,NSE_EQ,EQUITY
17958,84CIFCL28,SEC RE NCD 8.40% SR 5,,2026-08-06T21:54:25,NSE_EQ,EQUITY
17964,CIFC28,SEC RE NCD SR 6,,2026-08-06T21:54:25,NSE_EQ,EQUITY
18480,940CAGL27,SEC RE NCD 9.40% SR V,,2026-08-06T21:54:25,NSE_EQ,EQUITY
18485,CAGL27,SEC RE NCD SR VI,,2026-08-06T21:54:25,NSE_EQ,EQUITY
18487,970CAGL28,SEC RE NCD 9.70% SR VII,,2026-08-06T21:54:25,NSE_EQ,EQUITY
18498,CAGL28,SEC RE NCD SR VIII,,2026-08-06T21:54:25,NSE_EQ,EQUITY
186,850NHAI29,8.50% TAX FREE TR I S IIA,,2026-08-06T21:54:25,NSE_EQ,EQUITY
18624,865SCL26,SEC RED NCD 8.65% SR. V,,2026-08-06T21:54:25,NSE_EQ,EQUITY
18626,885SCL26,SEC RED NCD 8.85% SR. VI,,2026-08-06T21:54:25,NSE_EQ,EQUITY
18628,9SCL26BA,SEC RED NCD 9.0% SR. VI,,2026-08-06T21:54:25,NSE_EQ,EQUITY
18630,SCLZC26,SEC RED NCD SR. VII,,2026-08-06T21:54:25,NSE_EQ,EQUITY
18632,879SCL26,UNS RED NCD 8.79% SR.VIII,,2026-08-06T21:54:25,NSE_EQ,EQUITY
18634,9SCL26B,UNS RED NCD 9.0% SR. IX,,2026-08-06T21:54:25,NSE_EQ,EQUITY
18636,915SCL26,UNS RED NCD 9.15% SR.IX,,2026-08-06T21:54:25,NSE_EQ,EQUITY
18638,SCLZC26A,UNS RED NCD SR. X,,2026-08-06T21:54:25,NSE_EQ,EQUITY
18856,965SCL28C,SEC RE NCD 9.65% SR VII,,2026-08-06T21:54:25,NSE_EQ,EQUITY
18859,925SCL28C,SEC RE NCD 10.15% SR VII,,2026-08-06T21:54:25,NSE_EQ,EQUITY
18861,971SCL28C,SEC RE NCD 9.25% SR VIII,,2026-08-06T21:54:25,NSE_EQ,EQUITY
18868,10SCL30A,SEC RE NCD 9.71% SR VIII,,2026-08-06T21:54:25,NSE_EQ,EQUITY
18874,1003SCL30,SEC RE NCD 10.00% SR IX,,2026-08-06T21:54:25,NSE_EQ,EQUITY
18879,957SCL30,SEC RE NCD 10.50% SR IX,,2026-08-06T21:54:25,NSE_EQ,EQUITY
18897,1025SCL33A,SEC RE NCD 10.25% SR XI,,2026-08-06T21:54:25,NSE_EQ,EQUITY
18902,1075SCL33A,SEC RE NCD 10.75% SR XI,,2026-08-06T21:54:25,NSE_EQ,EQUITY
18904,980SCL33A,SEC RE NCD 9.80% SR XII,,2026-08-06T21:54:25,NSE_EQ,EQUITY
18906,888SCL25E,SEC RE NCD 10.25% SR XII,,2026-08-06T21:54:25,NSE_EQ,EQUITY
19045,10IIFL29,UNSEC RED NCD 10.0% SR. V,,2026-08-06T21:54:25,NSE_EQ,EQUITY
19047,105IIFL29,UNSEC RED NCD 10.5% SR.VI,,2026-08-06T21:54:25,NSE_EQ,EQUITY
192,875NHAI29,8.75% TAX FREE TR I S IIB,,2026-08-06T21:54:25,NSE_EQ,EQUITY
19758,940SCL26,SEC RE NCD 9.40% SR IV,,2026-08-06T21:54:25,NSE_EQ,EQUITY
19760,990SCL26,SEC RE NCD 9.90% SR IV,,2026-08-06T21:54:25,NSE_EQ,EQUITY
19763,902SCL26,SEC RE NCD 9.02% SR V,,2026-08-06T21:54:25,NSE_EQ,EQUITY
19768,948SCL26,SEC RE NCD 9.48% SR V,,2026-08-06T21:54:25,NSE_EQ,EQUITY
19770,SCL26,SEC RE NCD SR VI,,2026-08-06T21:54:25,NSE_EQ,EQUITY
19772,SCLZC26C,SEC RE NCD SR VI,,2026-08-06T21:54:25,NSE_EQ,EQUITY
19774,888SCL25D,SEC RE NCD 9.57% SR X,,2026-08-06T21:54:25,NSE_EQ,EQUITY
19776,980SCL33C,SEC RE NCD 10.03% SR X,,2026-08-06T21:54:25,NSE_EQ,EQUITY
1991,863IRFC29,BOND 8.63% PA TF TII-SIIA,,2026-08-06T21:54:25,NSE_EQ,EQUITY
19924,812REC27,8.12/8.32% TAX FREE NCD,,2026-08-06T21:54:25,NSE_EQ,EQUITY
19926,743REC35,7.43% TAX FREE TRI SR3B,,2026-08-06T21:54:25,NSE_EQ,EQUITY
19928,764HUDCO31,7.64% TAX FREETRI SR2B,,2026-08-06T21:54:25,NSE_EQ,EQUITY
19930,769HUDCO31,7.69% TAX FREETRII SR2B,,2026-08-06T21:54:25,NSE_EQ,EQUITY
19964,851HUDCO28,8.51% TAX FREETRI SR2A,,2026-08-06T21:54:25,NSE_EQ,EQUITY
19966,858HUDCO29,8.58% TAX FREETRII SR2A,,2026-08-06T21:54:25,NSE_EQ,EQUITY
19968,876HUDCO28,8.76% TAX FREETRI SR2B,,2026-08-06T21:54:25,NSE_EQ,EQUITY
19970,901HUDCO34,9.01% TAX FREETRII SR3B,,2026-08-06T21:54:25,NSE_EQ,EQUITY
19972,735PFCL35,7.35% TAX FREE NCD,,2026-08-06T21:54:25,NSE_EQ,EQUITY
19974,736PFCL28,7.36% TAX FREE NCD,,2026-08-06T21:54:25,NSE_EQ,EQUITY
19976,760PFCL35,7.60% TAX FREE NCD,,2026-08-06T21:54:25,NSE_EQ,EQUITY
1999,888IRFC29,BOND 8.88% PA TF TII-SIIB,,2026-08-06T21:54:25,NSE_EQ,EQUITY
20022,830PFCL27,8.30% TAX FREE NCD,,2026-08-06T21:54:25,NSE_EQ,EQUITY
20026,867PFCL33,8.67% TAX FREE NCD,,2026-08-06T21:54:25,NSE_EQ,EQUITY
20028,892PFCL33,8.92% TAX FREE NCD,,2026-08-06T21:54:25,NSE_EQ,EQUITY
20030,774IREDA31,7.74% TAX FREE NCD,,2026-08-06T21:54:25,NSE_EQ,EQUITY
20032,735NABAR31,7.35% TAX FREE TRI SRIIA,,2026-08-06T21:54:25,NSE_EQ,EQUITY
20034,764NABAR31,7.64% TAX FREE TRI SRIIB,,2026-08-06T21:54:25,NSE_EQ,EQUITY
20045,940SCL26A,SEC RE NCD 9.4% SR IV,,2026-08-06T21:54:25,NSE_EQ,EQUITY
20052,740IIFCL33,7.40% TAX FREETRI SRIII,,2026-08-06T21:54:25,NSE_EQ,EQUITY
20056,866IIFC34B,8.66% TAX FREE NCD,,2026-08-06T21:54:25,NSE_EQ,EQUITY
20058,891IIFCL34,8.91% TAX FREE NCD,,2026-08-06T21:54:25,NSE_EQ,EQUITY
20061,990SCL26A,SEC RE NCD 9.9% SR IV,,2026-08-06T21:54:25,NSE_EQ,EQUITY
20065,902SCL26A,SEC RE NCD 9.02% SR V,,2026-08-06T21:54:25,NSE_EQ,EQUITY
20072,INFRABEES,NIP IND ETF INFRA BEES,,2026-08-06T21:54:25,NSE_EQ,EQUITY
20075,948SCL26A,SEC RE NCD 9.48% SR V,,2026-08-06T21:54:25,NSE_EQ,EQUITY
20082,SCLZC26D,SEC RE NCD SR VI,,2026-08-06T21:54:25,NSE_EQ,EQUITY
20088,SCLZC26E,SEC RE NCD SR VI,,2026-08-06T21:54:25,NSE_EQ,EQUITY
20094,965SCL28A,SEC RE NCD 9.65% SR VII,,2026-08-06T21:54:25,NSE_EQ,EQUITY
20102,1015SCL28,SEC RE NCD 10.15% SR VII,,2026-08-06T21:54:25,NSE_EQ,EQUITY
20104,925SCL28A,SEC RE NCD 9.25% SR VIII,,2026-08-06T21:54:25,NSE_EQ,EQUITY
20106,971SCL28A,SEC RE NCD 9.71% SR VIII,,2026-08-06T21:54:25,NSE_EQ,EQUITY
20111,1050SCL30,SEC RE NCD 10.5% SR IX,,2026-08-06T21:54:25,NSE_EQ,EQUITY
20116,1003SCL30A,SEC RE NCD 10.03% SR X,,2026-08-06T21:54:25,NSE_EQ,EQUITY
20118,1075SCL33B,SEC RE NCD 10.25% SR XI,,2026-08-06T21:54:25,NSE_EQ,EQUITY
20120,980SCL33,SEC RE NCD 10.75% SR XI,,2026-08-06T21:54:25,NSE_EQ,EQUITY
20125,925SCL25G,SEC RE NCD 9.8% SR XII,,2026-08-06T21:54:25,NSE_EQ,EQUITY
20130,965SCL25F,SEC RE NCD 10.25% SR XII,,2026-08-06T21:54:25,NSE_EQ,EQUITY
20435,850CIFCL26,SEC RE NCD 8.50% SR 3,,2026-08-06T21:54:25,NSE_EQ,EQUITY
20437,CIFCZC26,SEC RE NCD SR 4,,2026-08-06T21:54:25,NSE_EQ,EQUITY
20443,860CIFCL28,SEC RE NCD 8.60% SR 5,,2026-08-06T21:54:25,NSE_EQ,EQUITY
20445,CIFCZC28,SEC RE NCD SR 6,,2026-08-06T21:54:25,NSE_EQ,EQUITY
20586,810ABHF28,ABHFL 8.10% 2028 SR A1,,2026-08-06T21:54:25,NSE_EQ,EQUITY
20588,802ABHF28,ABHFL 8.02% 2028 SR C2,,2026-08-06T21:54:25,NSE_EQ,EQUITY
20590,803ABHF27,ABHFL 8.03% 2027 SR D1,,2026-08-06T21:54:25,NSE_EQ,EQUITY
20595,813ABHF28,ABHFL 8.13% 2028 SR H1,,2026-08-06T21:54:25,NSE_EQ,EQUITY
20612,850TPL26,TPL 8.50% 2026 SR N,,2026-08-06T21:54:25,NSE_EQ,EQUITY
20614,847TPL26,TPL 8.47% 2026 SR O,,2026-08-06T21:54:25,NSE_EQ,EQUITY
20638,92LTF29,SE RE NCD 9.20% SR.V OP1,,2026-08-06T21:54:25,NSE_EQ,EQUITY
20643,935LTF29,SE RE NCD 9.35% SR.V OP2,,2026-08-06T21:54:25,NSE_EQ,EQUITY
20648,884LTF29,SE RE NCD 8.84% SR.VI OP1,,2026-08-06T21:54:25,NSE_EQ,EQUITY
20655,898LTF29,SERENCD 8.98% SR.VI OP2,,2026-08-06T21:54:25,NSE_EQ,EQUITY
20671,885LTF27,SE RE NCD 8.85% SR.VI OPI,,2026-08-06T21:54:25,NSE_EQ,EQUITY
20687,905LTF27,SERENCD 9.05% SR.VI OPII,,2026-08-06T21:54:25,NSE_EQ,EQUITY
20689,852LTF27,SERENCD 8.52% SR.VII OPI,,2026-08-06T21:54:25,NSE_EQ,EQUITY
20691,87LTF27,SERENCD 8.70% SR.VII OPII,,2026-08-06T21:54:25,NSE_EQ,EQUITY
20713,85LTF26,SERENCD 8.50% SR.VI OP11,,2026-08-06T21:54:25,NSE_EQ,EQUITY
20715,865LTF26,SERENCD 8.65% SR.VI OP12,,2026-08-06T21:54:25,NSE_EQ,EQUITY
20749,878MFL27,MFL 8.78% 2027,,2026-08-06T21:54:25,NSE_EQ,EQUITY
20751,885MFL28,MFL 8.85% 2028,,2026-08-06T21:54:25,NSE_EQ,EQUITY
20753,771HDFCB33,HDFC BANK 7.71% 2033 SR1,,2026-08-06T21:54:25,NSE_EQ,EQUITY
20769,957ISFL26,SEC RE NCD 9.57% SR 3,,2026-08-06T21:54:25,NSE_EQ,EQUITY
20771,10ISFL26,SEC RE NCD 10% SR 4,,2026-08-06T21:54:25,NSE_EQ,EQUITY
20779,1003ISFL28,SEC RE NCD 10.03% SR 5,,2026-08-06T21:54:25,NSE_EQ,EQUITY
20784,1050ISFL28,SEC RE NCD 10.50% SR 6,,2026-08-06T21:54:25,NSE_EQ,EQUITY
20786,80409TCH27,TCHFL 8.0409% 2027 SR.C,,2026-08-06T21:54:25,NSE_EQ,EQUITY
20841,765NBFID38,NABFID 7.65% 2038 SR 1,,2026-08-06T21:54:25,NSE_EQ,EQUITY
20843,779SIDBI27,SIDBI 7.79% 2027 SR VI,,2026-08-06T21:54:25,NSE_EQ,EQUITY
20848,768IREDA33,IREDA 7.68% 2033 SR XV-C,,2026-08-06T21:54:25,NSE_EQ,EQUITY
20903,813PNBH33,PHFL 8.13% 2033,,2026-08-06T21:54:25,NSE_EQ,EQUITY
20986,940SCL26B,SEC RE NCD 9.4% SR IV,,2026-08-06T21:54:25,NSE_EQ,EQUITY
20995,990SCL26B,SEC RE NCD 9.9% SR IV,,2026-08-06T21:54:25,NSE_EQ,EQUITY
21000,948SCL26B,SEC RE NCD 9.48% SR V,,2026-08-06T21:54:25,NSE_EQ,EQUITY
21003,SCLZC26F,SEC RE NCD SR VI,,2026-08-06T21:54:25,NSE_EQ,EQUITY
21008,SCLZC26G,SEC RE NCD SR VI,,2026-08-06T21:54:25,NSE_EQ,EQUITY
21010,965SCL28B,SEC RE NCD 9.65% SR VII,,2026-08-06T21:54:25,NSE_EQ,EQUITY
21016,925SCL28B,SEC RE NCD 10.15% SR VII,,2026-08-06T21:54:25,NSE_EQ,EQUITY
21019,971SCL28B,SEC RE NCD 9.25% SR VIII,,2026-08-06T21:54:25,NSE_EQ,EQUITY
21024,980SCL33D,SEC RE NCD 9.71% SR VIII,,2026-08-06T21:54:25,NSE_EQ,EQUITY
21026,835SCL23A,SEC RE NCD 10.5% SR IX,,2026-08-06T21:54:25,NSE_EQ,EQUITY
21028,875SCL23A,SEC RE NCD 10.03% SR X,,2026-08-06T21:54:25,NSE_EQ,EQUITY
21030,1025SCL33,SEC RE NCD 10.25% SR XI,,2026-08-06T21:54:25,NSE_EQ,EQUITY
21042,1075SCL33,SEC RE NCD 10.75% SR XI,,2026-08-06T21:54:25,NSE_EQ,EQUITY
21044,980SCL33B,SEC RE NCD 9.8% SR XII,,2026-08-06T21:54:25,NSE_EQ,EQUITY
21056,835SCL23B,SEC RE NCD 10.25% SR XII,,2026-08-06T21:54:25,NSE_EQ,EQUITY
21194,855TCAPS27,SERENCD8.55%SR.IIICI&II,,2026-08-06T21:54:25,NSE_EQ,EQUITY
21197,865TCAPS27,SERENCD8.65%SR.IIICIII&IV,,2026-08-06T21:54:25,NSE_EQ,EQUITY
21221,9TCAP28,UNSERENCD9.00%SRIIICI&II,,2026-08-06T21:54:25,NSE_EQ,EQUITY
21225,910TCAP28,UNSERENCD9.1%SRIIICIII&IV,,2026-08-06T21:54:25,NSE_EQ,EQUITY
21227,875TCAPS29,UNSERENCD8.75%SR.IVCI&II,,2026-08-06T21:54:25,NSE_EQ,EQUITY
21229,885TCAPS29,UNSERENCD8.85%SRIVCIII&IV,,2026-08-06T21:54:25,NSE_EQ,EQUITY
21231,815LTF27,L&T FIN 8.15% 2027 SR F,,2026-08-06T21:54:25,NSE_EQ,EQUITY
21233,9HFL34,HFL 9% 2034 SR 61,,2026-08-06T21:54:25,NSE_EQ,EQUITY
21239,78NABARD27,NABARD 7.80% 2027 SR 24E,,2026-08-06T21:54:25,NSE_EQ,EQUITY
21308,777IREDA27,IREDA 7.77% 2027 SR XV D,,2026-08-06T21:54:25,NSE_EQ,EQUITY
21315,765PGCIL34,PGCL 7.65% 2034 SR LXXV,,2026-08-06T21:54:25,NSE_EQ,EQUITY
21325,840CIFCL27,CHOLA 8.40% 2027 SR 635,,2026-08-06T21:54:25,NSE_EQ,EQUITY
21394,757NHB31,NHB 7.57% 2031,,2026-08-06T21:54:25,NSE_EQ,EQUITY
21463,793THDC34,THDC 7.93% 2034 SR IX,,2026-08-06T21:54:25,NSE_EQ,EQUITY
21470,771REC27,REC 7.71% 2027 SR 230-A,,2026-08-06T21:54:25,NSE_EQ,EQUITY
21485,764REC34,REC 7.64% 2034 SR 230-B,,2026-08-06T21:54:25,NSE_EQ,EQUITY
21572,835SMFG27,SMFGH 8.35% 2027 SR 25,,2026-08-06T21:54:25,NSE_EQ,EQUITY
21615,875GFL27,GFL 8.75% 2027 SR A,,2026-08-06T21:54:25,NSE_EQ,EQUITY
21621,757IRFC29,IRFC 7.57% 2029 SR 175,,2026-08-06T21:54:25,NSE_EQ,EQUITY
21624,840TPL28,TPL 8.40% 2028 SR 12C,,2026-08-06T21:54:25,NSE_EQ,EQUITY
21677,840TPL27,TPL 8.40% 2027 SR 12B,,2026-08-06T21:54:25,NSE_EQ,EQUITY
21684,840TPL29,TPL 8.40% 2029 SR 12D,,2026-08-06T21:54:25,NSE_EQ,EQUITY
21741,775SIDBI27,SIDBI 7.75% 2027 SR VII,,2026-08-06T21:54:25,NSE_EQ,EQUITY
21760,832TFSIL29,TFSIL 8.32% 2029 SR S44,,2026-08-06T21:54:25,NSE_EQ,EQUITY
21767,83645TFS27,TFSIL 8.3645% 2027 SRS43,,2026-08-06T21:54:25,NSE_EQ,EQUITY
21953,833TPL27,TPL 8.33% 2027 SR P,,2026-08-06T21:54:25,NSE_EQ,EQUITY
22234,757BOB24,BOB 7.57% 2034 SR III,,2026-08-06T21:54:25,NSE_EQ,EQUITY
22416,807NIIF39,NIFL 8.07% 2039 SR6 OPII,,2026-08-06T21:54:25,NSE_EQ,EQUITY
22461,810NIIF34,NIFL 8.10% 2034 SR6 OPI,,2026-08-06T21:54:25,NSE_EQ,EQUITY
22482,813LTF29,L&T FIN 8.13% 2029 SR H,,2026-08-06T21:54:25,NSE_EQ,EQUITY
22513,885MFL29,MFL 8.85% 2029,,2026-08-06T21:54:25,NSE_EQ,EQUITY
22515,806SDIL29,SUMMIT DIG 8.06% 2029,,2026-08-06T21:54:25,NSE_EQ,EQUITY
22551,85CIFC27,SEC RE NCD 8.50% SR 3,,2026-08-06T21:54:25,NSE_EQ,EQUITY
22553,CIF27,SEC RE NCD SR 4,,2026-08-06T21:54:25,NSE_EQ,EQUITY
22556,86CIFC29,SEC RE NCD 8.60% SR 5,,2026-08-06T21:54:25,NSE_EQ,EQUITY
22558,CIF29,SEC RE NCD SR 6,,2026-08-06T21:54:25,NSE_EQ,EQUITY
22564,860HFL29,HFL 8.60% 2029 SR 62,,2026-08-06T21:54:25,NSE_EQ,EQUITY
22575,837SMFG29,SMFG 8.37% 2029 SR 104,,2026-08-06T21:54:25,NSE_EQ,EQUITY
22633,769LIC34,LHFL 7.69% 2034 TR 437,,2026-08-06T21:54:25,NSE_EQ,EQUITY
22635,8ABHF34,ABHFL 8% 2034 SR J1,,2026-08-06T21:54:25,NSE_EQ,EQUITY
22643,799TCL34,TATA CAP 7.99% 2034 SR A,,2026-08-06T21:54:25,NSE_EQ,EQUITY
22654,AAFS27A,AAFS MKT LINK2027SRCAR D,,2026-08-06T21:54:25,NSE_EQ,EQUITY
22661,745EXIM28,EXIM 7.45% 2028 SR Z01,,2026-08-06T21:54:25,NSE_EQ,EQUITY
22668,768SIDB27,SIDBI 7.68% 2027 SR VIII,,2026-08-06T21:54:25,NSE_EQ,EQUITY
22684,799TCL29,TATA CAP 7.99% 2029 SR B,,2026-08-06T21:54:25,NSE_EQ,EQUITY
22735,748IRFC34A,IRFCL 7.48% 2034 SR 176,,2026-08-06T21:54:25,NSE_EQ,EQUITY
22737,890NCPL28,NOMURA 8.90% 2028 SR 02,,2026-08-06T21:54:25,NSE_EQ,EQUITY
22768,810TCHFL27,TCHFL 8.10% 2027 SR D,,2026-08-06T21:54:25,NSE_EQ,EQUITY
22793,760PFC29,PFC 7.60% 2029 SR BS237A,,2026-08-06T21:54:25,NSE_EQ,EQUITY
22795,749PFC34,PFC 7.49% 2034 SR BS237B,,2026-08-06T21:54:25,NSE_EQ,EQUITY
22811,850NIRMA27,NIRMA 8.50%2027SRVII TRC,,2026-08-06T21:54:25,NSE_EQ,EQUITY
22813,747RL34,REC 7.47% 2034 SR 231B,,2026-08-06T21:54:25,NSE_EQ,EQUITY
22815,764RL27,REC 7.64% 2027 SR 231A,,2026-08-06T21:54:25,NSE_EQ,EQUITY
22820,759IREDA34,IREDA 7.59% 2034 SR XV E,,2026-08-06T21:54:25,NSE_EQ,EQUITY
22822,825CFHL27,CAN FIN 8.25% 2027,,2026-08-06T21:54:25,NSE_EQ,EQUITY
22854,830TFSIL27,TFSIL 8.30% 2027 SR S45,,2026-08-06T21:54:25,NSE_EQ,EQUITY
22856,ALPHA27,AAFS MARKET LINK2027SR I,,2026-08-06T21:54:25,NSE_EQ,EQUITY
22887,744IRFC34,IRFC 7.44% 2034 SR 177,,2026-08-06T21:54:25,NSE_EQ,EQUITY
22891,832TPL27,TPL 8.32% 2027 SR 13B,,2026-08-06T21:54:25,NSE_EQ,EQUITY
22893,832TPL28,TPL 8.32% 2028 SR 13C,,2026-08-06T21:54:25,NSE_EQ,EQUITY
22895,832TPL29,TPL 8.32% 2029 SR 13D,,2026-08-06T21:54:25,NSE_EQ,EQUITY
22905,836GIL26,GIL 8.36% 2026 SR I,,2026-08-06T21:54:25,NSE_EQ,EQUITY
22907,840GIL27,GIL 8.40% 2027 SR II,,2026-08-06T21:54:25,NSE_EQ,EQUITY
22917,865CIFC865,CHOLA 8.65% 2029 SR 636,,2026-08-06T21:54:25,NSE_EQ,EQUITY
22919,8258TCL27,TCL 8.285% 2027 SR C,,2026-08-06T21:54:25,NSE_EQ,EQUITY
22921,797SFL30,SFL 7.97% 2030 SR X7,,2026-08-06T21:54:25,NSE_EQ,EQUITY
22925,820ABHF27,ABHFL 8.20% 2027 SR K1,,2026-08-06T21:54:25,NSE_EQ,EQUITY
22927,AAFS34,AAFS MARKET LINK2034 SRB,,2026-08-06T21:54:25,NSE_EQ,EQUITY
22944,755DDL39,DME DEV 7.55% 2039 SR V,,2026-08-06T21:54:25,NSE_EQ,EQUITY
22962,925BCIL28,BCIPL 9.25% 2028 SR A,,2026-08-06T21:54:25,NSE_EQ,EQUITY
22964,925BCIPL28,BCIPL 9.25% 2028 SR B,,2026-08-06T21:54:25,NSE_EQ,EQUITY
22971,7835LIC27,LH 7.8350% 2027 TR 438,,2026-08-06T21:54:25,NSE_EQ,EQUITY
23006,753IRED34,IREDA 7.53% 2034 SR XV F,,2026-08-06T21:54:25,NSE_EQ,EQUITY
23009,83044SMF29,SMFG 8.3044% 2029 SR 105,,2026-08-06T21:54:25,NSE_EQ,EQUITY
23012,860CIFC29,CHOLA 8.60% 2029 SR 637,,2026-08-06T21:54:25,NSE_EQ,EQUITY
23024,1077IIFL30,IIFL SAMASTA 10.77% 2030,,2026-08-06T21:54:25,NSE_EQ,EQUITY
23034,950BCIPL28,BCIPL 9.50% 2028,,2026-08-06T21:54:25,NSE_EQ,EQUITY
23041,764ABL34,AXIS BANK 7.64% 2034 SR7,,2026-08-06T21:54:25,NSE_EQ,EQUITY
23050,740EXIM29,EXIM 7.40% 2029 SR Z02,,2026-08-06T21:54:25,NSE_EQ,EQUITY
23061,735PGCIL34,PGCL 7.35% 2034 SR LXXVI,,2026-08-06T21:54:25,NSE_EQ,EQUITY
23109,755PFC27,PFC 7.55% 2027 SR BS238,,2026-08-06T21:54:25,NSE_EQ,EQUITY
23111,18MVL27,MAGNUM VENTURES 18% 2027,,2026-08-06T21:54:25,NSE_EQ,EQUITY
23123,1065NFL27,SEC RE NCD 10.65% SR.IV,,2026-08-06T21:54:25,NSE_EQ,EQUITY
23125,1119NFL27,SEC RE NCD 11.19% SR.V,,2026-08-06T21:54:25,NSE_EQ,EQUITY
23140,795NIIF36,NIFL 7.95% 2036 SR 7,,2026-08-06T21:54:25,NSE_EQ,EQUITY
23151,GFL27,GFL 6M OIS LINK 2027 SRB,,2026-08-06T21:54:25,NSE_EQ,EQUITY
23153,824LTF27,L&T FIN 8.24% 2027 SR J,,2026-08-06T21:54:25,NSE_EQ,EQUITY
23155,757IREDL29,IREDA 7.57% 2029 SR XV G,,2026-08-06T21:54:25,NSE_EQ,EQUITY
23157,746IRFC29,IRFC 7.46% 2029 SR 178,,2026-08-06T21:54:25,NSE_EQ,EQUITY
23168,835KSFL27,KISETSU 8.35% 2027 SR L1,,2026-08-06T21:54:25,NSE_EQ,EQUITY
23170,8254KSFP29,KISETSU 8.254% 2029 SRL2,,2026-08-06T21:54:25,NSE_EQ,EQUITY
23172,860CIFCL29,CHOLA 8.60% 2029 SR 638,,2026-08-06T21:54:25,NSE_EQ,EQUITY
23222,765HDFC34,HDFC BANK 7.65% 2034 SR2,,2026-08-06T21:54:25,NSE_EQ,EQUITY
23228,820ABHFL27,ABHFL 8.20% 2027 SR L1,,2026-08-06T21:54:25,NSE_EQ,EQUITY
23240,780BFL27,BFL 7.80% 2027,,2026-08-06T21:54:25,NSE_EQ,EQUITY
23242,950IIFL27,IIFL 9.50% 2027 SR D25,,2026-08-06T21:54:25,NSE_EQ,EQUITY
23244,885CIFCL34,CHOLA 8.85% 2034 SR SD69,,2026-08-06T21:54:25,NSE_EQ,EQUITY
23246,792TCHFL34,TCHFL 7.92% 2034 SR E,,2026-08-06T21:54:25,NSE_EQ,EQUITY
23248,773LIC34,LHFL 7.73% 2034 TR 439,,2026-08-06T21:54:25,NSE_EQ,EQUITY
23250,759IRDA34,IREDA 7.59% 2034 SR XV H,,2026-08-06T21:54:25,NSE_EQ,EQUITY
23252,768SIDBI27,SIDBI 7.68% 2027 SR IX,,2026-08-06T21:54:25,NSE_EQ,EQUITY
23254,762NABAR29,NABARD 7.62% 2029 SR 24H,,2026-08-06T21:54:25,NSE_EQ,EQUITY
23291,940SCL27,SEC RE NCD 9.4% SR IV,,2026-08-06T21:54:25,NSE_EQ,EQUITY
23293,990SCL27,SEC RE NCD 9.9% SR IV,,2026-08-06T21:54:25,NSE_EQ,EQUITY
23295,902SCL27,SEC RE NCD 9.02% SR V,,2026-08-06T21:54:25,NSE_EQ,EQUITY
23297,948SCL27,SEC RE NCD 9.48% SR V,,2026-08-06T21:54:25,NSE_EQ,EQUITY
23299,0SCL27,SEC RE NCD SR VI,,2026-08-06T21:54:25,NSE_EQ,EQUITY
23301,965SCL29,SEC RE NCD 9.65% SR VII,,2026-08-06T21:54:25,NSE_EQ,EQUITY
23303,1015SCFL29,SEC RE NCD 10.15% SR VII,,2026-08-06T21:54:25,NSE_EQ,EQUITY
23305,925SCL29,SEC RE NCD 9.25% SR VIII,,2026-08-06T21:54:25,NSE_EQ,EQUITY
23307,971SCL29,SEC RE NCD 9.71% SR VIII,,2026-08-06T21:54:25,NSE_EQ,EQUITY
23309,10SCL31,SEC RE NCD 10% SR IX,,2026-08-06T21:54:25,NSE_EQ,EQUITY
23311,1050SCFL31,SEC RE NCD 10.5% SR IX,,2026-08-06T21:54:25,NSE_EQ,EQUITY
23313,957SCL31,SEC RE NCD 9.57% SR X,,2026-08-06T21:54:25,NSE_EQ,EQUITY
23315,1003SCFL31,SEC RE NCD 10.03% SR X,,2026-08-06T21:54:25,NSE_EQ,EQUITY
23317,1025SCFL34,SEC RE NCD 10.25% SR XI,,2026-08-06T21:54:25,NSE_EQ,EQUITY
23319,1075SCFL34,SEC RE NCD 10.75% SR XI,,2026-08-06T21:54:25,NSE_EQ,EQUITY
23321,980SCL34,SEC RE NCD 9.80% SR XII,,2026-08-06T21:54:25,NSE_EQ,EQUITY
23323,1025SCL34,SEC RE NCD 10.25% SR XII,,2026-08-06T21:54:25,NSE_EQ,EQUITY
23361,890MFL27,MFL 8.90% 2027,,2026-08-06T21:54:25,NSE_EQ,EQUITY
23363,MUTF27,MFL REPO RATE LINK 2027,,2026-08-06T21:54:25,NSE_EQ,EQUITY
23390,1035CCSP26,CCSPL 10.35% 2026,,2026-08-06T21:54:25,NSE_EQ,EQUITY
23446,171NSETEST,171NSETEST,,2026-08-06T21:54:25,NSE_EQ,EQUITY
23447,181NSETEST,181NSETEST,,2026-08-06T21:54:25,NSE_EQ,EQUITY
23449,818CANF29,CAN FIN 8.18% 2029,,2026-08-06T21:54:25,NSE_EQ,EQUITY
23465,975SCL27,SAMMAANCAP 9.75% 2027,,2026-08-06T21:54:25,NSE_EQ,EQUITY
23532,745RL34,REC 7.45% 2034 SR 232B,,2026-08-06T21:54:25,NSE_EQ,EQUITY
23534,759RL27,REC 7.59% 2027 SR 232A,,2026-08-06T21:54:25,NSE_EQ,EQUITY
23551,885NOM28,NOMURA 8.85% 2028,,2026-08-06T21:54:25,NSE_EQ,EQUITY
23553,AIIL,AUTHUM INVEST & INFRA LTD,,2026-08-06T21:54:25,NSE_EQ,EQUITY
23563,795SHFL34,SHFL 7.95% 2034 SR 339,,2026-08-06T21:54:25,NSE_EQ,EQUITY
23571,755PGCI34,PGCL 7.55% 2034 SRLXXVII,,2026-08-06T21:54:25,NSE_EQ,EQUITY
236,ASIANPAINT,ASIAN PAINTS LIMITED,,2026-08-06T21:54:25,NSE_EQ,EQUITY
23604,1035CCSP27,CCSPL 10.35% 2027,,2026-08-06T21:54:25,NSE_EQ,EQUITY
23607,BALUFORGE,BALU FORGE INDUSTRIES LTD,,2026-08-06T21:54:25,NSE_EQ,EQUITY
23621,JNKINDIA,JNK INDIA LIMITED,,2026-08-06T21:54:25,NSE_EQ,EQUITY
23626,751NHB31,NHB 7.51% 2031,,2026-08-06T21:54:25,NSE_EQ,EQUITY
23628,AAFS27B,AAFS MARKET LINK2027 SRJ,,2026-08-06T21:54:25,NSE_EQ,EQUITY
23650,MUTHOOTFIN,MUTHOOT FINANCE LIMITED,,2026-08-06T21:54:25,NSE_EQ,EQUITY
23656,789SDIL29,SUMMIT DIG 7.89% 2029,,2026-08-06T21:54:25,NSE_EQ,EQUITY
23658,859CIFCL29,CHOLA 8.59% 2029 SR 640,,2026-08-06T21:54:25,NSE_EQ,EQUITY
23665,903MFL29,MFL 9.03%2029 SR33A OPII,,2026-08-06T21:54:25,NSE_EQ,EQUITY
23667,895MFL27,MFL 8.95% 2027 SR33A OPI,,2026-08-06T21:54:25,NSE_EQ,EQUITY
23669,AAFS27C,AAFS MARKET LINKED 2027,,2026-08-06T21:54:25,NSE_EQ,EQUITY
23671,AAFS34A,AAFS MARKET LINKED 2034,,2026-08-06T21:54:25,NSE_EQ,EQUITY
23702,91MOFSL27,SEC RE NCD 9.10% SR III,,2026-08-06T21:54:25,NSE_EQ,EQUITY
23704,0MOFSL27,SEC RE NCD SR IV,,2026-08-06T21:54:25,NSE_EQ,EQUITY
23706,897MOFSL29,SEC RE NCD 8.97% SR V,,2026-08-06T21:54:25,NSE_EQ,EQUITY
23708,935MOFSL29,SEC RE NCD 9.35% SR VI,,2026-08-06T21:54:25,NSE_EQ,EQUITY
23710,93MOFSL34,SEC RE NCD 9.30% SR VII,,2026-08-06T21:54:25,NSE_EQ,EQUITY
23712,97MOFSL34,SEC RE NCD 9.70% SR VIII,,2026-08-06T21:54:25,NSE_EQ,EQUITY
23722,935AKCF27,AKCFL 9.35% MAY 2027,,2026-08-06T21:54:25,NSE_EQ,EQUITY
23734,858CIF27,CHOLA 8.58% 2027 SR 641,,2026-08-06T21:54:25,NSE_EQ,EQUITY
23740,TBOTEK,TBO TEK LIMITED,,2026-08-06T21:54:25,NSE_EQ,EQUITY
23749,753RECL34,REC 7.53% 2034 SR 233,,2026-08-06T21:54:25,NSE_EQ,EQUITY
23751,787LIC29,LHFL 7.87% 2029 TR 440,,2026-08-06T21:54:25,NSE_EQ,EQUITY
23768,902MFL27,MFL 9.02% 2027,,2026-08-06T21:54:25,NSE_EQ,EQUITY
23797,770NABAR27,NABARD 7.70% 2027 SR 25A,,2026-08-06T21:54:25,NSE_EQ,EQUITY
23809,8137TCL24,TCL 8.137% 2029 SR A,,2026-08-06T21:54:25,NSE_EQ,EQUITY
23837,865CIF29,CHOLA 8.65% 2029 SR 642,,2026-08-06T21:54:25,NSE_EQ,EQUITY
2385,NAVNETEDUL,NAVNEET EDUCATION LTD,,2026-08-06T21:54:25,NSE_EQ,EQUITY
23892,776TIL34,THDC 7.76% 2034 SR X,,2026-08-06T21:54:25,NSE_EQ,EQUITY
23894,758RECL29,REC 7.58% 2029 SR 234-B,,2026-08-06T21:54:25,NSE_EQ,EQUITY
23896,770RECL26,REC 7.70% 2026 SR 234-A,,2026-08-06T21:54:25,NSE_EQ,EQUITY
23898,825SMFG27,SIHFC 8.25% 2027 SR 26,,2026-08-06T21:54:25,NSE_EQ,EQUITY
23900,865CIFL29,CHOLA 8.65% 2029 SR 643,,2026-08-06T21:54:25,NSE_EQ,EQUITY
23907,768LIC34,LHFL 7.68% 2034 TR 441,,2026-08-06T21:54:25,NSE_EQ,EQUITY
23913,759NHB27,NHB 7.59% 2027,,2026-08-06T21:54:25,NSE_EQ,EQUITY
23920,744PFCL34,PFC 7.44% 2034 SR 239,,2026-08-06T21:54:25,NSE_EQ,EQUITY
23942,94SCL27,SEC RE NCD 9.4% SR IV,,2026-08-06T21:54:25,NSE_EQ,EQUITY
23944,99SCL27,SEC RE NCD 9.9% SR IV,,2026-08-06T21:54:25,NSE_EQ,EQUITY
23946,902SCL27A,SEC RE NCD 9.02% SR V,,2026-08-06T21:54:25,NSE_EQ,EQUITY
23948,948SCL27A,SEC RE NCD 9.48% SR V,,2026-08-06T21:54:25,NSE_EQ,EQUITY
23950,SCL310524A,SEC RE NCD SR VI,,2026-08-06T21:54:25,NSE_EQ,EQUITY
23952,1015SCL29,SEC RE NCD 10.15% SR VII,,2026-08-06T21:54:25,NSE_EQ,EQUITY
23955,925SCL29A,SEC RE NCD 9.25% SR VIII,,2026-08-06T21:54:25,NSE_EQ,EQUITY
23958,971SCL29A,SEC RE NCD 9.71% SR VIII,,2026-08-06T21:54:25,NSE_EQ,EQUITY
23961,10SCL31A,SEC RE NCD 10% SR IX,,2026-08-06T21:54:25,NSE_EQ,EQUITY
23964,1050SCL31,SEC RE NCD 10.5% SR IX,,2026-08-06T21:54:25,NSE_EQ,EQUITY
23967,1003SCL31,SEC RE NCD 10.03% SR X,,2026-08-06T21:54:25,NSE_EQ,EQUITY
23970,1075SCL34,SEC RE NCD 10.75% SR XI,,2026-08-06T21:54:25,NSE_EQ,EQUITY
23972,98SCL34,SEC RE NCD 9.80% SR XII,,2026-08-06T21:54:25,NSE_EQ,EQUITY
23974,1025SCL34A,SEC RE NCD 10.25% SR XII,,2026-08-06T21:54:25,NSE_EQ,EQUITY
23980,817TFSIL27,TFSIL 8.17% 2027 SR S46,,2026-08-06T21:54:25,NSE_EQ,EQUITY
23982,8277SMF27,SICCL 8.277% 2027 SR 107,,2026-08-06T21:54:25,NSE_EQ,EQUITY
23988,909MFL29,MFL 9.09% 2029 SR 35A,,2026-08-06T21:54:25,NSE_EQ,EQUITY
23990,9CIFL34,CHOLA 9% 2034 SR SD70,,2026-08-06T21:54:25,NSE_EQ,EQUITY
24023,75IREDA34,IREDA 7.50% 2034 SRXVI A,,2026-08-06T21:54:25,NSE_EQ,EQUITY
24035,825TPL27,TPL 8.25% 2027 SR Q,,2026-08-06T21:54:25,NSE_EQ,EQUITY
24039,830SMF29,SICCL 8.3040% 2029 SR108,,2026-08-06T21:54:25,NSE_EQ,EQUITY
24041,865TVSH29,TVS HOLDINGS 8.65% 2029,,2026-08-06T21:54:25,NSE_EQ,EQUITY
2406,NEULANDLAB,NEULAND LAB LTD.,,2026-08-06T21:54:25,NSE_EQ,EQUITY
24063,805SHFL29,SHFL 8.05% 2029 SR 340,,2026-08-06T21:54:25,NSE_EQ,EQUITY
24065,744IRF34,IRFC 7.44% 2034 SR.179,,2026-08-06T21:54:25,NSE_EQ,EQUITY
24067,IXIGO,LE TRAVENUES TECHNOLOGY L,,2026-08-06T21:54:25,NSE_EQ,EQUITY
24073,792LIC27,LHFL 7.9265% 2027 TR 442,,2026-08-06T21:54:25,NSE_EQ,EQUITY
24075,735RECL34,REC 7.35% 2034 SR 235,,2026-08-06T21:54:25,NSE_EQ,EQUITY
24089,805TCHFL29,TCHFL 8.05% 2029 SR A,,2026-08-06T21:54:25,NSE_EQ,EQUITY
24114,759NH27,NHB 7.59% 2027,,2026-08-06T21:54:25,NSE_EQ,EQUITY
24129,807NIIF29,NIFL 8.07% 2029 SR 01,,2026-08-06T21:54:25,NSE_EQ,EQUITY
24131,812SFL27,SFL 8.12% 2027 SR Y2,,2026-08-06T21:54:25,NSE_EQ,EQUITY
24137,957IIFLS27,SEC RE NCD 9.57% SR III,,2026-08-06T21:54:25,NSE_EQ,EQUITY
24139,10IIFLSF27,SEC RE NCD 10.00% SR IV,,2026-08-06T21:54:25,NSE_EQ,EQUITY
24141,1003IIFL29,SEC RE NCD 10.03% SR V,,2026-08-06T21:54:25,NSE_EQ,EQUITY
24143,1050IIFL29,SEC RE NCD 10.50% SR VI,,2026-08-06T21:54:25,NSE_EQ,EQUITY
24145,RETAIL,JHS SVENDGAARD RETAIL V L,,2026-08-06T21:54:25,NSE_EQ,EQUITY
24159,AFIL,AKME FINTRADE (INDIA) LTD,,2026-08-06T21:54:25,NSE_EQ,EQUITY
24171,768SID27,SIDBI 7.68% 2027 SR I,,2026-08-06T21:54:25,NSE_EQ,EQUITY
24177,825NOM27,NOM 8.25% 2027 SR 01,,2026-08-06T21:54:25,NSE_EQ,EQUITY
24179,744IREDA34,IR 7.44% 2034 XVI B,,2026-08-06T21:54:25,NSE_EQ,EQUITY
24184,PIIND,PI INDUSTRIES LTD,,2026-08-06T21:54:25,NSE_EQ,EQUITY
24190,SYMPHONY,SYMPHONY LIMITED,,2026-08-06T21:54:25,NSE_EQ,EQUITY
24196,VADILALIND,VADILAL INDUSTRIES LTD,,2026-08-06T21:54:25,NSE_EQ,EQUITY
2421,NILKAMAL,NILKAMAL LIMITED,,2026-08-06T21:54:25,NSE_EQ,EQUITY
24225,RELAXO,RELAXO FOOT LTD.,,2026-08-06T21:54:25,NSE_EQ,EQUITY
24253,842GIL27,GIL 8.42% 2027 SR 01,,2026-08-06T21:54:25,NSE_EQ,EQUITY
24255,793TPRE34,TP 7.93% 2034 SR II,,2026-08-06T21:54:25,NSE_EQ,EQUITY
24257,793TPRE29,TP 7.93% 2029 SR I,,2026-08-06T21:54:25,NSE_EQ,EQUITY
24260,864CIFL29,CI 8.64% 2029 644,,2026-08-06T21:54:25,NSE_EQ,EQUITY
24265,ESTER,ESTER INDUSTRIES LTD,,2026-08-06T21:54:25,NSE_EQ,EQUITY
24282,736SBOI39,SBOI 7.36% SR 1,,2026-08-06T21:54:25,NSE_EQ,EQUITY
24284,98VFPL28,VFPL 9.80% 2028 SR 17,,2026-08-06T21:54:25,NSE_EQ,EQUITY
24292,VSTTILLERS,VST TILLERS TRACTORS LTD,,2026-08-06T21:54:25,NSE_EQ,EQUITY
24302,816LTFH27,LTFH 8.1629% 2027 SR C,,2026-08-06T21:54:25,NSE_EQ,EQUITY
24308,ABDL,ALLIED BLEND N DISTILS L,,2026-08-06T21:54:25,NSE_EQ,EQUITY
2431,RAILTEL,RAILTEL CORP OF IND LTD,,2026-08-06T21:54:25,NSE_EQ,EQUITY
24317,AAFS28,AAFS MARKET LINKED 2028,,2026-08-06T21:54:25,NSE_EQ,EQUITY
24328,753ICICI34,ICICI 7.53% 2034 DJU24LB,,2026-08-06T21:54:25,NSE_EQ,EQUITY
24347,864CIFL29A,CIFL 8.64% 2029 SR 645,,2026-08-06T21:54:25,NSE_EQ,EQUITY
24364,743NBFID34,NABFID 7.43% 2034,,2026-08-06T21:54:25,NSE_EQ,EQUITY
24370,823SFL34,SFL 8.23% 2034 SR Y3,,2026-08-06T21:54:25,NSE_EQ,EQUITY
24372,833PHFL29,PHFL 8.33% 2029 SR LXII,,2026-08-06T21:54:25,NSE_EQ,EQUITY
24378,RELIABLE,RELIABLE DATA SERVICE LTD,,2026-08-06T21:54:25,NSE_EQ,EQUITY
24383,792TCHF34,TCHFL 7.92% 2034 SR B,,2026-08-06T21:54:25,NSE_EQ,EQUITY
24385,KARMAENG,KARMA ENERGY LIMITED,,2026-08-06T21:54:25,NSE_EQ,EQUITY
2439,NKIND,NK INDUSTRIES LTD,,2026-08-06T21:54:25,NSE_EQ,EQUITY
24403,ASHIANA,ASHIANA HOUSING LTD,,2026-08-06T21:54:25,NSE_EQ,EQUITY
24409,DHANUKA,DHANUKA AGRITECH LTD,,2026-08-06T21:54:25,NSE_EQ,EQUITY
2442,NOCIL,NOCIL LIMITED,,2026-08-06T21:54:25,NSE_EQ,EQUITY
24443,820ABSLI34,ABSLI 8.20% 2034,,2026-08-06T21:54:25,NSE_EQ,EQUITY
24455,736SBI39,SBOI 7.36% 2039 SR 2,,2026-08-06T21:54:25,NSE_EQ,EQUITY
24464,817ABHF27,ABHFL 8.1701% 2027 SR 1,,2026-08-06T21:54:25,NSE_EQ,EQUITY
24466,812ABHF29,ABHFL  8.1168% 2029 SR 2,,2026-08-06T21:54:25,NSE_EQ,EQUITY
24474,739IRFC34,IRFC 7.39% 2034 SR 180,,2026-08-06T21:54:25,NSE_EQ,EQUITY
24476,862HHFL29,HHFL 8.62% 2029 SR 009,,2026-08-06T21:54:25,NSE_EQ,EQUITY
24482,820TFSIL29,TFSIL 8.20% 2029 SR 47,,2026-08-06T21:54:25,NSE_EQ,EQUITY
24484,736IOCL29,IOCL 7.36% 2029 SR 26,,2026-08-06T21:54:25,NSE_EQ,EQUITY
245,ADL,ARCHIDPLY DECOR LIMITED,,2026-08-06T21:54:25,NSE_EQ,EQUITY
24500,756RECL27,REC 7.56% 2027 SR 236B,,2026-08-06T21:54:25,NSE_EQ,EQUITY
24502,745RECL35,REC 7.45% 2035 SR 236A,,2026-08-06T21:54:25,NSE_EQ,EQUITY
24512,897MFL27,MFL 8.97% 2027,,2026-08-06T21:54:25,NSE_EQ,EQUITY
24514,74CB34,CB 7.40% 2034,,2026-08-06T21:54:25,NSE_EQ,EQUITY
24516,754BOI34,BOI 7.54% 2034 SR I,,2026-08-06T21:54:25,NSE_EQ,EQUITY
24538,MAITHANALL,MAITHAN ALLOYS LTD,,2026-08-06T21:54:25,NSE_EQ,EQUITY
24549,10157PCP27,PCPL 10.157% 2027,,2026-08-06T21:54:25,NSE_EQ,EQUITY
24556,835TPL27,TPL 8.35% 2027,,2026-08-06T21:54:25,NSE_EQ,EQUITY
24558,801TCL34,TCL 8.01% 2034,,2026-08-06T21:54:25,NSE_EQ,EQUITY
24560,738PGCIL34,PGC 7.38% 2034,,2026-08-06T21:54:25,NSE_EQ,EQUITY
24580,739IREDA39,IREDA 7.39% 39 SR XVI C,,2026-08-06T21:54:25,NSE_EQ,EQUITY
24582,SANSTAR,SANSTAR LIMITED,,2026-08-06T21:54:25,NSE_EQ,EQUITY
24587,975SCL29,SCL 9.75% 2029,,2026-08-06T21:54:25,NSE_EQ,EQUITY
24593,860GFL27,GFL 8.60% 2027 SR C1,,2026-08-06T21:54:25,NSE_EQ,EQUITY
24595,RUSHIL,RUSHIL DECOR LIMITED,,2026-08-06T21:54:25,NSE_EQ,EQUITY
24596,RELTD,RAVINDRA ENERGY LIMITED,,2026-08-06T21:54:25,NSE_EQ,EQUITY
24604,850CIFL27,CIFL 8.5% 2027 SR 646,,2026-08-06T21:54:25,NSE_EQ,EQUITY
24636,830ABHFL34,ABHFL 8.30% 2034,,2026-08-06T21:54:25,NSE_EQ,EQUITY
24670,85GHFL27,GHFL 8.5% 2027 SR C1,,2026-08-06T21:54:25,NSE_EQ,EQUITY
24672,737IRFC29,IRFC 7.37% 2029 SR 181,,2026-08-06T21:54:25,NSE_EQ,EQUITY
24682,910CIFL31,CIFL 9.10% 2031,,2026-08-06T21:54:25,NSE_EQ,EQUITY
24693,1650RARL27,RARL 16.50% 2027 SR III,,2026-08-06T21:54:25,NSE_EQ,EQUITY
24695,818TFSIL27,TFSIL 8.1841% 27 SR S48,,2026-08-06T21:54:25,NSE_EQ,EQUITY
24715,AKUMS,AKUMS DRUGS AND PHARMA L,,2026-08-06T21:54:25,NSE_EQ,EQUITY
24720,798SHFL26,SHFL 7.98% 2026 SR 341,,2026-08-06T21:54:25,NSE_EQ,EQUITY
24723,830SICC27,SICCL 8.30% 2027 SR 109,,2026-08-06T21:54:25,NSE_EQ,EQUITY
24730,RUBFILA,RUBFILA INTERNATIONAL LTD,,2026-08-06T21:54:25,NSE_EQ,EQUITY
24741,787SDIL30,SDIL 7.87% 2030,,2026-08-06T21:54:25,NSE_EQ,EQUITY
2475,ONGC,OIL AND NATURAL GAS CORP.,,2026-08-06T21:54:25,NSE_EQ,EQUITY
24773,80956ABH26,ABHFL 8.0956% 2026 SR E1,,2026-08-06T21:54:25,NSE_EQ,EQUITY
24775,799RCFL27,RCFL 7.99% 2027 SR 1,,2026-08-06T21:54:25,NSE_EQ,EQUITY
24794,890MFL27A,MFL 8.90% 2027,,2026-08-06T21:54:25,NSE_EQ,EQUITY
24796,828PHFL26,PHFL 8.28% 2026 SR LXIII,,2026-08-06T21:54:25,NSE_EQ,EQUITY
24805,755RECL26,REC LTD 7.55% 26 SR 237,,2026-08-06T21:54:25,NSE_EQ,EQUITY
24809,UNIECOM,UNICOMMERCE ESOLUTIONS L,,2026-08-06T21:54:25,NSE_EQ,EQUITY
2481,ONWARDTEC,ONWARD TECHNOLOGIES LTD,,2026-08-06T21:54:25,NSE_EQ,EQUITY
24814,FIRSTCRY,BRAINBEES SOLUTIONS LTD,,2026-08-06T21:54:25,NSE_EQ,EQUITY
24819,849ABSLI34,ABSLI 8.49% 2034,,2026-08-06T21:54:25,NSE_EQ,EQUITY
24821,975SCL28A,SCL 9.75% 2028,,2026-08-06T21:54:25,NSE_EQ,EQUITY
24834,736NBFID44,NABF 7.36% 2044 SR 2,,2026-08-06T21:54:25,NSE_EQ,EQUITY
24856,SSDL,SARASWATI SAREE DEPOT LTD,,2026-08-06T21:54:25,NSE_EQ,EQUITY
24870,INVENTURE,INVENTURE GRO & SEC LTD,,2026-08-06T21:54:25,NSE_EQ,EQUITY
24877,AAFS28A,AAFS UNDERINVSTR 28 SR L,,2026-08-06T21:54:25,NSE_EQ,EQUITY
24883,781TCHE27,TCHE 7.81% 2027,,2026-08-06T21:54:25,NSE_EQ,EQUITY
24899,732PFCL39,PFC 7.32% 2039 SR 240,,2026-08-06T21:54:25,NSE_EQ,EQUITY
24901,845NOM27,NOMURA 8.45% 2027 SR 4A,,2026-08-06T21:54:25,NSE_EQ,EQUITY
24903,845NOM27A,NOMURA 8.45% 2027 SR 4B,,2026-08-06T21:54:25,NSE_EQ,EQUITY
24909,INTERARCH,INTERARCH BLDNG SOLTN LTD,,2026-08-06T21:54:25,NSE_EQ,EQUITY
2492,SILGO,SILGO RETAIL LIMITED,,2026-08-06T21:54:25,NSE_EQ,EQUITY
24924,ELGIRUBCO,ELGI RUBBER CO. LTD,,2026-08-06T21:54:25,NSE_EQ,EQUITY
2493,ORIENTHOT,ORIENT HOTELS LTD,,2026-08-06T21:54:25,NSE_EQ,EQUITY
24942,775LICH29,LICH 7.75% 2029 SR 444,,2026-08-06T21:54:25,NSE_EQ,EQUITY
2496,ORIENTPPR,ORIENT PAPER AND INDS LTD,,2026-08-06T21:54:25,NSE_EQ,EQUITY
24966,SURAJLTD,SURAJ LIMITED,,2026-08-06T21:54:25,NSE_EQ,EQUITY
24969,WINDMACHIN,WINDSOR MACHINES LIMITED,,2026-08-06T21:54:25,NSE_EQ,EQUITY
24975,73BOB34,BOB 7.30% 2034 SR IV,,2026-08-06T21:54:25,NSE_EQ,EQUITY
24979,731RECL39,REC 7.31% 2039 SR 238,,2026-08-06T21:54:25,NSE_EQ,EQUITY
25,ADANIENT,ADANI ENTERPRISES LIMITED,,2026-08-06T21:54:25,NSE_EQ,EQUITY
25014,722HPCL29,HPCL 7.22% 2029 SR I,,2026-08-06T21:54:25,NSE_EQ,EQUITY
25016,79123SHF26,SHFL 7.9123% 2026 SR 342,,2026-08-06T21:54:25,NSE_EQ,EQUITY
25031,725IRFC34,IRFCL 7.25% 2034 SR 182,,2026-08-06T21:54:25,NSE_EQ,EQUITY
25042,761LIC34,LIC 7.61% 2034 TR 445,,2026-08-06T21:54:25,NSE_EQ,EQUITY
25047,774LIC28,LIC 7.74% 2028 TR 445,,2026-08-06T21:54:25,NSE_EQ,EQUITY
25058,785IIFL27,IIFL SAMASTA 7.85% 2027,,2026-08-06T21:54:25,NSE_EQ,EQUITY
25078,772TIL34,THDC 7.72% 2034 SR XI,,2026-08-06T21:54:25,NSE_EQ,EQUITY
25123,730PFCL34,PFCL 7.30% 2034 SR 241,,2026-08-06T21:54:25,NSE_EQ,EQUITY
2513,BCLIND,BCL INDUSTRIES LIMITED,,2026-08-06T21:54:25,NSE_EQ,EQUITY
25130,840GHFL28,GHFL 8.40% 2028 SR C2,,2026-08-06T21:54:25,NSE_EQ,EQUITY
25132,747SIDBI29,SIDBI 7.47% 2029 SR II,,2026-08-06T21:54:25,NSE_EQ,EQUITY
25134,GALAPREC,GALA PRECISION ENG LTD,,2026-08-06T21:54:25,NSE_EQ,EQUITY
25143,745ABL34,ABL 7.45% 2034 SR 8,,2026-08-06T21:54:25,NSE_EQ,EQUITY
25145,8049ABHF27,ABHFL 8.0490% 2027 F1,,2026-08-06T21:54:25,NSE_EQ,EQUITY
25151,799LTFH27,LF 7.9918% 2027 SR D,,2026-08-06T21:54:25,NSE_EQ,EQUITY
25153,8887HFL26,HFL 8.8871% 2026 SR 66,,2026-08-06T21:54:25,NSE_EQ,EQUITY
25155,980SFIL29,ICCL 9.80% 2029,,2026-08-06T21:54:25,NSE_EQ,EQUITY
25176,726BOB34,BOB 7.26% 2034 SR V,,2026-08-06T21:54:25,NSE_EQ,EQUITY
25178,TDPOWERSYS,TD POWER SYSTEMS LTD.,,2026-08-06T21:54:25,NSE_EQ,EQUITY
25201,736IRED39,IREDA 7.36% 2039 SR XVI,,2026-08-06T21:54:25,NSE_EQ,EQUITY
25203,BALAJEE,SHREE TIRUPATI BALAJEE L,,2026-08-06T21:54:25,NSE_EQ,EQUITY
25227,803ABHFL29,ABHFL 8.03% 2029 SR F2,,2026-08-06T21:54:25,NSE_EQ,EQUITY
25229,807SMFG27,SIHF 8.07% 2027 SR 27,,2026-08-06T21:54:25,NSE_EQ,EQUITY
25235,XTGLOBAL,XTGLOBAL INFOTECH LIMITED,,2026-08-06T21:54:25,NSE_EQ,EQUITY
25262,TOLINS,TOLINS TYRES LIMITED,,2026-08-06T21:54:25,NSE_EQ,EQUITY
25270,BAJAJHFL,BAJAJ HOUSING FINANCE LTD,,2026-08-06T21:54:25,NSE_EQ,EQUITY
25277,925AEL26,SEC RE NCD 9.25% SR I,,2026-08-06T21:54:25,NSE_EQ,EQUITY
25280,AEL120924,SEC RE NCD SR II,,2026-08-06T21:54:25,NSE_EQ,EQUITY
25283,932AEL27,SEC RE NCD 9.32% SR III,,2026-08-06T21:54:25,NSE_EQ,EQUITY
25287,965AEL27,SEC RE NCD 9.65% SR IV,,2026-08-06T21:54:25,NSE_EQ,EQUITY
25292,AEL120924A,SEC RE NCD SR V,,2026-08-06T21:54:25,NSE_EQ,EQUITY
25294,956AEL29,SEC RE NCD 9.56% SR VI,,2026-08-06T21:54:25,NSE_EQ,EQUITY
25296,99AEL29,SEC RE NCD 9.90% SR VII,,2026-08-06T21:54:25,NSE_EQ,EQUITY
25298,AEL120924B,SEC RE NCD SR VIII,,2026-08-06T21:54:25,NSE_EQ,EQUITY
25312,PNGJL,P N GADGIL JEWELLERS LTD,,2026-08-06T21:54:25,NSE_EQ,EQUITY
25318,724INBK34,INBK 7.24% 2034 SR I,,2026-08-06T21:54:25,NSE_EQ,EQUITY
25328,APLLTD,ALEMBIC PHARMA LTD,,2026-08-06T21:54:25,NSE_EQ,EQUITY
2535,PGHH,P&G HYGIENE & HEALTH CARE,,2026-08-06T21:54:25,NSE_EQ,EQUITY
25358,PGEL,PG ELECTROPLAST LTD,,2026-08-06T21:54:25,NSE_EQ,EQUITY
25372,785TRPEL34,TPREL 7.85% 2034,,2026-08-06T21:54:25,NSE_EQ,EQUITY
25374,845GHFL29,GHFL 8.45% 2029 SR C3,,2026-08-06T21:54:25,NSE_EQ,EQUITY
25376,765LICH31,LICH 7.65% 2031 SR 446,,2026-08-06T21:54:25,NSE_EQ,EQUITY
25390,799NIIF29,NIIF 7.99% 2029 SR PP 2,,2026-08-06T21:54:25,NSE_EQ,EQUITY
25393,840CIFL27,CIFL 8.40% 2027,,2026-08-06T21:54:25,NSE_EQ,EQUITY
25435,727PFCL31,PFC 7.27% 2031 SR 242A,,2026-08-06T21:54:25,NSE_EQ,EQUITY
25437,722PFCL39,PFC 7.22% 2039 242B,,2026-08-06T21:54:25,NSE_EQ,EQUITY
25439,786TCHFL29,TCHFL 7.86% 2029,,2026-08-06T21:54:25,NSE_EQ,EQUITY
25441,744NBRD28,NBRD 7.44% 2028 SR 25C,,2026-08-06T21:54:25,NSE_EQ,EQUITY
25451,815SICC27,SICC 8.15% 2027,,2026-08-06T21:54:25,NSE_EQ,EQUITY
25455,815SICC26,SICC 8.15% 2026,,2026-08-06T21:54:25,NSE_EQ,EQUITY
25462,AAFS28B,AAFS MARKET LINKED 2028,,2026-08-06T21:54:25,NSE_EQ,EQUITY
25464,12VCCL27,VCCL 12% 2027 SR A,,2026-08-06T21:54:25,NSE_EQ,EQUITY
25466,12VCCL29,VCCL 12% 2029 SR B,,2026-08-06T21:54:25,NSE_EQ,EQUITY
25468,PAISALO,PAISALO DIGITAL LIMITED,,2026-08-06T21:54:25,NSE_EQ,EQUITY
25482,TIJARIA,TIJARIA POLYPIPES LTD,,2026-08-06T21:54:25,NSE_EQ,EQUITY
25508,824PHFL28,PHFL 8.24% 2028 SR LXIV,,2026-08-06T21:54:25,NSE_EQ,EQUITY
25510,MOTHERSON,SAMVARDHANA MOTHERSON INT,,2026-08-06T21:54:25,NSE_EQ,EQUITY
25532,925SCL26E,SEC RE NCD 9.25% SR I,,2026-08-06T21:54:25,NSE_EQ,EQUITY
25534,965SCL26F,SEC RE NCD 9.65% SR I,,2026-08-06T21:54:25,NSE_EQ,EQUITY
25537,925SCL26F,SEC RE NCD 9.25% SR II,,2026-08-06T21:54:25,NSE_EQ,EQUITY
25542,SCL25924,SEC RE NCD SR III,,2026-08-06T21:54:25,NSE_EQ,EQUITY
25544,SCL25924A,SEC RE NCD SR III,,2026-08-06T21:54:25,NSE_EQ,EQUITY
25546,940SCL27A,SEC RE NCD 9.40% SR IV,,2026-08-06T21:54:25,NSE_EQ,EQUITY
25548,990SCL27B,SEC RE NCD 9.90% SR IV,,2026-08-06T21:54:25,NSE_EQ,EQUITY
25550,902SCL27C,SEC RE NCD 9.02% SR V,,2026-08-06T21:54:25,NSE_EQ,EQUITY
25552,948SCL27D,SEC RE NCD 9.48% SR V,,2026-08-06T21:54:25,NSE_EQ,EQUITY
25554,SCL25924C,SEC RE NCD SR VI,,2026-08-06T21:54:25,NSE_EQ,EQUITY
25556,SCL25924D,SEC RE NCD SR VI,,2026-08-06T21:54:25,NSE_EQ,EQUITY
25558,1015SCL29B,SEC RE NCD 10.15% SR VII,,2026-08-06T21:54:25,NSE_EQ,EQUITY
25560,925SCL29C,SEC RE NCD 9.25% SR VIII,,2026-08-06T21:54:25,NSE_EQ,EQUITY
25562,971SCL29B,SEC RE NCD 9.71% SR VIII,,2026-08-06T21:54:25,NSE_EQ,EQUITY
25564,1050SCL31A,SEC RE NCD 10.50% SR IX,,2026-08-06T21:54:25,NSE_EQ,EQUITY
25566,1003SCL31A,SEC RE NCD 10.03% SR X,,2026-08-06T21:54:25,NSE_EQ,EQUITY
25568,1025SCL34C,SEC RE NCD 10.25% SR XI,,2026-08-06T21:54:25,NSE_EQ,EQUITY
25570,1075SCL34C,SEC RE NCD 10.75% SR XI,,2026-08-06T21:54:25,NSE_EQ,EQUITY
25572,980SCL34B,SEC RE NCD 9.80% SR XII,,2026-08-06T21:54:25,NSE_EQ,EQUITY
25574,SHAKTIPUMP,SHAKTI PUMPS (I) LTD,,2026-08-06T21:54:25,NSE_EQ,EQUITY
25575,1025SCL34B,SEC RE NCD 10.25% SR XII,,2026-08-06T21:54:25,NSE_EQ,EQUITY
25591,734SIDBI29,SIDBI 7.34% 2029 SR III,,2026-08-06T21:54:25,NSE_EQ,EQUITY
25593,79SHFL27,SHFL 7.9% 2027 SR 343,,2026-08-06T21:54:25,NSE_EQ,EQUITY
25595,AAFS28C,AAFS28C MARKET LINKED 28,,2026-08-06T21:54:25,NSE_EQ,EQUITY
25597,MANBA,MANBA FINANCE LIMITED,,2026-08-06T21:54:25,NSE_EQ,EQUITY
25608,INDOTHAI,INDO THAI SEC LTD,,2026-08-06T21:54:25,NSE_EQ,EQUITY
25622,920HFL30,HFL 9.20% 2030 SR 67,,2026-08-06T21:54:25,NSE_EQ,EQUITY
25624,GFL26,TBILL LKD RESET 26 SR C2,,2026-08-06T21:54:25,NSE_EQ,EQUITY
25626,UYFINCORP,U. Y. FINCORP LIMITED,,2026-08-06T21:54:25,NSE_EQ,EQUITY
25657,975PCPL27A,PCPL 9.75% 2027,,2026-08-06T21:54:25,NSE_EQ,EQUITY
25662,950ISF26,IIFL SAMASTA 9.50% 2026,,2026-08-06T21:54:25,NSE_EQ,EQUITY
25672,DIFFNKG,DIFFUSION ENGINEERS LTD,,2026-08-06T21:54:25,NSE_EQ,EQUITY
25706,0RL34,REC LTD 0% 2034 SR 239,,2026-08-06T21:54:25,NSE_EQ,EQUITY
25718,POLYMED,POLY MEDICURE LIMITED,,2026-08-06T21:54:25,NSE_EQ,EQUITY
25724,RUPA,RUPA & COMPANY LTD,,2026-08-06T21:54:25,NSE_EQ,EQUITY
25737,SRD,SHANKAR LAL RAMPAL LTD,,2026-08-06T21:54:25,NSE_EQ,EQUITY
25742,878MUTF29,MUTF 8.78% 2029,,2026-08-06T21:54:25,NSE_EQ,EQUITY
25780,APLAPOLLO,APL APOLLO TUBES LTD,,2026-08-06T21:54:25,NSE_EQ,EQUITY
25782,814TPL27,TPL 8.14% 2027,,2026-08-06T21:54:25,NSE_EQ,EQUITY
25786,KANANIIND,KANANI INDUSTRIES LTD,,2026-08-06T21:54:25,NSE_EQ,EQUITY
25793,805HLICL34,HLICL 8.05% 2034 SR 1,,2026-08-06T21:54:25,NSE_EQ,EQUITY
25800,GARUDA,GARUDA CONSTRUCT N ENG L,,2026-08-06T21:54:25,NSE_EQ,EQUITY
25805,815PHFL27,PHFL 8.15% 2027 SR LXV,,2026-08-06T21:54:25,NSE_EQ,EQUITY
25812,12VCCL27A,VCCL 12% 2027 SR C,,2026-08-06T21:54:25,NSE_EQ,EQUITY
25814,1180VCCL26,VCCL 11.80% 2026 SR B,,2026-08-06T21:54:25,NSE_EQ,EQUITY
25835,VINCOFE,VINTAGE COFFEE N BVRGS L,,2026-08-06T21:54:25,NSE_EQ,EQUITY
25840,7712TCHF28,TCHFL 7.712% 2028 SR D,,2026-08-06T21:54:25,NSE_EQ,EQUITY
25844,HYUNDAI,HYUNDAI MOTOR INDIA LTD,,2026-08-06T21:54:25,NSE_EQ,EQUITY
25849,757LICH29,LICH 7.57% 2029 SR 447,,2026-08-06T21:54:25,NSE_EQ,EQUITY
25864,975SCL29A,SCL 9.75% 2029 SR I,,2026-08-06T21:54:25,NSE_EQ,EQUITY
25866,925SCL26G,SCL 9.25% 2026 II,,2026-08-06T21:54:25,NSE_EQ,EQUITY
25890,744SIDBI28,SIDBI 7.44% 2028 SR IV,,2026-08-06T21:54:25,NSE_EQ,EQUITY
25905,708PGC34,PGC 7.08% 2034 SR LXXIX,,2026-08-06T21:54:25,NSE_EQ,EQUITY
25907,WAAREEENER,WAAREE ENERGIES LIMITED,,2026-08-06T21:54:25,NSE_EQ,EQUITY
25914,1025UCL26A,SEC RE NCD 10.25% SR II,,2026-08-06T21:54:25,NSE_EQ,EQUITY
25916,1040UCL27B,SEC RE NCD 10.40% SR III,,2026-08-06T21:54:25,NSE_EQ,EQUITY
25931,712INBK34,INBK 7.12% 2034 SR II,,2026-08-06T21:54:25,NSE_EQ,EQUITY
25933,7875NIIF30,NIIF 7.875% 30 SR PP 03,,2026-08-06T21:54:25,NSE_EQ,EQUITY
25939,7798LTFH29,LTFH 7.798% 2029 SR F,,2026-08-06T21:54:25,NSE_EQ,EQUITY
25946,835TCSL27,TVS CREDIT 8.35% 2027,,2026-08-06T21:54:25,NSE_EQ,EQUITY
25948,765SHFL29,SHFL 7.65% 2029 SR 344,,2026-08-06T21:54:25,NSE_EQ,EQUITY
2595,3PLAND,3P LAND HOLDINGS LIMITED,,2026-08-06T21:54:25,NSE_EQ,EQUITY
25950,SIHF27,SIHF T-BILL LKD 27 SR 28,,2026-08-06T21:54:25,NSE_EQ,EQUITY
25977,AFCONS,AFCONS INFRASTRUCTURE LTD,,2026-08-06T21:54:25,NSE_EQ,EQUITY
25982,758SDIL31,SDIL 7.58% 2031,,2026-08-06T21:54:25,NSE_EQ,EQUITY
25984,AVL,ADITYA VISION LIMITED,,2026-08-06T21:54:25,NSE_EQ,EQUITY
25989,732IREDA29,IREDA 7.32% 29 SR XVI-E,,2026-08-06T21:54:25,NSE_EQ,EQUITY
2614,HERANBA,HERANBA INDUSTRIES LTD,,2026-08-06T21:54:25,NSE_EQ,EQUITY
2643,PFIZER,PFIZER LTD,,2026-08-06T21:54:25,NSE_EQ,EQUITY
2645,DRCSYSTEMS,DRC SYSTEMS INDIA LIMITED,,2026-08-06T21:54:25,NSE_EQ,EQUITY
2649,PCBL,PCBL CHEMICAL LIMITED,,2026-08-06T21:54:25,NSE_EQ,EQUITY
2664,PIDILITIND,PIDILITE INDUSTRIES LTD,,2026-08-06T21:54:25,NSE_EQ,EQUITY
2687,POLYPLEX,POLYPLEX CORPORATION LTD,,2026-08-06T21:54:25,NSE_EQ,EQUITY
27020,ABINFRA,A B INFRABUILD LIMITED,,2026-08-06T21:54:25,NSE_EQ,EQUITY
27021,890BTL34,BTL 8.90% 2034 SR XXIII,,2026-08-06T21:54:25,NSE_EQ,EQUITY
27023,865BTL27,BTL 8.65% 2027 SR XIX,,2026-08-06T21:54:25,NSE_EQ,EQUITY
27025,890BTL31,BTL 8.90% 2031 SR XXII,,2026-08-06T21:54:25,NSE_EQ,EQUITY
27027,825BTL27,BTL 8.25% 2027 SR XIV,,2026-08-06T21:54:25,NSE_EQ,EQUITY
27029,875BTL28,BTL 8.75% 2028 SR XX,,2026-08-06T21:54:25,NSE_EQ,EQUITY
27031,875BTL29,BTL 8.75% 2029 SR XXI,,2026-08-06T21:54:25,NSE_EQ,EQUITY
27033,78241ABH29,ABHFL 7.8241% 2029 SR H1,,2026-08-06T21:54:25,NSE_EQ,EQUITY
27035,747IIFCL27,IIFCL 7.47% 2027 SR 2,,2026-08-06T21:54:25,NSE_EQ,EQUITY
27037,TBZ,TRIB BHIMJI ZAVERI LTD,,2026-08-06T21:54:25,NSE_EQ,EQUITY
27038,726IIFCL34,IIFCL 7.26% 2034 SR 1,,2026-08-06T21:54:25,NSE_EQ,EQUITY
27047,MASTERTR,MASTER TRUST LIMITED,,2026-08-06T21:54:25,NSE_EQ,EQUITY
27052,SAGILITY,SAGILITY LIMITED,,2026-08-06T21:54:25,NSE_EQ,EQUITY
27057,709RL39,REC 7.09% 2039 SR 240A,,2026-08-06T21:54:25,NSE_EQ,EQUITY
27059,734RL30,REC 7.34% 2030 SR 240B,,2026-08-06T21:54:25,NSE_EQ,EQUITY
27061,ACMESOLAR,ACME SOLAR HOLDINGS LTD,,2026-08-06T21:54:25,NSE_EQ,EQUITY
27066,SWIGGY,SWIGGY LIMITED,,2026-08-06T21:54:25,NSE_EQ,EQUITY
27092,850CIFL34,CIFL 8.50% 2034 SR 649,,2026-08-06T21:54:25,NSE_EQ,EQUITY
27094,776FEDB34,FEDB 7.76% 2034 SR 1,,2026-08-06T21:54:25,NSE_EQ,EQUITY
27095,SWANCORP,SWAN CORP LIMITED,,2026-08-06T21:54:25,NSE_EQ,EQUITY
27097,NIVABUPA,NIVA BUPA HEALTH INS CO L,,2026-08-06T21:54:25,NSE_EQ,EQUITY
2711,PRECOT,PRECOT LIMITED,,2026-08-06T21:54:25,NSE_EQ,EQUITY
27121,715IRFC39,IRFCL 7.15% 2039 SR 183,,2026-08-06T21:54:25,NSE_EQ,EQUITY
27128,723SBI39,SBI 7.23% 2039 SR 3,,2026-08-06T21:54:25,NSE_EQ,EQUITY
27130,714NHB34,NHB 7.14% 2034,,2026-08-06T21:54:25,NSE_EQ,EQUITY
27132,920DCBBL34,DCB 9.20% 2034 SR I,,2026-08-06T21:54:25,NSE_EQ,EQUITY
27134,1020CCSP27,CCSP 10.20% 2027 SR 02,,2026-08-06T21:54:25,NSE_EQ,EQUITY
27144,BLACKBUCK,BLACKBUCK LIMITED,,2026-08-06T21:54:25,NSE_EQ,EQUITY
27158,770SHFL29,SHFL 7.70% 2029 SR 345,,2026-08-06T21:54:25,NSE_EQ,EQUITY
27160,810GIL28,GIL 8.10% 2028 SR 01,,2026-08-06T21:54:25,NSE_EQ,EQUITY
27161,CINELINE,CINELINE INDIA LIMITED,,2026-08-06T21:54:25,NSE_EQ,EQUITY
27163,815GIL29,GIL 8.15% 2029 SR 02,,2026-08-06T21:54:25,NSE_EQ,EQUITY
27171,RACLGEAR,RACL GEARTECH LIMITED,,2026-08-06T21:54:25,NSE_EQ,EQUITY
27181,722UCL34,UCL 7.22% 2034,,2026-08-06T21:54:25,NSE_EQ,EQUITY
27211,751SIDBI28,SIDBI 7.51% 2028 SR V,,2026-08-06T21:54:25,NSE_EQ,EQUITY
27226,737IREDA31,IREDA 7.37% 31 SR XVI-F,,2026-08-06T21:54:25,NSE_EQ,EQUITY
27267,815PNB27,PNB 8.15% 2027 SR LXVI,,2026-08-06T21:54:25,NSE_EQ,EQUITY
27278,741BOI34,BOI 7.41% 2034 SR II,,2026-08-06T21:54:25,NSE_EQ,EQUITY
27280,774LICH27,LICH 7.74% 2027 SR 448,,2026-08-06T21:54:25,NSE_EQ,EQUITY
27282,778SHFL28,SHFL 7.78% 2028 SR 346,,2026-08-06T21:54:25,NSE_EQ,EQUITY
27292,892CIFL34,CIFL 8.92% 2034 SR SD73,,2026-08-06T21:54:25,NSE_EQ,EQUITY
27297,RTNINDIA,RATTANINDIA ENT LIMITED,,2026-08-06T21:54:25,NSE_EQ,EQUITY
27303,SAMPANN,SAMPANN UTPADAN INDIA LTD,,2026-08-06T21:54:25,NSE_EQ,EQUITY
27304,793NIIF30,NIIF 7.93% 2030 SR PP 04,,2026-08-06T21:54:25,NSE_EQ,EQUITY
27376,719LT34,LT 7.19% 2034,,2026-08-06T21:54:25,NSE_EQ,EQUITY
27396,818TPL27,TPL 8.18% 2027 SR T,,2026-08-06T21:54:25,NSE_EQ,EQUITY
27408,935TSI29,TSI 9.35% 29 SR I-C,,2026-08-06T21:54:25,NSE_EQ,EQUITY
27421,935TSIIC28,TSIIC 9.35% 2028 SR I- B,,2026-08-06T21:54:25,NSE_EQ,EQUITY
27431,935TSI32,TSI 9.35% 32 SR I-F,,2026-08-06T21:54:25,NSE_EQ,EQUITY
27441,935TSI34,TSI 9.35% 34 SR I-H,,2026-08-06T21:54:25,NSE_EQ,EQUITY
27448,935TSI30,TSI 9.35% 30 SR I-D,,2026-08-06T21:54:25,NSE_EQ,EQUITY
275,AUROPHARMA,AUROBINDO PHARMA LTD,,2026-08-06T21:54:25,NSE_EQ,EQUITY
27526,935TSIIC33,TSIIC 9.35% 2033 SR 1- G,,2026-08-06T21:54:25,NSE_EQ,EQUITY
27537,935TSI27,TSI 9.35% 27 SR I-A,,2026-08-06T21:54:25,NSE_EQ,EQUITY
27553,935TSI31,TSI 9.35% 31 SR I-E,,2026-08-06T21:54:25,NSE_EQ,EQUITY
27598,711PFCL40,PFCL 7.11% 2040 SR 243A,,2026-08-06T21:54:25,NSE_EQ,EQUITY
27617,710PFCL35,PFCL 7.10% 2035 SR 243B,,2026-08-06T21:54:25,NSE_EQ,EQUITY
277,GICRE,GENERAL INS CORP OF INDIA,,2026-08-06T21:54:25,NSE_EQ,EQUITY
27711,723DMEDL34,DME 7.23% 2034 SR I,,2026-08-06T21:54:25,NSE_EQ,EQUITY
27713,785ABHFL28,ABHFL 7.8461% 2028 SR I1,,2026-08-06T21:54:25,NSE_EQ,EQUITY
27750,769LICH26,LICH 7.69% 2026 SR 449,,2026-08-06T21:54:25,NSE_EQ,EQUITY
27754,INNOVANA,INNOVANA THINKLABS LTD,,2026-08-06T21:54:25,NSE_EQ,EQUITY
278,AUTOAXLES,AUTOMOTIVE AXLES LIMITED,,2026-08-06T21:54:25,NSE_EQ,EQUITY
27803,775LTFL27,LFL 7.75% 2027 SR G,,2026-08-06T21:54:25,NSE_EQ,EQUITY
27811,714EXIM29,EXIM 7.14% 2029 SR 1,,2026-08-06T21:54:25,NSE_EQ,EQUITY
2783,JUBLINGREA,JUBILANT INGREVIA LIMITED,,2026-08-06T21:54:25,NSE_EQ,EQUITY
27839,SAILIFE,SAI LIFE SCIENCES LIMITED,,2026-08-06T21:54:25,NSE_EQ,EQUITY
27907,780SICC29,SICC 7.80% 2029 SR 111,,2026-08-06T21:54:25,NSE_EQ,EQUITY
27928,775SFL26,SFL 7.75% 2026 SR Y4,,2026-08-06T21:54:25,NSE_EQ,EQUITY
27934,965SFL27,SFL 9.65% 2027,,2026-08-06T21:54:25,NSE_EQ,EQUITY
27951,709IRFC34,IRFCL 7.09% 2034 SR 184,,2026-08-06T21:54:25,NSE_EQ,EQUITY
27969,VMM,VISHAL MEGA MART LIMITED,,2026-08-06T21:54:25,NSE_EQ,EQUITY
28046,MOBIKWIK,ONE MOBIKWIK SYSTEMS LTD,,2026-08-06T21:54:25,NSE_EQ,EQUITY
28109,790LTFL34,LTFL 7.90% 34 SR B,,2026-08-06T21:54:25,NSE_EQ,EQUITY
2814,ARVEE,ARVEE LABORATORIES I LTD,,2026-08-06T21:54:25,NSE_EQ,EQUITY
2829,ANURAS,ANUPAM RASAYAN INDIA LTD,,2026-08-06T21:54:25,NSE_EQ,EQUITY
28314,ANUHPHR,ANUH PHARMA LIMITED,,2026-08-06T21:54:25,NSE_EQ,EQUITY
2837,RANASUG,RANA SUGARS LTD.,,2026-08-06T21:54:25,NSE_EQ,EQUITY
28371,714NPC39,NPC 7.14% 2039 SR 39,,2026-08-06T21:54:25,NSE_EQ,EQUITY
28378,IGIL,INTL GEMOLOGICAL INST LTD,,2026-08-06T21:54:25,NSE_EQ,EQUITY
2841,LXCHEM,LAXMI ORGANIC INDUS LTD,,2026-08-06T21:54:25,NSE_EQ,EQUITY
28479,710RECL35,REC LTD 7.10% 35 SR 241,,2026-08-06T21:54:25,NSE_EQ,EQUITY
28493,720NHB31,NHB 7.20% 2031,,2026-08-06T21:54:25,NSE_EQ,EQUITY
28503,816KSFP29,KSFP 8.164% 2029 SR I1,,2026-08-06T21:54:25,NSE_EQ,EQUITY
28519,803ICPR34,ICPR 8.03% 2034 SR 1,,2026-08-06T21:54:25,NSE_EQ,EQUITY
28539,799TFSIL27,TFSIL 7.99% 2027 SR 49,,2026-08-06T21:54:25,NSE_EQ,EQUITY
28550,774PSB34,PSB 7.74% 2034 SR 1,,2026-08-06T21:54:25,NSE_EQ,EQUITY
28569,990IIFL27,IFL 9.90% 2027 SR D28,,2026-08-06T21:54:25,NSE_EQ,EQUITY
28615,712PGCIL34,PG 7.12% 2034 SR LXXX,,2026-08-06T21:54:25,NSE_EQ,EQUITY
2866,RCF,RASHTRIYA CHEMICALS & FER,,2026-08-06T21:54:25,NSE_EQ,EQUITY
28662,DAMCAPITAL,DAM CAPITAL ADVISORS LTD,,2026-08-06T21:54:25,NSE_EQ,EQUITY
28687,MAMATA,MAMATA MACHINERY LIMITED,,2026-08-06T21:54:25,NSE_EQ,EQUITY
2871,10IIFL28A,UNSE RE NCD 10% SR.I,,2026-08-06T21:54:25,NSE_EQ,EQUITY
28714,TRANSRAILL,TRANSRAIL LIGHTING LTD,,2026-08-06T21:54:25,NSE_EQ,EQUITY
28764,CEWATER,CONCORD ENVIRO SYSTEMS L,,2026-08-06T21:54:25,NSE_EQ,EQUITY
2877,96IIFL28A,UNSE RE NCD 9.6% SR.II,,2026-08-06T21:54:25,NSE_EQ,EQUITY
28786,716PFCL40,PFCL 7.16% 2040 SR 244A,,2026-08-06T21:54:25,NSE_EQ,EQUITY
28791,74PFCL30,PFCL 7.40% 2030 SR 244B,,2026-08-06T21:54:25,NSE_EQ,EQUITY
28795,748SIDBI29,SIDBI 7.48% 2029 SR VI,,2026-08-06T21:54:25,NSE_EQ,EQUITY
28797,770TPREL34,TPREL 7.70% 2034,,2026-08-06T21:54:25,NSE_EQ,EQUITY
28799,805NIT32,NIT 8.05% 2032 SR 1,,2026-08-06T21:54:25,NSE_EQ,EQUITY
2883,IIFLZC28,UNSE RE NCD 0% SR.III,,2026-08-06T21:54:25,NSE_EQ,EQUITY
28840,7685TCHF28,TCHF 7.685% 2028 E,,2026-08-06T21:54:25,NSE_EQ,EQUITY
28852,885IHL26,SEC RE NCD 8.85% SR I,,2026-08-06T21:54:25,NSE_EQ,EQUITY
28854,IHFL261224,SEC RE NCD SR II,,2026-08-06T21:54:25,NSE_EQ,EQUITY
28856,865IHFL27,SEC RE NCD 8.65% SR III,,2026-08-06T21:54:25,NSE_EQ,EQUITY
28858,9IHFL27,SEC RE NCD 9% SR IV,,2026-08-06T21:54:25,NSE_EQ,EQUITY
28859,PROZONER,PROZONE REALTY LIMITED,,2026-08-06T21:54:25,NSE_EQ,EQUITY
28861,IHF261224,SEC RE NCD SR V,,2026-08-06T21:54:25,NSE_EQ,EQUITY
28869,89IHFL29,SEC RE NCD 8.90% SR VI,,2026-08-06T21:54:25,NSE_EQ,EQUITY
28872,925IHFL29,SEC RE NCD 9.25% SR VII,,2026-08-06T21:54:25,NSE_EQ,EQUITY
28874,IHF261224A,SEC RE NCD SR VIII,,2026-08-06T21:54:25,NSE_EQ,EQUITY
28876,925IHFL31,SEC RE NCD 9.25% SR IX,,2026-08-06T21:54:25,NSE_EQ,EQUITY
28895,715IRFC34,IRFCL 7.15% 2034 SR 185,,2026-08-06T21:54:25,NSE_EQ,EQUITY
28897,925SCL26Z,SCL 9.25% 2026 SR I,,2026-08-06T21:54:25,NSE_EQ,EQUITY
28898,965SCL26Y,SCL 9.65% 2026 SR I,,2026-08-06T21:54:25,NSE_EQ,EQUITY
28899,KITEX,KITEX GARMENTS LTD,,2026-08-06T21:54:25,NSE_EQ,EQUITY
28900,888SCL26X,SCL 8.88% 2026 SR II,,2026-08-06T21:54:25,NSE_EQ,EQUITY
28901,925SCL26W,SCL 9.25% 2026 SR II,,2026-08-06T21:54:25,NSE_EQ,EQUITY
28907,SCL271224,SCL 0% 2026 SR III,,2026-08-06T21:54:25,NSE_EQ,EQUITY
28908,SCL271224A,SCL 0% 2026 SR III,,2026-08-06T21:54:25,NSE_EQ,EQUITY
28913,ROSSELLIND,ROSSELL INDIA LIMITED,,2026-08-06T21:54:25,NSE_EQ,EQUITY
28914,94SCL27U,SCL 9.40% 2027 SR IV,,2026-08-06T21:54:25,NSE_EQ,EQUITY
28915,99SCL27V,SCL 9.90% 2027 SR IV,,2026-08-06T21:54:25,NSE_EQ,EQUITY
28920,902SCL27Q,SCL 9.02% 2027 SR V,,2026-08-06T21:54:25,NSE_EQ,EQUITY
28921,948SCL27R,SCL 9.48% 2027 SR V,,2026-08-06T21:54:25,NSE_EQ,EQUITY
28923,SCL271224B,SCL 0% 2027 SR VI,,2026-08-06T21:54:25,NSE_EQ,EQUITY
28924,965SCL29S,SCL 9.65% 2029 SR VII,,2026-08-06T21:54:25,NSE_EQ,EQUITY
28925,1015SCL29T,SCL 10.15% 2029 SR VII,,2026-08-06T21:54:25,NSE_EQ,EQUITY
28926,925SCL29S,SCL 9.25% 2029 SR VIII,,2026-08-06T21:54:25,NSE_EQ,EQUITY
28927,971SCL29T,SCL 9.71% 2029 SR VIII,,2026-08-06T21:54:25,NSE_EQ,EQUITY
28928,1050SCL31T,SCL 10.50% 2031 SR IX,,2026-08-06T21:54:25,NSE_EQ,EQUITY
28929,1003SCL31P,SCL 10.03% 2031 SR X,,2026-08-06T21:54:25,NSE_EQ,EQUITY
28930,1025SCL34U,SCL 10.25% 2034 SR XI,,2026-08-06T21:54:25,NSE_EQ,EQUITY
28931,1075SCL34T,SCL 10.75% 2034 SR XI,,2026-08-06T21:54:25,NSE_EQ,EQUITY
28932,98SCL34Z,SCL 9.80% 2034 SR XII,,2026-08-06T21:54:25,NSE_EQ,EQUITY
28933,1025SCL34Z,SCL 10.25% 2034 SR XII,,2026-08-06T21:54:25,NSE_EQ,EQUITY
28965,818GFL26,GFL 8.18% 2026 SR C3,,2026-08-06T21:54:25,NSE_EQ,EQUITY
28967,102CCSP27A,CCSP 10.20% 2027 SR 03,,2026-08-06T21:54:25,NSE_EQ,EQUITY
28973,825TCSL27,TCSL 8.25% 2027,,2026-08-06T21:54:25,NSE_EQ,EQUITY
28975,93HFL34,HFL 9.3% 34 SR 70 OP III,,2026-08-06T21:54:25,NSE_EQ,EQUITY
28977,87HFL27,HFL 8.7% 27 SR 70 OP II,,2026-08-06T21:54:25,NSE_EQ,EQUITY
28979,87HFL26,HFL 8.7% 2026 SR 70,,2026-08-06T21:54:25,NSE_EQ,EQUITY
28981,819CIFL26,CIFL 8.19% 2026 SR 650,,2026-08-06T21:54:25,NSE_EQ,EQUITY
29008,TVSHLTD,TVS HOLDINGS LIMITED,,2026-08-06T21:54:25,NSE_EQ,EQUITY
29017,950ISF26A,ISF 9.50% 2026,,2026-08-06T21:54:25,NSE_EQ,EQUITY
29022,810NIT40,NIT 8.10% 2040 SR 1,,2026-08-06T21:54:25,NSE_EQ,EQUITY
29025,INDOFARM,INDO FARM EQUIPMENT LTD,,2026-08-06T21:54:25,NSE_EQ,EQUITY
29035,725IOCL30,IOCL 7.25% 2030 SR 27,,2026-08-06T21:54:25,NSE_EQ,EQUITY
29037,930PFL27,PCHFL 9.30% 2027,,2026-08-06T21:54:25,NSE_EQ,EQUITY
29073,8104PHFL28,PHFL 8.104% 28 SR LXVII,,2026-08-06T21:54:25,NSE_EQ,EQUITY
29075,SETL,STANDARD ENGNG TCNLGY LTD,,2026-08-06T21:54:25,NSE_EQ,EQUITY
2909,RICOAUTO,RICO AUTO INDUSTRIES LTD,,2026-08-06T21:54:25,NSE_EQ,EQUITY
29096,830TPL28,TPL 8.30% 2028 SR U,,2026-08-06T21:54:25,NSE_EQ,EQUITY
29098,DDEVPLSTIK,DDEV PLASTIKS IND LTD,,2026-08-06T21:54:25,NSE_EQ,EQUITY
29103,773TCHFL30,TCHFL 7.73% 2030 SR F,,2026-08-06T21:54:25,NSE_EQ,EQUITY
29105,995SCL35,SCL 9.95% 2035 SR III,,2026-08-06T21:54:25,NSE_EQ,EQUITY
29111,738REC27TF,TAXFREE SEC NCD TR1 S2,,2026-08-06T21:54:25,NSE_EQ,EQUITY
29113,CARERATING,CARE RATINGS LIMITED,,2026-08-06T21:54:25,NSE_EQ,EQUITY
2912,RIIL,RELIANCE INDUSTRIAL INFRA,,2026-08-06T21:54:25,NSE_EQ,EQUITY
29135,INDUSTOWER,INDUS TOWERS LIMITED,,2026-08-06T21:54:25,NSE_EQ,EQUITY
29155,720RECL35,REC 7.20% 2035 SR 242,,2026-08-06T21:54:25,NSE_EQ,EQUITY
29167,723BOB35,BOB 7.23% 2035 SR VI,,2026-08-06T21:54:25,NSE_EQ,EQUITY
29169,770SUNF28,SUNF 7.70% 2028 SR Y5,,2026-08-06T21:54:25,NSE_EQ,EQUITY
29171,LAXMIDENTL,LAXMI DENTAL LIMITED,,2026-08-06T21:54:25,NSE_EQ,EQUITY
29180,725IRFC35B,IRFCL 7.25% 2035 SR 186,,2026-08-06T21:54:25,NSE_EQ,EQUITY
29184,867MUTF30,MUTF 8.67% 2030,,2026-08-06T21:54:25,NSE_EQ,EQUITY
29190,78537ABH30,ABHFL 7.8537% 2030 SR J1,,2026-08-06T21:54:25,NSE_EQ,EQUITY
29196,728IREDA35,IREDA 7.28% 2035 XVI-G,,2026-08-06T21:54:25,NSE_EQ,EQUITY
29200,758LICH35,LICH 7.58% 2035 SR 450,,2026-08-06T21:54:25,NSE_EQ,EQUITY
29202,806TFSIL28,TFSIL 8.06% 2028 SR S50,,2026-08-06T21:54:25,NSE_EQ,EQUITY
29204,STALLION,STALLION IND FLUOROCHEM L,,2026-08-06T21:54:25,NSE_EQ,EQUITY
29233,720LT35,LT 7.20% 2035,,2026-08-06T21:54:25,NSE_EQ,EQUITY
29245,875TVSH30,TVSH 8.75% 2030,,2026-08-06T21:54:25,NSE_EQ,EQUITY
29247,PFL230125A,3M OIS SPREAD 2.33 BPS,,2026-08-06T21:54:25,NSE_EQ,EQUITY
29249,900CIFL35,CIFL 9.00% 2035 SR SD 74,,2026-08-06T21:54:25,NSE_EQ,EQUITY
29251,ITCHOTELS,ITC HOTELS LIMITED,,2026-08-06T21:54:25,NSE_EQ,EQUITY
29264,735EXIM28,EXIM 7.35% 2028 SR AA02,,2026-08-06T21:54:25,NSE_EQ,EQUITY
29266,720NHPC35,NHPC 7.20% 2035 SR AE,,2026-08-06T21:54:25,NSE_EQ,EQUITY
29268,729NHB31,NHB 7.29% 2031,,2026-08-06T21:54:25,NSE_EQ,EQUITY
29274,12VCCL29A,VCCL12% 2029,,2026-08-06T21:54:25,NSE_EQ,EQUITY
29276,970ISF28,ISF 9.70% 2028,,2026-08-06T21:54:25,NSE_EQ,EQUITY
29305,766LICH29,LICH 7.66% 2029 SR 451,,2026-08-06T21:54:25,NSE_EQ,EQUITY
29312,751HUDCO28,7.51 NCD 16FEB28 TR1 SR2,,2026-08-06T21:54:25,NSE_EQ,EQUITY
29323,734IRFC28,7.34 NCD 19FEB28 TR1 SR2,,2026-08-06T21:54:25,NSE_EQ,EQUITY
2933,863REC29,BOND8.63% PA TF TR II S2A,,2026-08-06T21:54:25,NSE_EQ,EQUITY
2935,861REC34,BOND8.61% PA TF TR II S3A,,2026-08-06T21:54:25,NSE_EQ,EQUITY
29423,MOHITIND,MOHIT INDUSTRIES LTD,,2026-08-06T21:54:25,NSE_EQ,EQUITY
29425,0NHIT35,NHIT 0% 35 SR I STRPP B,,2026-08-06T21:54:25,NSE_EQ,EQUITY
29432,0NHIT34,NHIT 0% 34 SR I STRPP A,,2026-08-06T21:54:25,NSE_EQ,EQUITY
29439,SUPREME,SUPREME HOLDIN N HOSP I L,,2026-08-06T21:54:25,NSE_EQ,EQUITY
29452,AGARWALEYE,DR AGARWALS HEALTH CARE L,,2026-08-06T21:54:25,NSE_EQ,EQUITY
29457,790CANF30,CANF 7.90% 2030 SR 1,,2026-08-06T21:54:25,NSE_EQ,EQUITY
29459,MOSCHIP,MOSCHIP TECHNOLOGIES LTD,,2026-08-06T21:54:25,NSE_EQ,EQUITY
29467,79742SIC30,SICCL 7.9742% 2030 112,,2026-08-06T21:54:25,NSE_EQ,EQUITY
29469,865MFL28,MFL 8.65% 2028,,2026-08-06T21:54:25,NSE_EQ,EQUITY
2947,888REC29,BOND8.88% PA TF TR II S2B,,2026-08-06T21:54:25,NSE_EQ,EQUITY
29472,PROTEAN,PROTEAN EGOV TECHNO LTD,,2026-08-06T21:54:25,NSE_EQ,EQUITY
29482,MCLOUD,MAGELLANIC CLOUD LIMITED,,2026-08-06T21:54:25,NSE_EQ,EQUITY
29492,ORCHASP,ORCHASP LIMITED,,2026-08-06T21:54:25,NSE_EQ,EQUITY
2951,S&SPOWER,S&S POWER SWITCHGEARS LTD,,2026-08-06T21:54:25,NSE_EQ,EQUITY
29525,725NBFI40,NABF 7.25% 2040 SR 3,,2026-08-06T21:54:25,NSE_EQ,EQUITY
2953,886REC34,BOND8.86% PA TF TR II S3B,,2026-08-06T21:54:25,NSE_EQ,EQUITY
29531,918IHFL28,IHFL 9.18% 2028 SR K1,,2026-08-06T21:54:25,NSE_EQ,EQUITY
29533,950ISF27,ISF 9.50% 2027,,2026-08-06T21:54:25,NSE_EQ,EQUITY
29535,805PHFL30,PHFL 8.05% 30 SR LXVIII,,2026-08-06T21:54:25,NSE_EQ,EQUITY
29537,724PFCL35,PFC 7.24% 2035 SR 245A,,2026-08-06T21:54:25,NSE_EQ,EQUITY
29539,725PFCL45,PFC 7.25% 2045 SR 245B,,2026-08-06T21:54:25,NSE_EQ,EQUITY
29545,860TPL31,TPL 8.60% 2031 SR V,,2026-08-06T21:54:25,NSE_EQ,EQUITY
29551,775CIT38,CIT 7.75% 2038,,2026-08-06T21:54:25,NSE_EQ,EQUITY
29557,790ABHFL27,ABHFL 7.8989% 2027 SR K2,,2026-08-06T21:54:25,NSE_EQ,EQUITY
29559,786ABHFL28,ABHFL 7.8639% 2028 SR K1,,2026-08-06T21:54:25,NSE_EQ,EQUITY
29583,NATCAPSUQ,NATURAL CAPSULES LIMITED,,2026-08-06T21:54:25,NSE_EQ,EQUITY
29590,JUBLCPL,JUBILANT AGRI N CON PRO L,,2026-08-06T21:54:25,NSE_EQ,EQUITY
29600,742SIDBI29,SIDBI 7.42% 2029 SR VII,,2026-08-06T21:54:25,NSE_EQ,EQUITY
29607,704IRFC28,BOND 7.04% PA TAX FREE S2,,2026-08-06T21:54:25,NSE_EQ,EQUITY
29614,704REC28,BOND 7.04% PA TAX FREE S2,,2026-08-06T21:54:25,NSE_EQ,EQUITY
29624,AJAXENGG,AJAX ENGINEERING LIMITED,,2026-08-06T21:54:25,NSE_EQ,EQUITY
29629,728RECL40,REC 7.28% 2040 SR 243,,2026-08-06T21:54:25,NSE_EQ,EQUITY
2963,SAIL,STEEL AUTHORITY OF INDIA,,2026-08-06T21:54:25,NSE_EQ,EQUITY
29631,756IIFCL28,IIFCL 7.56% 2028,,2026-08-06T21:54:25,NSE_EQ,EQUITY
29639,810HLICL35,HLICL 8.10% 2035 SR II,,2026-08-06T21:54:25,NSE_EQ,EQUITY
29641,728IRFC40,IRFCL 7.28% 2040 SR 187,,2026-08-06T21:54:25,NSE_EQ,EQUITY
29643,779LTFL30,LTFL 7.7989% 2030 SR H,,2026-08-06T21:54:25,NSE_EQ,EQUITY
29650,719HUDCO28,BOND 7.19% PA TAX FREE S2,,2026-08-06T21:54:25,NSE_EQ,EQUITY
29666,HEXT,HEXAWARE TECHNOLOGIES LTD,,2026-08-06T21:54:25,NSE_EQ,EQUITY
29676,773TIL35,THDC 7.73% 2035 SR XII,,2026-08-06T21:54:25,NSE_EQ,EQUITY
29683,820CIFL28,CIFL 8.20% 2028 SR 651,,2026-08-06T21:54:25,NSE_EQ,EQUITY
29685,750BOI35,BOI 7.50% 2035 SR III,,2026-08-06T21:54:25,NSE_EQ,EQUITY
2969,SAKHTISUG,SAKTHI SUGARS LTD,,2026-08-06T21:54:25,NSE_EQ,EQUITY
29717,834MLICL35,MLICL 8.34% 2035,,2026-08-06T21:54:25,NSE_EQ,EQUITY
29719,742PFC28,PFCL 7.42% 2028 SR 246A,,2026-08-06T21:54:25,NSE_EQ,EQUITY
2972,ORIENTELEC,ORIENT ELECTRIC LIMITED,,2026-08-06T21:54:25,NSE_EQ,EQUITY
29721,738PFC32,PFCL 7.38% 2032 SR 246B,,2026-08-06T21:54:25,NSE_EQ,EQUITY
29733,NIBL,NRB INDUS. BEARINGS LTD.,,2026-08-06T21:54:25,NSE_EQ,EQUITY
29742,7645LICH30,LICH 7.645% 2030 SR 452,,2026-08-06T21:54:25,NSE_EQ,EQUITY
29749,12VCCL27B,VCCL 12% 2027,,2026-08-06T21:54:25,NSE_EQ,EQUITY
29942,740IREDA36,IREDA 7.40% 2036 XVI H,,2026-08-06T21:54:25,NSE_EQ,EQUITY
29947,737NBRD35,NBRD 7.37% 2035 SR 25F,,2026-08-06T21:54:25,NSE_EQ,EQUITY
29949,749SIDBI29,SIDBI 7.49% 2029 SR VIII,,2026-08-06T21:54:25,NSE_EQ,EQUITY
29954,735NHB32,NHB 7.35% 2032,,2026-08-06T21:54:25,NSE_EQ,EQUITY
29960,799NIIF37,NIIF 7.99% 2037 SR PP 5,,2026-08-06T21:54:25,NSE_EQ,EQUITY
29963,825TCSL28,TCSL 8.25% 2028,,2026-08-06T21:54:25,NSE_EQ,EQUITY
29969,744PFCL30,PFCL 7.44% 2030 SR 247A,,2026-08-06T21:54:25,NSE_EQ,EQUITY
29971,74PFCL35,PFCL 7.40% 2035 SR 247B,,2026-08-06T21:54:25,NSE_EQ,EQUITY
29973,80980TCL27,TCL 8.0980% 2027,,2026-08-06T21:54:25,NSE_EQ,EQUITY
29979,817GHFL30,GHFL 8.17% 2030 SR C4,,2026-08-06T21:54:25,NSE_EQ,EQUITY
3002,WONDERLA,WONDERLA HOLIDAYS LTD.,,2026-08-06T21:54:25,NSE_EQ,EQUITY
30023,ATULAUTO,ATUL AUTO LIMITED,,2026-08-06T21:54:25,NSE_EQ,EQUITY
30034,734UCL30,UCL 7.34% 2030 SR II,,2026-08-06T21:54:25,NSE_EQ,EQUITY
30036,760CIT38,CIT 7.60% 2038 SR 2,,2026-08-06T21:54:25,NSE_EQ,EQUITY
30039,734UCL28,UCL 7.34% 2028 SR I,,2026-08-06T21:54:25,NSE_EQ,EQUITY
30045,809CANF27,CANF 8.09% 2027 SR 2,,2026-08-06T21:54:25,NSE_EQ,EQUITY
30047,905CIFL32,CIFL 9.05% 2032 SD75,,2026-08-06T21:54:25,NSE_EQ,EQUITY
30059,990IIFL27A,IIFL 9.90% 2027 SR D31,,2026-08-06T21:54:25,NSE_EQ,EQUITY
30061,960SFL35,SFL 9.60% 2035,,2026-08-06T21:54:25,NSE_EQ,EQUITY
30063,790ABHFL28,ABHFL 7.9015% 2028 SR L1,,2026-08-06T21:54:25,NSE_EQ,EQUITY
30089,ORIENTCEM,ORIENT CEMENT LTD.,,2026-08-06T21:54:25,NSE_EQ,EQUITY
3009,KOHINOOR,KOHINOOR FOODS LIMITED,,2026-08-06T21:54:25,NSE_EQ,EQUITY
30125,SAMMAANCAP,SAMMAAN CAPITAL LIMITED,,2026-08-06T21:54:25,NSE_EQ,EQUITY
30134,PRABHA,PRABHA ENERGY LIMITED,,2026-08-06T21:54:25,NSE_EQ,EQUITY
30144,745PFCL28,PFCL 7.45% 2028 SR 248B,,2026-08-06T21:54:25,NSE_EQ,EQUITY
30147,860MFL28,MFL 8.60% 2028,,2026-08-06T21:54:25,NSE_EQ,EQUITY
30149,773LICH27,LICH 7.73% 2027 TR 453,,2026-08-06T21:54:25,NSE_EQ,EQUITY
30194,820CANF27,CANF 8.20% 2027 SR 03,,2026-08-06T21:54:25,NSE_EQ,EQUITY
30196,744RL28,REC 7.44% 2028 SR 245A,,2026-08-06T21:54:25,NSE_EQ,EQUITY
30198,732RL35,REC 7.32% 2035 SR 245B,,2026-08-06T21:54:25,NSE_EQ,EQUITY
30200,793NIIF32,NIIF 7.93% 2032 SR PP 6,,2026-08-06T21:54:25,NSE_EQ,EQUITY
30202,925SCL27A,SCL 9.25% SR I,,2026-08-06T21:54:25,NSE_EQ,EQUITY
30204,1025SCL35A,SCL 10.25% SR XII,,2026-08-06T21:54:25,NSE_EQ,EQUITY
30206,980SCL35,SCL 9.80% SR XII,,2026-08-06T21:54:25,NSE_EQ,EQUITY
30208,940SCL28,SCL 9.40% SR IV,,2026-08-06T21:54:25,NSE_EQ,EQUITY
3021,SOTL,SAVITA OIL TECHNOLO. LTD,,2026-08-06T21:54:25,NSE_EQ,EQUITY
30210,SCL19325A,SCL SR III,,2026-08-06T21:54:25,NSE_EQ,EQUITY
30212,SCL190325,SCL SR VI,,2026-08-06T21:54:25,NSE_EQ,EQUITY
30214,965SCL27,SCL 9.65% SR I,,2026-08-06T21:54:25,NSE_EQ,EQUITY
30218,SCL19325,SCL SR III,,2026-08-06T21:54:25,NSE_EQ,EQUITY
30220,925SCL27B,SCL 9.25% SR II,,2026-08-06T21:54:25,NSE_EQ,EQUITY
30222,990SCL28,SCL 9.90% SR IV,,2026-08-06T21:54:25,NSE_EQ,EQUITY
30224,971SCL30A,SCL 9.71% SR XIII,,2026-08-06T21:54:25,NSE_EQ,EQUITY
30226,SCL190325A,SCL SR VI,,2026-08-06T21:54:25,NSE_EQ,EQUITY
30228,1003SCL32,SCL 10.03% SR X,,2026-08-06T21:54:25,NSE_EQ,EQUITY
30230,971SCL30,SCL 9.71% SR VIII,,2026-08-06T21:54:25,NSE_EQ,EQUITY
30232,1075SCL35,SCL 10.75% SR XI,,2026-08-06T21:54:25,NSE_EQ,EQUITY
30234,1025SCL35,SCL 10.25% SR XI,,2026-08-06T21:54:25,NSE_EQ,EQUITY
30236,1015SCL30,SCL 10.15% SR VII,,2026-08-06T21:54:25,NSE_EQ,EQUITY
30238,902SCL28,SCL 9.02% SR V,,2026-08-06T21:54:25,NSE_EQ,EQUITY
3024,JINDALSAW,JINDAL SAW LIMITED,,2026-08-06T21:54:25,NSE_EQ,EQUITY
30240,948SCL28,SCL 9.48% SR V,,2026-08-06T21:54:25,NSE_EQ,EQUITY
30242,1050SCL32,SCL 10.50% SR IX,,2026-08-06T21:54:25,NSE_EQ,EQUITY
30249,ISHANCH,ISHAN DYES N CHEMICALS L,,2026-08-06T21:54:25,NSE_EQ,EQUITY
30254,835GFL28,GFL 8.35% 2028 SR C4,,2026-08-06T21:54:25,NSE_EQ,EQUITY
30263,726NTPC40,NTPC 7.26% 2040 SR 82,,2026-08-06T21:54:25,NSE_EQ,EQUITY
30265,748NABF28,NABARD 7.48% 2028 SR 25G,,2026-08-06T21:54:25,NSE_EQ,EQUITY
30267,739SIDBI30,SIDBI 7.39% 2030 SR IX,,2026-08-06T21:54:25,NSE_EQ,EQUITY
30269,14RARL30,RARL 14% 2030 SR IV,,2026-08-06T21:54:25,NSE_EQ,EQUITY
30277,758LICH35A,LICH 7.58% 2035 SR 454,,2026-08-06T21:54:25,NSE_EQ,EQUITY
30455,SPECTRUM,SPECTRUM ELECTRIC IND LTD,,2026-08-06T21:54:25,NSE_EQ,EQUITY
30479,774IREDA35,IREDA 7.74% 2035 SD-III,,2026-08-06T21:54:25,NSE_EQ,EQUITY
3048,SCI,SHIPPING CORP OF INDIA LT,,2026-08-06T21:54:25,NSE_EQ,EQUITY
30487,717IRFC35,IRFCL 7.17% 2035 SR 188,,2026-08-06T21:54:25,NSE_EQ,EQUITY
30489,712EXIM30,EXIM 7.12% 2030 SR AA03,,2026-08-06T21:54:25,NSE_EQ,EQUITY
30492,819CIFL27,CIFL 8.19% 2027 SR 652,,2026-08-06T21:54:25,NSE_EQ,EQUITY
30496,805TFSIL28,TFSIL 8.0504% 2028,,2026-08-06T21:54:25,NSE_EQ,EQUITY
3066,SESHAPAPER,SESHASAYEE PAPER & BOARDS,,2026-08-06T21:54:25,NSE_EQ,EQUITY
30717,825ABHFL31,ABHFL 8.25% 2031 SR C1,,2026-08-06T21:54:25,NSE_EQ,EQUITY
30723,822ABHFL29,ABHFL 8.22% 2029 SR C2,,2026-08-06T21:54:25,NSE_EQ,EQUITY
3078,SHANTIGEAR,SHANTHI GEARS LTD,,2026-08-06T21:54:25,NSE_EQ,EQUITY
3088,INDOSTAR,INDOSTAR CAPITAL FIN LTD,,2026-08-06T21:54:25,NSE_EQ,EQUITY
30893,CMRGREEN,CMR GREEN TECHNOLOGIES L,,2026-08-06T21:54:25,NSE_EQ,EQUITY
30984,846REC28,BOND 8.46% TAX FREE S2A,,2026-08-06T21:54:25,NSE_EQ,EQUITY
30986,837REC33,BOND 8.37% TAX FREE S3A,,2026-08-06T21:54:25,NSE_EQ,EQUITY
30990,871REC28,BOND 8.71% TAX FREE S2B,,2026-08-06T21:54:25,NSE_EQ,EQUITY
30992,862REC33,BOND 8.62% TAX FREE S3B,,2026-08-06T21:54:25,NSE_EQ,EQUITY
31040,830NHAI27,BOND 8.30% PA TAX FREE S2,,2026-08-06T21:54:25,NSE_EQ,EQUITY
31128,810IRFC27,BOND 8.10% PA TAX FREE S2,,2026-08-06T21:54:25,NSE_EQ,EQUITY
31163,RHIM,RHI MAGNESITA INDIA LTD,,2026-08-06T21:54:25,NSE_EQ,EQUITY
312,TIINDIA,TUBE INVEST OF INDIA LTD,,2026-08-06T21:54:25,NSE_EQ,EQUITY
31234,SCHNEIDER,SCHNEIDER ELECTRIC INFRA,,2026-08-06T21:54:25,NSE_EQ,EQUITY
31240,82HUDCO27,8.20 NCD05MAR27 FV 1000,,2026-08-06T21:54:25,NSE_EQ,EQUITY
3126,SHREYANIND,SHREYANS INDUSTRIES LTD,,2026-08-06T21:54:25,NSE_EQ,EQUITY
31265,835PHFL31,PHFL 8.35% 2031 SR LXXVI,,2026-08-06T21:54:25,NSE_EQ,EQUITY
3138,HONDAPOWER,HONDA I POWER PRODUCT LTD,,2026-08-06T21:54:25,NSE_EQ,EQUITY
31468,AURUS,AURUS GEM CORP LIMITED,,2026-08-06T21:54:25,NSE_EQ,EQUITY
31483,854NHPC28,8.54% SEC RED BOND S2A,,2026-08-06T21:54:25,NSE_EQ,EQUITY
31484,867NHPC33,8.67% SEC RED BOND S3A,,2026-08-06T21:54:25,NSE_EQ,EQUITY
31486,879NHPC28,8.79% SEC RED BOND S2B,,2026-08-06T21:54:25,NSE_EQ,EQUITY
31487,892NHPC33,8.92% SEC RED BOND S3B,,2026-08-06T21:54:25,NSE_EQ,EQUITY
3149,BORORENEW,BOROSIL RENEWABLES LTD,,2026-08-06T21:54:25,NSE_EQ,EQUITY
3150,SIEMENS,SIEMENS LTD,,2026-08-06T21:54:25,NSE_EQ,EQUITY
3162,SIMPLEXINF,SIMPLEX INFRASTRUCTURES L,,2026-08-06T21:54:25,NSE_EQ,EQUITY
317,BAJFINANCE,BAJAJ FINANCE LIMITED,,2026-08-06T21:54:25,NSE_EQ,EQUITY
31760,848NTPC28,8.48%S-R-NCD SERIES 2A,,2026-08-06T21:54:25,NSE_EQ,EQUITY
31762,866NTPC33,8.66%S-R-NCD SERIES 3A,,2026-08-06T21:54:25,NSE_EQ,EQUITY
31766,873NTPC28,8.73%S-R-NCD SERIES 2B,,2026-08-06T21:54:25,NSE_EQ,EQUITY
31768,891NTPC33,8.91%S-R-NCD SERIES 3B,,2026-08-06T21:54:25,NSE_EQ,EQUITY
31785,8TIAPL35,TIAPL 8% 2035 SR I,,2026-08-06T21:54:25,NSE_EQ,EQUITY
31920,8TIAPL36,TIAPL 8.0% 2036 SR II,,2026-08-06T21:54:25,NSE_EQ,EQUITY
31927,738RECL29,REC 7.38% 2029 SR 253,,2026-08-06T21:54:25,NSE_EQ,EQUITY
31966,863NHB29,BOND 8.63%PA TF TR-I S 2A,,2026-08-06T21:54:25,NSE_EQ,EQUITY
31967,863NHB34,BOND 8.76%PA TF TR-I S 3A,,2026-08-06T21:54:25,NSE_EQ,EQUITY
31969,888NHB29,BOND 8.88%PA TF TR-I S 2B,,2026-08-06T21:54:25,NSE_EQ,EQUITY
31970,901NHB34,BOND 9.01%PA TF TR-I S 3B,,2026-08-06T21:54:25,NSE_EQ,EQUITY
3220,LODHA,LODHA DEVELOPERS LIMITED,,2026-08-06T21:54:25,NSE_EQ,EQUITY
3237,JTEKTINDIA,JTEKT INDIA LIMITED,,2026-08-06T21:54:25,NSE_EQ,EQUITY
3247,NITIRAJ,NITIRAJ ENGINEERS LTD,,2026-08-06T21:54:25,NSE_EQ,EQUITY
3252,SPIC,SPIC LTD,,2026-08-06T21:54:25,NSE_EQ,EQUITY
3273,SRF,SRF LTD,,2026-08-06T21:54:25,NSE_EQ,EQUITY
3275,TEMBO,TEMBO GLOBAL IND LTD,,2026-08-06T21:54:25,NSE_EQ,EQUITY
3291,STARPAPER,STAR PAPER MILLS LTD,,2026-08-06T21:54:25,NSE_EQ,EQUITY
3345,SUNDRMFAST,SUNDRAM FASTENERS LTD,,2026-08-06T21:54:25,NSE_EQ,EQUITY
3348,SUNFLAG,SUNFLAG IRON AND STEEL CO,,2026-08-06T21:54:25,NSE_EQ,EQUITY
335,BALKRISIND,BALKRISHNA IND. LTD,,2026-08-06T21:54:25,NSE_EQ,EQUITY
3351,SUNPHARMA,SUN PHARMACEUTICAL IND L,,2026-08-06T21:54:25,NSE_EQ,EQUITY
3363,SUPREMEIND,SUPREME INDUSTRIES LTD,,2026-08-06T21:54:25,NSE_EQ,EQUITY
338,BALMLAWRIE,BALMER LAWRIE & CO LTD,,2026-08-06T21:54:25,NSE_EQ,EQUITY
3384,SWARAJENG,SWARAJ ENGINES LTD,,2026-08-06T21:54:25,NSE_EQ,EQUITY
3389,AGARIND,AGARWAL INDS CORP LTD.,,2026-08-06T21:54:25,NSE_EQ,EQUITY
3396,TAINWALCHM,TAINWALA CHEMICAL AND PLA,,2026-08-06T21:54:25,NSE_EQ,EQUITY
3405,TATACHEM,TATA CHEMICALS LTD,,2026-08-06T21:54:25,NSE_EQ,EQUITY
341,BALRAMCHIN,BALRAMPUR CHINI MILLS LTD,,2026-08-06T21:54:25,NSE_EQ,EQUITY
3417,HONAUT,HONEYWELL AUTOMATION IND,,2026-08-06T21:54:25,NSE_EQ,EQUITY
342,CAMS,COMPUTER AGE MNGT SER LTD,,2026-08-06T21:54:25,NSE_EQ,EQUITY
3428,77IGT28,SEC RE NCD 7.70% SR.III,,2026-08-06T21:54:25,NSE_EQ,EQUITY
3432,TATACONSUM,TATA CONSUMER PRODUCT LTD,,2026-08-06T21:54:25,NSE_EQ,EQUITY
3433,79IGT28,SEC RE NCD 7.90% SR.III,,2026-08-06T21:54:25,NSE_EQ,EQUITY
3435,BBOX,BLACK BOX LIMITED,,2026-08-06T21:54:25,NSE_EQ,EQUITY
3442,749IGT28,SEC RE NCD 7.49% SR.IV,,2026-08-06T21:54:25,NSE_EQ,EQUITY
3451,769IGT28,SEC RE NCD 7.69% SR.IV,,2026-08-06T21:54:25,NSE_EQ,EQUITY
3453,TECILCHEM,TECIL CHEMICALS,,2026-08-06T21:54:25,NSE_EQ,EQUITY
3457,795IGT31,SEC RE NCD 7.95% SR.V,,2026-08-06T21:54:25,NSE_EQ,EQUITY
3464,82IGT31,SEC RE NCD 8.20% SR.V,,2026-08-06T21:54:25,NSE_EQ,EQUITY
3466,TFCILTD,TOURISM FINANCE CORP. OF,,2026-08-06T21:54:25,NSE_EQ,EQUITY
347,BANARBEADS,BANARAS BEADS LTD,,2026-08-06T21:54:25,NSE_EQ,EQUITY
3470,772IGT31,SEC RE NCD 7.72% SR.VI,,2026-08-06T21:54:25,NSE_EQ,EQUITY
3476,797IGT31,SEC RE NCD 7.97% SR.VI,,2026-08-06T21:54:25,NSE_EQ,EQUITY
3482,CLSEL,CHAMAN LAL SETIA EXP LTD,,2026-08-06T21:54:25,NSE_EQ,EQUITY
3496,TIRUMALCHM,THIRUMALAI CHEMICALS LTD,,2026-08-06T21:54:25,NSE_EQ,EQUITY
3499,TATASTEEL,TATA STEEL LIMITED,,2026-08-06T21:54:25,NSE_EQ,EQUITY
350,BANARISUG,BANNARI AMMAN SUGARS LTD,,2026-08-06T21:54:25,NSE_EQ,EQUITY
3506,TITAN,TITAN COMPANY LIMITED,,2026-08-06T21:54:25,NSE_EQ,EQUITY
3512,TNTELE,TAMILNADU TELECOMMUNICATI,,2026-08-06T21:54:25,NSE_EQ,EQUITY
3531,TRANSPEK,TRANSPEK INDUSTRY LTD,,2026-08-06T21:54:25,NSE_EQ,EQUITY
3563,ADANIGREEN,ADANI GREEN ENERGY LTD,,2026-08-06T21:54:25,NSE_EQ,EQUITY
357,NAM-INDIA,NIPPON L I A M LTD,,2026-08-06T21:54:25,NSE_EQ,EQUITY
3570,UCAL,UCAL LIMITED,,2026-08-06T21:54:25,NSE_EQ,EQUITY
3579,UNICHEMLAB,UNICHEM LABORATORIES LTD,,2026-08-06T21:54:25,NSE_EQ,EQUITY
3586,MOKSH,MOKSH ORNAMENTS LIMITED,,2026-08-06T21:54:25,NSE_EQ,EQUITY
3594,UNITECH,UNITECH LTD,,2026-08-06T21:54:25,NSE_EQ,EQUITY
3646,VARDMNPOLY,VARDHMAN POLYTEX LTD.,,2026-08-06T21:54:25,NSE_EQ,EQUITY
3672,SOLARA,SOLARA ACTIVE PHA SCI LTD,,2026-08-06T21:54:25,NSE_EQ,EQUITY
3676,VESUVIUS,VESUVIUS INDIA LTD,,2026-08-06T21:54:25,NSE_EQ,EQUITY
3693,GAYAHWS,GAYATRI HIGHWAYS LIMITED,,2026-08-06T21:54:25,NSE_EQ,EQUITY
3694,VINDHYATEL,VINDHYA TELELINKS LTD,,2026-08-06T21:54:25,NSE_EQ,EQUITY
3715,VLSFINANCE,VLS FINANCE LTD,,2026-08-06T21:54:25,NSE_EQ,EQUITY
3721,TATACOMM,TATA COMMUNICATIONS LTD,,2026-08-06T21:54:25,NSE_EQ,EQUITY
3724,VSTIND,VST INDUSTRIES LTD,,2026-08-06T21:54:25,NSE_EQ,EQUITY
3727,ANMOL,ANMOL INDIA LIMITED,,2026-08-06T21:54:25,NSE_EQ,EQUITY
3736,WALCHANNAG,WALCHANDNAGAR INDUSTRIES,,2026-08-06T21:54:25,NSE_EQ,EQUITY
3744,FINEORG,FINE ORGANIC IND. LTD.,,2026-08-06T21:54:25,NSE_EQ,EQUITY
3757,VENKEYS,VENKY S (INDIA) LIMITED,,2026-08-06T21:54:25,NSE_EQ,EQUITY
3766,WHEELS,WHEELS INDIA LTD,,2026-08-06T21:54:25,NSE_EQ,EQUITY
3772,WILLAMAGOR,WILLIAMSON MAGOR,,2026-08-06T21:54:25,NSE_EQ,EQUITY
3787,WIPRO,WIPRO LTD,,2026-08-06T21:54:25,NSE_EQ,EQUITY
380,BBTC,BOMBAY BURMAH TRADING COR,,2026-08-06T21:54:25,NSE_EQ,EQUITY
3812,ZEEL,ZEE ENTERTAINMENT ENT LTD,,2026-08-06T21:54:25,NSE_EQ,EQUITY
3827,ZUARIIND,ZUARI INDUSTRIES LIMITED,,2026-08-06T21:54:25,NSE_EQ,EQUITY
383,BEL,BHARAT ELECTRONICS LTD,,2026-08-06T21:54:25,NSE_EQ,EQUITY
3834,BHARATRAS,BHARAT RASAYAN LTD,,2026-08-06T21:54:25,NSE_EQ,EQUITY
385,MAHLOG,MAHINDRA LOGISTIC LIMITED,,2026-08-06T21:54:25,NSE_EQ,EQUITY
3857,VARROC,VARROC ENGINEERING LTD.,,2026-08-06T21:54:25,NSE_EQ,EQUITY
3880,SOMANYCERA,SOMANY CERAMICS LIMITED,,2026-08-06T21:54:25,NSE_EQ,EQUITY
3906,CAPLIPOINT,CAPLIN POINT LAB LTD.,,2026-08-06T21:54:25,NSE_EQ,EQUITY
3963,GOCLCORP,GOCL CORPORATION LIMITED,,2026-08-06T21:54:25,NSE_EQ,EQUITY
3965,REMSONSIND,REMSONS INDUSTRIES LTD,,2026-08-06T21:54:25,NSE_EQ,EQUITY
3972,PARASPETRO,PARAS PETROFILS LTD.,,2026-08-06T21:54:25,NSE_EQ,EQUITY
3980,TNPL,TAMILNADU NEWSPRT & PAPER,,2026-08-06T21:54:25,NSE_EQ,EQUITY
399,NIACL,THE NEW INDIA ASSU CO LTD,,2026-08-06T21:54:25,NSE_EQ,EQUITY
4007,CORALFINAC,CORAL INDIA FIN & HOUS LT,,2026-08-06T21:54:25,NSE_EQ,EQUITY
4010,PVP,PVP VENTURES LIMITED,,2026-08-06T21:54:25,NSE_EQ,EQUITY
4014,NAVA,NAVA LIMITED,,2026-08-06T21:54:25,NSE_EQ,EQUITY
404,BERGEPAINT,BERGER PAINTS (I) LTD,,2026-08-06T21:54:25,NSE_EQ,EQUITY
4040,EIMCOELECO,EIMCO ELECON (INDIA) LTD,,2026-08-06T21:54:25,NSE_EQ,EQUITY
4041,JAYAGROGN,JAYANT AGRO ORGANICS LTD,,2026-08-06T21:54:25,NSE_EQ,EQUITY
4067,MARICO,MARICO LIMITED,,2026-08-06T21:54:25,NSE_EQ,EQUITY
4105,SILINV,SIL INVESTMENTS LIMITED,,2026-08-06T21:54:25,NSE_EQ,EQUITY
4116,HBSL,HB STOCKHOLDINGS LIMITED,,2026-08-06T21:54:25,NSE_EQ,EQUITY
4127,SAMBHAAV,SAMBHAAV MEDIA LTD,,2026-08-06T21:54:25,NSE_EQ,EQUITY
4136,BIOFILCHEM,BIOFIL CHEM & PHARMA LTD,,2026-08-06T21:54:25,NSE_EQ,EQUITY
4160,NORBTEAEXP,NORBEN TEA & EXPORTS LTD,,2026-08-06T21:54:25,NSE_EQ,EQUITY
4184,SANGAMIND,SANGAM (INDIA) LTD,,2026-08-06T21:54:25,NSE_EQ,EQUITY
419,BEPL,BHANSALI ENG. POLYMERS LT,,2026-08-06T21:54:25,NSE_EQ,EQUITY
422,BHARATFORG,BHARAT FORGE LTD,,2026-08-06T21:54:25,NSE_EQ,EQUITY
4221,VISAKAIND,VISAKA INDUSTRIES LIMITED,,2026-08-06T21:54:25,NSE_EQ,EQUITY
4244,HDFCAMC,HDFC AMC LIMITED,,2026-08-06T21:54:25,NSE_EQ,EQUITY
4279,DENORA,DE NORA INDIA LIMITED,,2026-08-06T21:54:25,NSE_EQ,EQUITY
4288,943ECL28,SEC RED NCD 9.43% SR. VI,,2026-08-06T21:54:25,NSE_EQ,EQUITY
4292,985ECL28,SEC RED NCD 9.85% SR. VII,,2026-08-06T21:54:25,NSE_EQ,EQUITY
4294,BDR,BDR BUILDCON LIMITED,,2026-08-06T21:54:25,NSE_EQ,EQUITY
4344,PUNJABCHEM,PUNJAB CHEM & CROP PROT L,,2026-08-06T21:54:25,NSE_EQ,EQUITY
438,BHEL,BHEL,,2026-08-06T21:54:25,NSE_EQ,EQUITY
4394,MIRZAINT,MIRZA INTERNATIONAL LIMIT,,2026-08-06T21:54:25,NSE_EQ,EQUITY
4410,JAGSNPHARM,JAGSONPAL PHARMACEUTICALS,,2026-08-06T21:54:25,NSE_EQ,EQUITY
4421,CREDITACC,CREDITACCESS GRAMEEN LTD,,2026-08-06T21:54:25,NSE_EQ,EQUITY
4444,HAWKINCOOK,HAWKINS COOKERS LTD,,2026-08-06T21:54:25,NSE_EQ,EQUITY
4469,ELECTHERM,ELECTROTHERM (I) LTD.,,2026-08-06T21:54:25,NSE_EQ,EQUITY
4481,AARTIDRUGS,AARTI DRUGS LTD.,,2026-08-06T21:54:25,NSE_EQ,EQUITY
4491,BOSCH-HCIL,BOSCH HOME COMFRT IND LTD,,2026-08-06T21:54:25,NSE_EQ,EQUITY
4503,MPHASIS,MPHASIS LIMITED,,2026-08-06T21:54:25,NSE_EQ,EQUITY
4522,SIGIND,SIGNET INDUSTRIES LIMITED,,2026-08-06T21:54:25,NSE_EQ,EQUITY
4548,GUJRAFFIA,GUJARAT RAFFIA INDUST LTD,,2026-08-06T21:54:25,NSE_EQ,EQUITY
4568,ATLASCYCLE,ATLAS CYCLE (HARYANA) LTD,,2026-08-06T21:54:25,NSE_EQ,EQUITY
4587,RAMCOIND,RAMCO INDUSTRIES LIMITED,,2026-08-06T21:54:25,NSE_EQ,EQUITY
4594,KOTHARIPET,KOTHARI PETROCHEM LTD,,2026-08-06T21:54:25,NSE_EQ,EQUITY
4598,HERITGFOOD,HERITAGE FOODS LTD,,2026-08-06T21:54:25,NSE_EQ,EQUITY
4656,SBCL,SHIVALIK BIMETAL CON. LTD,,2026-08-06T21:54:25,NSE_EQ,EQUITY
4681,BLUECHIP,BLUE CHIP INDIA LIMITED,,2026-08-09T04:07:49,NSE_EQ,EQUITY
4684,SONACOMS,SONA BLW PRECISION FRGS L,,2026-08-06T21:54:25,NSE_EQ,EQUITY
4693,SHYAMMETL,SHYAM METALICS AND ENGY L,,2026-08-06T21:54:25,NSE_EQ,EQUITY
471,OSWALGREEN,OSWAL GREENTECH LIMITED,,2026-08-06T21:54:25,NSE_EQ,EQUITY
4717,GAIL,GAIL (INDIA) LTD,,2026-08-06T21:54:25,NSE_EQ,EQUITY
474,3MINDIA,3M INDIA LIMITED,,2026-08-06T21:54:25,NSE_EQ,EQUITY
4747,INDNIPPON,INDIA NIPPON ELECT  LTD,,2026-08-06T21:54:25,NSE_EQ,EQUITY
4749,CONCOR,CONTAINER CORP OF IND LTD,,2026-08-06T21:54:25,NSE_EQ,EQUITY
4751,INDRAMEDCO,INDRAPRASTHA MEDICAL CORP,,2026-08-06T21:54:25,NSE_EQ,EQUITY
4775,DCMFINSERV,DCM FINANCIAL SERVICES LT,,2026-08-06T21:54:25,NSE_EQ,EQUITY
48,HAPPSTMNDS,HAPPIEST MINDS TECHNO LTD,,2026-08-06T21:54:25,NSE_EQ,EQUITY
480,BIRLACORPN,BIRLA CORPORATION LTD,,2026-08-06T21:54:25,NSE_EQ,EQUITY
4809,KCPSUGIND,KCP SUGAR IND CORP LTD.,,2026-08-06T21:54:25,NSE_EQ,EQUITY
4847,KIMS,KRISHNA INST OF MED SCI L,,2026-08-06T21:54:25,NSE_EQ,EQUITY
4870,INDSWFTLAB,IND SWIFT LABORATORIES LT,,2026-08-06T21:54:25,NSE_EQ,EQUITY
489,ICEMAKE,ICE MAKE REFRIGERAT LTD,,2026-08-06T21:54:25,NSE_EQ,EQUITY
4892,SAREGAMA,SAREGAMA INDIA LIMITED,,2026-08-06T21:54:25,NSE_EQ,EQUITY
4907,ENGINERSIN,ENGINEERS INDIA LTD,,2026-08-06T21:54:25,NSE_EQ,EQUITY
4911,MADRASFERT,MADRAS FERTILISERS LTD,,2026-08-06T21:54:25,NSE_EQ,EQUITY
4926,931SFIL26A,SERENCD8.75%SRVICI&II,,2026-08-06T21:54:25,NSE_EQ,EQUITY
4930,96SFIL24A,SERENCD8.84%SRVICIII&IV,,2026-08-06T21:54:25,NSE_EQ,EQUITY
4934,IPL,INDIA PESTICIDES LIMITED,,2026-08-06T21:54:25,NSE_EQ,EQUITY
4936,97SFIL26A,SERENCD9.10%SRVIICI&II,,2026-08-06T21:54:25,NSE_EQ,EQUITY
4942,92SFIL28,SERENCD9.20%SRVIICIII&IV,,2026-08-06T21:54:25,NSE_EQ,EQUITY
4953,ADROITINFO,ADROIT INFOTECH LIMITED,,2026-08-06T21:54:25,NSE_EQ,EQUITY
498,903SFL28,SEC RED NCD 9.03% SR. II,,2026-08-06T21:54:25,NSE_EQ,EQUITY
4986,IRCON,IRCON INTERNATIONAL LTD,,2026-08-06T21:54:25,NSE_EQ,EQUITY
4992,SHARDACROP,SHARDA CROPCHEM LTD.,,2026-08-06T21:54:25,NSE_EQ,EQUITY
5049,CLEAN,CLEAN SCIENCE & TECH LTD,,2026-08-06T21:54:25,NSE_EQ,EQUITY
5054,GRINFRA,G R INFRAPROJECTS LIMITED,,2026-08-06T21:54:25,NSE_EQ,EQUITY
5097,ETERNAL,ETERNAL LIMITED,,2026-08-06T21:54:25,NSE_EQ,EQUITY
5114,SGIL,SYNERGY GREEN IND. LTD,,2026-08-06T21:54:25,NSE_EQ,EQUITY
513,BOMDYEING,BOMBAY DYEING & MFG. CO L,,2026-08-06T21:54:25,NSE_EQ,EQUITY
5143,JAICORPLTD,JAI CORP LIMITED,,2026-08-06T21:54:25,NSE_EQ,EQUITY
5155,875PFL31,SEC RE NCD 8.75% SR.V,,2026-08-06T21:54:25,NSE_EQ,EQUITY
5160,9PFL31A,SEC RE NCD 9% SR.V,,2026-08-06T21:54:25,NSE_EQ,EQUITY
5162,TATVA,TATVA CHIN PHARM CHEM LTD,,2026-08-06T21:54:25,NSE_EQ,EQUITY
5186,STYLAMIND,STYLAM INDUSTRIES LIMITED,,2026-08-06T21:54:25,NSE_EQ,EQUITY
5194,ANTGRAPHIC,ANTARCTICA LTD,,2026-08-06T21:54:25,NSE_EQ,EQUITY
5200,GRAUWEIL,GRAUER & WEIL IND LTD,,2026-08-06T21:54:25,NSE_EQ,EQUITY
5204,GMDCLTD,GUJARAT MINERAL DEV CORP,,2026-08-06T21:54:25,NSE_EQ,EQUITY
5212,10IIFL28,UNSEC RE NCD 10% SR.I,,2026-08-06T21:54:25,NSE_EQ,EQUITY
5214,96IIFL28,UNSEC RE NCD 9.60% SR.II,,2026-08-06T21:54:25,NSE_EQ,EQUITY
5217,IIFLZC28C,UNSEC RE NCD 0% SR.III,,2026-08-06T21:54:25,NSE_EQ,EQUITY
5258,INDUSINDBK,INDUSIND BANK LIMITED,,2026-08-06T21:54:25,NSE_EQ,EQUITY
526,BPCL,BHARAT PETROLEUM CORP  LT,,2026-08-06T21:54:25,NSE_EQ,EQUITY
5265,ALIVUS,ALIVUS LIFE SCIENCES LTD,,2026-08-06T21:54:25,NSE_EQ,EQUITY
527,UTIAMC,UTI ASSET MNGMT CO LTD,,2026-08-06T21:54:25,NSE_EQ,EQUITY
5279,ROLEXRINGS,ROLEX RINGS LIMITED,,2026-08-06T21:54:25,NSE_EQ,EQUITY
5313,UGROCAP,UGRO CAPITAL LIMITED,,2026-08-06T21:54:25,NSE_EQ,EQUITY
5352,EXXARO,EXXARO TILES LIMITED,,2026-08-06T21:54:25,NSE_EQ,EQUITY
5359,KRSNAA,KRSNAA DIAGNOSTICS LTD,,2026-08-06T21:54:25,NSE_EQ,EQUITY
5373,DEVYANI,DEVYANI INTERNATIONAL LTD,,2026-08-06T21:54:25,NSE_EQ,EQUITY
5382,EPIGRAL,EPIGRAL LIMITED,,2026-08-06T21:54:25,NSE_EQ,EQUITY
5385,AAVAS,AAVAS FINANCIERS LIMITED,,2026-08-06T21:54:25,NSE_EQ,EQUITY
5394,MOL,MEGHMANI ORGANICS LIMITED,,2026-08-06T21:54:25,NSE_EQ,EQUITY
5407,CARTRADE,CARTRADE TECH LIMITED,,2026-08-06T21:54:25,NSE_EQ,EQUITY
5428,TRIGYN,TRIGYN TECHNOLOGIES LTD,,2026-08-06T21:54:25,NSE_EQ,EQUITY
5435,APTUS,APTUS VALUE HSG FIN I LTD,,2026-08-06T21:54:25,NSE_EQ,EQUITY
547,BRITANNIA,BRITANNIA INDUSTRIES LTD,,2026-08-06T21:54:25,NSE_EQ,EQUITY
5475,GRSE,GARDEN REACH SHIP&ENG LTD,,2026-08-06T21:54:25,NSE_EQ,EQUITY
5507,SERVOTECH,SERVOTECH REN POW SYS LTD,,2026-08-06T21:54:25,NSE_EQ,EQUITY
5516,JAIPURKURT,NANDANI CREATION LIMITED,,2026-08-06T21:54:25,NSE_EQ,EQUITY
5528,KOTHARIPRO,KOTHARI PRODUCTS LTD,,2026-08-06T21:54:25,NSE_EQ,EQUITY
5549,ABMINTLLTD,ABM INTERNATIONAL LTD,,2026-08-06T21:54:25,NSE_EQ,EQUITY
5585,VIJAYA,VIJAYA DIAGNOSTIC CEN LTD,,2026-08-06T21:54:25,NSE_EQ,EQUITY
559,BSL,BSL LTD,,2026-08-06T21:54:25,NSE_EQ,EQUITY
5610,ASTRAZEN,ASTRAZENECA PHARMA IND LT,,2026-08-06T21:54:25,NSE_EQ,EQUITY
5622,CEMPRO,CEMINDIA PROJECTS LIMITED,,2026-08-06T21:54:25,NSE_EQ,EQUITY
5631,PAR,PAR DRUGS AND CHEM LTD,,2026-08-06T21:54:25,NSE_EQ,EQUITY
5650,SHANTI,SHANTI OVERSEAS INDIA LTD,,2026-08-06T21:54:25,NSE_EQ,EQUITY
5688,ARCHIES,ARCHIES LTD,,2026-08-06T21:54:25,NSE_EQ,EQUITY
5701,CUB,CITY UNION BANK LTD,,2026-08-06T21:54:25,NSE_EQ,EQUITY
5751,SANSERA,SANSERA ENGINEERING LTD,,2026-08-06T21:54:25,NSE_EQ,EQUITY
578,LIKHITHA,LIKHITHA INFRASTRUC LTD,,2026-08-06T21:54:25,NSE_EQ,EQUITY
583,CANFINHOME,CAN FIN HOMES LTD,,2026-08-06T21:54:25,NSE_EQ,EQUITY
5850,925SCL26,SEC RE NCD 8.75% SR.VII,,2026-08-06T21:54:25,NSE_EQ,EQUITY
5855,889SCL26,SEC RE NCD 9.25% SR.VII,,2026-08-06T21:54:25,NSE_EQ,EQUITY
5857,975SCL28,SEC RE NCD 8.89% SR.VIII,,2026-08-06T21:54:25,NSE_EQ,EQUITY
5859,889SCL28,UNSE RE NCD 9.75% SR.IX,,2026-08-06T21:54:25,NSE_EQ,EQUITY
5861,935SCL28,UNSE RE NCD 8.89% SR.X,,2026-08-06T21:54:25,NSE_EQ,EQUITY
5863,850SCL25A,UNSE RE NCD 9.35% SR.X,,2026-08-06T21:54:25,NSE_EQ,EQUITY
5865,LAGNAM,LAGNAM SPINTEX LIMITED,,2026-08-06T21:54:25,NSE_EQ,EQUITY
5900,AXISBANK,AXIS BANK LIMITED,,2026-08-06T21:54:25,NSE_EQ,EQUITY
591,840IRFC29,BOND 8.40% PA TF TI-SIIA,,2026-08-06T21:54:25,NSE_EQ,EQUITY
5911,PARAS,PARAS DEF AND SPCE TECH L,,2026-08-06T21:54:25,NSE_EQ,EQUITY
592,GRAPHITE,GRAPHITE INDIA LTD,,2026-08-06T21:54:25,NSE_EQ,EQUITY
5926,INTELLECT,INTELLECT DESIGN ARENA,,2026-08-06T21:54:25,NSE_EQ,EQUITY
5948,SOUTHBANK,THE SOUTH INDIAN BANK LTD,,2026-08-06T21:54:25,NSE_EQ,EQUITY
595,CARBORUNIV,CARBORUNDUM UNIVERSAL LTD,,2026-08-06T21:54:25,NSE_EQ,EQUITY
6018,ABSLAMC,ADIT BIRL SUN LIF AMC LTD,,2026-08-06T21:54:25,NSE_EQ,EQUITY
603,865IRFC29,BOND 8.65% PA TF TI-SIIB,,2026-08-06T21:54:25,NSE_EQ,EQUITY
6066,ATGL,ADANI TOTAL GAS LIMITED,,2026-08-06T21:54:25,NSE_EQ,EQUITY
6068,AIROLAM,AIRO LAM LIMITED,,2026-08-06T21:54:25,NSE_EQ,EQUITY
6127,DIGJAMLMTD,DIGJAM LTD,,2026-08-06T21:54:25,NSE_EQ,EQUITY
6149,930SFL28,SEC RED NCD 9.30% SR. II,,2026-08-06T21:54:25,NSE_EQ,EQUITY
6156,ARTNIRMAN,ART NIRMAN LIMITED,,2026-08-06T21:54:25,NSE_EQ,EQUITY
6164,BHAGCHEM,BHAGIRADHA CHEM & INDS L,,2026-08-06T21:54:25,NSE_EQ,EQUITY
6168,97SFL28,SEC RED NCD 9.70% SR. V,,2026-08-06T21:54:25,NSE_EQ,EQUITY
6197,842IIFL26,SEC RE NCD 8.42% SR.V,,2026-08-06T21:54:25,NSE_EQ,EQUITY
6198,FCL,FINEOTEX CHEMICAL LIMITED,,2026-08-06T21:54:25,NSE_EQ,EQUITY
6200,875IIFL26,SEC RE NCD 8.75% SR.VI,,2026-08-06T21:54:25,NSE_EQ,EQUITY
6207,IIFLZC26,SEC RE NCD 0% SR.VII,,2026-08-06T21:54:25,NSE_EQ,EQUITY
6216,CAMLINFINE,CAMLIN FINE SCIENCES LTD,,2026-08-06T21:54:25,NSE_EQ,EQUITY
6227,DTIL,DHUNSERI TEA & IND. LTD.,,2026-08-06T21:54:25,NSE_EQ,EQUITY
6232,3IINFOLTD,3I INFOTECH LIMITED,,2026-08-06T21:54:25,NSE_EQ,EQUITY
6262,SELMC,SEL MANUFACTURING CO LTD,,2026-08-06T21:54:25,NSE_EQ,EQUITY
6278,MEDICAMEQ,MEDICAMEN BIOTECH LIMITED,,2026-08-06T21:54:25,NSE_EQ,EQUITY
628,CESC,CESC LTD,,2026-08-06T21:54:25,NSE_EQ,EQUITY
6302,APOLSINHOT,APOLLO SINDOORI HOTEL LTD,,2026-08-06T21:54:25,NSE_EQ,EQUITY
634,IGARASHI,IGARASHI MOTORS INDIA LTD,,2026-08-06T21:54:25,NSE_EQ,EQUITY
6364,NATIONALUM,NATIONAL ALUMINIUM CO LTD,,2026-08-06T21:54:25,NSE_EQ,EQUITY
637,CHAMBLFERT,CHAMBAL FERTILIZERS LTD,,2026-08-06T21:54:25,NSE_EQ,EQUITY
6407,LAMBODHARA,LAMBODHARA TEXTILES LTD.,,2026-08-06T21:54:25,NSE_EQ,EQUITY
641,DNAMEDIA,DILIGENT MEDIA CORP LTD.,,2026-08-06T21:54:25,NSE_EQ,EQUITY
6445,TECHNOE,TECHNO ELEC & ENG CO. LTD,,2026-08-06T21:54:25,NSE_EQ,EQUITY
6489,IRIS,IRIS REGTECH SOLUTION LTD,,2026-08-06T21:54:25,NSE_EQ,EQUITY
6545,NYKAA,FSN E COMMERCE VENTURES,,2026-08-06T21:54:25,NSE_EQ,EQUITY
6568,LAXMICOT,LAXMI COTSPIN LIMITED,,2026-08-06T21:54:25,NSE_EQ,EQUITY
6579,FINOPB,FINO PAYMENTS BANK LTD,,2026-08-06T21:54:25,NSE_EQ,EQUITY
6596,SONATSOFTW,SONATA SOFTWARE LTD,,2026-08-06T21:54:25,NSE_EQ,EQUITY
6643,SJS,SJS ENTERPRISES LIMITED,,2026-08-06T21:54:25,NSE_EQ,EQUITY
6656,POLICYBZR,PB FINTECH LIMITED,,2026-08-06T21:54:25,NSE_EQ,EQUITY
6705,PAYTM,ONE 97 COMMUNICATIONS LTD,,2026-08-06T21:54:25,NSE_EQ,EQUITY
6711,IVC,IL&FS INVESTMENT MANAGERS,,2026-08-06T21:54:25,NSE_EQ,EQUITY
6718,SAPPHIRE,SAPPHIRE FOODS INDIA LTD,,2026-08-06T21:54:25,NSE_EQ,EQUITY
6733,JINDALSTEL,JINDAL STEEL LIMITED,,2026-08-06T21:54:25,NSE_EQ,EQUITY
6782,NIPPOBATRY,INDO-NATIONAL LIMITED,,2026-08-06T21:54:25,NSE_EQ,EQUITY
6792,SBC,SBC EXPORTS LIMITED,,2026-08-06T21:54:25,NSE_EQ,EQUITY
6803,STEELCAS,STEELCAST LIMITED,,2026-08-06T21:54:25,NSE_EQ,EQUITY
6818,LATENTVIEW,LATENT VIEW ANALYTICS LTD,,2026-08-06T21:54:25,NSE_EQ,EQUITY
6848,GREENLAM,GREENLAM INDUSTRIES LTD.,,2026-08-06T21:54:25,NSE_EQ,EQUITY
6858,DHRUV,DHRUV CONSULTANCY SER LTD,,2026-08-09T04:07:49,NSE_EQ,EQUITY
6908,VISHNU,VISHNU CHEMICALS LIMITED,,2026-08-06T21:54:25,NSE_EQ,EQUITY
6913,RPPL,RAJSHREE POLYPACK LTD,,2026-08-06T21:54:25,NSE_EQ,EQUITY
694,CIPLA,CIPLA LTD,,2026-08-06T21:54:25,NSE_EQ,EQUITY
6943,TARSONS,TARSONS PRODUCTS LIMITED,,2026-08-06T21:54:25,NSE_EQ,EQUITY
6951,LINC,LINC LIMITED,,2026-08-06T21:54:25,NSE_EQ,EQUITY
6964,GOCOLORS,GO FASHION INDIA LTD,,2026-08-06T21:54:25,NSE_EQ,EQUITY
6977,ICDSLTD,ICDS LTD,,2026-08-06T21:54:25,NSE_EQ,EQUITY
6994,BSOFT,BIRLASOFT LIMITED,,2026-08-06T21:54:25,NSE_EQ,EQUITY
7,AARTIIND,AARTI INDUSTRIES LTD,,2026-08-06T21:54:25,NSE_EQ,EQUITY
703,DICIND,DIC INDIA LIMITED,,2026-08-06T21:54:25,NSE_EQ,EQUITY
7048,HESTERBIO,HESTER BIOSCIENCES LTD,,2026-08-06T21:54:25,NSE_EQ,EQUITY
7053,ACCELYA,ACCELYA SOLN INDIA LTD,,2026-08-06T21:54:25,NSE_EQ,EQUITY
708,SHRADHA,SHRADHA REALTY LIMITED,,2026-08-06T21:54:25,NSE_EQ,EQUITY
7083,STARHEALTH,STAR HEALTH & AL INS CO L,,2026-08-06T21:54:25,NSE_EQ,EQUITY
7109,JMA,JULLUNDUR MOT AGENCY LTD,,2026-08-06T21:54:25,NSE_EQ,EQUITY
7129,ZODIAC,ZODIAC ENERGY LIMITED,,2026-08-06T21:54:25,NSE_EQ,EQUITY
7145,ANANDRATHI,ANAND RATHI WEALTH LTD,,2026-08-06T21:54:25,NSE_EQ,EQUITY
715,SUDARCOLOR,SUDARSHAN COLORNT IND LTD,,2026-08-06T21:54:25,NSE_EQ,EQUITY
7177,RATEGAIN,RATEGAIN TRAVEL TECHN LTD,,2026-08-06T21:54:25,NSE_EQ,EQUITY
7200,SHRIRAMPPS,SHRIRAM PROPERTIES LTD,,2026-08-06T21:54:25,NSE_EQ,EQUITY
7227,MAPMYINDIA,C.E. INFO SYSTEMS LIMITED,,2026-08-06T21:54:25,NSE_EQ,EQUITY
7242,METROBRAND,METRO BRANDS LIMITED,,2026-08-06T21:54:25,NSE_EQ,EQUITY
7254,MEDPLUS,MEDPLUS HEALTH SERV LTD,,2026-08-06T21:54:25,NSE_EQ,EQUITY
7287,JTLIND,JTL INDUSTRIES LIMITED,,2026-08-06T21:54:25,NSE_EQ,EQUITY
7358,DATAPATTNS,DATA PATTERNS INDIA LTD,,2026-08-06T21:54:25,NSE_EQ,EQUITY
7374,STAR,STRIDES PHARMA SCI LTD,,2026-08-06T21:54:25,NSE_EQ,EQUITY
7376,HPAL,HP ADHESIVES LIMITED,,2026-08-06T21:54:25,NSE_EQ,EQUITY
739,COROMANDEL,COROMANDEL INTERNTL. LTD,,2026-08-06T21:54:25,NSE_EQ,EQUITY
7406,GLENMARK,GLENMARK PHARMACEUTICALS,,2026-08-06T21:54:25,NSE_EQ,EQUITY
7411,NILASPACES,NILA SPACES LIMITED,,2026-08-06T21:54:25,NSE_EQ,EQUITY
742,COSMOFIRST,COSMO FIRST LIMITED,,2026-08-06T21:54:25,NSE_EQ,EQUITY
7420,MANAKALUCO,MANAK ALUMINIUM CO. LTD.,,2026-08-06T21:54:25,NSE_EQ,EQUITY
7425,HECPROJECT,HEC INFRA PROJECTS LTD,,2026-08-06T21:54:25,NSE_EQ,EQUITY
7463,MANAKSTEEL,MANAKSIA STEELS LTD,,2026-08-06T21:54:25,NSE_EQ,EQUITY
750174,VAML,VEDANTA ALUMINIUM METAL L,,2026-08-06T21:54:25,NSE_EQ,EQUITY
750368,VOGL,VEDANTA OIL AND GAS LTD,,2026-08-06T21:54:25,NSE_EQ,EQUITY
750518,VEDPOWER,VEDANTA POWER LIMITED,,2026-08-06T21:54:25,NSE_EQ,EQUITY
750554,815TACA29,TACA 8.15% 2029 SR C,,2026-08-06T21:54:25,NSE_EQ,EQUITY
750588,815TCHFL31,TCHFL 8.15% 2031 SR B,,2026-08-06T21:54:25,NSE_EQ,EQUITY
7506,WOCKPHARMA,WOCKHARDT LIMITED,,2026-08-06T21:54:25,NSE_EQ,EQUITY
7508,ZENTEC,ZEN TECHNOLOGIES LIMITED,,2026-08-06T21:54:25,NSE_EQ,EQUITY
751159,865MFL31,MFL 8.65% 2031,,2026-08-06T21:54:25,NSE_EQ,EQUITY
751598,812LTFL29,LTFL 8.12% 2029 SR B,,2026-08-06T21:54:25,NSE_EQ,EQUITY
751607,QMSMEDI,QMS MEDICAL ALLIED S LTD,,2026-08-06T21:54:25,NSE_EQ,EQUITY
751669,766NBFID36,NABF 7.66% 2036 SR 3,,2026-08-06T21:54:25,NSE_EQ,EQUITY
751692,795SFL29,SFL 7.95% 2029 SR AA1,,2026-08-06T21:54:25,NSE_EQ,EQUITY
751715,737NBFID29,NABF 7.37% 2029 SR 2,,2026-08-06T21:54:25,NSE_EQ,EQUITY
751729,759LICH31,LICH 7.59% 2031 TR 457,,2026-08-06T21:54:25,NSE_EQ,EQUITY
751731,826ABCL31,ABCL 8.26% 2031 SR C1,,2026-08-06T21:54:25,NSE_EQ,EQUITY
753867,788NIIF29,NIIF 7.88% 2029 SR PP2,,2026-08-06T21:54:25,NSE_EQ,EQUITY
753889,815JCL31,JCL 8.15% 2031 SR VI,,2026-08-06T21:54:25,NSE_EQ,EQUITY
753933,18MVL31,MVL 18% 2031,,2026-08-06T21:54:25,NSE_EQ,EQUITY
754233,74SIDBI31,SIDBI 7.4% 2031 SR III,,2026-08-06T21:54:25,NSE_EQ,EQUITY
754304,779TCHFL30,TCHFL 7.79% 2030 SR C,,2026-08-06T21:54:25,NSE_EQ,EQUITY
754372,746RECL36,REC 7.46% 2036 SR 254,,2026-08-06T21:54:25,NSE_EQ,EQUITY
754402,12VPT28A,VPT 12% 2028,,2026-08-06T21:54:25,NSE_EQ,EQUITY
754670,815SICC29,SICC 8.15% 2029 SR 118,,2026-08-06T21:54:25,NSE_EQ,EQUITY
754691,810BACL29,BACL 8.10% 2029,,2026-08-06T21:54:25,NSE_EQ,EQUITY
755074,AAFS32,AAFS MARKET LINKED 2032,,2026-08-06T21:54:25,NSE_EQ,EQUITY
7553,NRBBEARING,NRB BEARING LIMITED,,2026-08-06T21:54:25,NSE_EQ,EQUITY
755805,1075WCA28B,WCAP 10.75% 2028,,2026-08-06T21:54:25,NSE_EQ,EQUITY
755830,823GIL31A,GIL 8.23% 2031 SR 1,,2026-08-06T21:54:25,NSE_EQ,EQUITY
755871,771NIIF35,NIIF 7.71% 2035 SR PP 1,,2026-08-06T21:54:25,NSE_EQ,EQUITY
755873,704NBFID35,NABF 7.04% 2035 NABFID,,2026-08-06T21:54:25,NSE_EQ,EQUITY
755875,995ISF28A,ISF 9.95% 2028,,2026-08-06T21:54:25,NSE_EQ,EQUITY
755879,875CIFL32,CIFL 8.75% 2032 SD76,,2026-08-06T21:54:25,NSE_EQ,EQUITY
755919,823GIL31,GIL 8.23% 2031 SR 2,,2026-08-06T21:54:25,NSE_EQ,EQUITY
755930,850TIAPL28,TIAPL 8.50% 2028 SR I,,2026-08-06T21:54:25,NSE_EQ,EQUITY
755940,78ABCL33,ABCL 7.8% SR V,,2026-08-06T21:54:25,NSE_EQ,EQUITY
755941,8ABCL26,ABCL 8% SR I,,2026-08-06T21:54:25,NSE_EQ,EQUITY
755942,ABCL26,ABCL SR II,,2026-08-06T21:54:25,NSE_EQ,EQUITY
755943,81ABCL33,ABCL 8.1% SR VI,,2026-08-06T21:54:25,NSE_EQ,EQUITY
755944,805ABCL28,ABCL 8.05% SR III,,2026-08-06T21:54:25,NSE_EQ,EQUITY
755945,ABCL28,ABCL SR IV,,2026-08-06T21:54:25,NSE_EQ,EQUITY
755946,791ABCL34,ABCL 7.91% 2034 SR G1,,2026-08-06T21:54:25,NSE_EQ,EQUITY
755947,79413ABC28,ABCL 7.9413% 2028 SR L1,,2026-08-06T21:54:25,NSE_EQ,EQUITY
755948,797ABCL28,ABCL 7.97% 2028 SR D1,,2026-08-06T21:54:25,NSE_EQ,EQUITY
755949,79ABCL28,ABCL 7.90% 2028 SR C1,,2026-08-06T21:54:25,NSE_EQ,EQUITY
755950,8016ABCL29,ABCL 8.0163% 2029 SR L2,,2026-08-06T21:54:25,NSE_EQ,EQUITY
755951,801ABCL28,ABCL 8.01% 2028 SR. B1,,2026-08-06T21:54:25,NSE_EQ,EQUITY
755952,80208ABC30,ABCL 8.0208% 2030 SR L3,,2026-08-06T21:54:25,NSE_EQ,EQUITY
755953,8034ABCL34,ABCL 8.0343% 2034 SR E1,,2026-08-06T21:54:25,NSE_EQ,EQUITY
755954,803ABCL33,ABCL 8.03% 2033 SR SC1,,2026-08-06T21:54:25,NSE_EQ,EQUITY
755955,812ABCL28,ABCL 8.12% 2028 SR L1,,2026-08-06T21:54:25,NSE_EQ,EQUITY
755956,816ABCL29,ABCL 8.16% 2029 SR K1,,2026-08-06T21:54:25,NSE_EQ,EQUITY
755957,81ABCL29,ABCL 8.10% 2029 SR F1,,2026-08-06T21:54:25,NSE_EQ,EQUITY
755958,830ABCL26,ABCL 8.30% 2026 SR L2,,2026-08-06T21:54:25,NSE_EQ,EQUITY
755959,831ABCL34,ABCL 8.31% 2034 SR SA1,,2026-08-06T21:54:25,NSE_EQ,EQUITY
755960,833ABCL27,ABCL 8.33% 2027 SR L1,,2026-08-06T21:54:25,NSE_EQ,EQUITY
755961,ABCRESET27,ABCL FBIL LINK2027 SR K3,,2026-08-06T21:54:25,NSE_EQ,EQUITY
755984,852MFL28,MFL 8.52% 2028 OP I,,2026-08-06T21:54:25,NSE_EQ,EQUITY
755986,852MFL28A,MFL 8.52% 2028 OP II,,2026-08-06T21:54:25,NSE_EQ,EQUITY
755988,703NBFID30,NABF 7.03% 2030 SR -1,,2026-08-06T21:54:25,NSE_EQ,EQUITY
755990,762TCL30,TCL 7.62% 2030 SR A,,2026-08-06T21:54:25,NSE_EQ,EQUITY
755996,10UCL26,UCL 10.00% SR I,,2026-08-06T21:54:25,NSE_EQ,EQUITY
755998,1039UCL26,UCL 10.39% SR II,,2026-08-06T21:54:25,NSE_EQ,EQUITY
756000,1015UCL27,UCL 10.15% SR III,,2026-08-06T21:54:25,NSE_EQ,EQUITY
756002,1025UCL27A,UCL 10.25% SR IV,,2026-08-06T21:54:25,NSE_EQ,EQUITY
756004,1050UCL28,UCL 10.50% SR V,,2026-08-06T21:54:25,NSE_EQ,EQUITY
756006,727SHFL27,SHFL 7.27% 2027 SR 349,,2026-08-06T21:54:25,NSE_EQ,EQUITY
756008,735SFL27,SFL 7.35% 2027 SR Z1,,2026-08-06T21:54:25,NSE_EQ,EQUITY
756015,CIFL,CAPITAL INDIA FINANCE LTD,,2026-08-06T21:54:25,NSE_EQ,EQUITY
756020,TINNARUBR,TINNA RUBBER AND INFR LTD,,2026-08-06T21:54:25,NSE_EQ,EQUITY
756025,759LTFL28,LTFL 7.5934% 28 SR A OP2,,2026-08-06T21:54:25,NSE_EQ,EQUITY
756027,815ANN30,ANN 8.15% 2030 STRPP B,,2026-08-06T21:54:25,NSE_EQ,EQUITY
756029,815ANN32,ANN 8.15% 2032 STRPP D,,2026-08-06T21:54:25,NSE_EQ,EQUITY
756031,815ANN31,ANN 8.15% 2031 STRPP C,,2026-08-06T21:54:25,NSE_EQ,EQUITY
756033,815ANN29,ANN 8.15% 2029 STRPP A,,2026-08-06T21:54:25,NSE_EQ,EQUITY
756035,18PVL29,PVL 18% 2029 SR A,,2026-08-06T21:54:25,NSE_EQ,EQUITY
756037,18PVL29A,PVL 18% 2029 SR B,,2026-08-06T21:54:25,NSE_EQ,EQUITY
756038,WAAREERTL,WAAREE RENEWABLE TECH LTD,,2026-08-06T21:54:25,NSE_EQ,EQUITY
756043,78618ABH28,ABHFL 7.8618% 2028 SR A1,,2026-08-06T21:54:25,NSE_EQ,EQUITY
756069,950ISF27A,ISF 9.50% 2027,,2026-08-06T21:54:25,NSE_EQ,EQUITY
756071,803ABHFL35,ABHFL 8.0347% 2035 SR A1,,2026-08-06T21:54:25,NSE_EQ,EQUITY
756090,TURTLEMINT,TURTLEMINT FINTECH SOLS L,,2026-08-06T21:54:25,NSE_EQ,EQUITY
756137,850TIAP28A,TIAPL 8.50% 2028 SR II,,2026-08-06T21:54:25,NSE_EQ,EQUITY
756141,930IIFL27,IIFL 9:30% TR I SR III,,2026-08-06T21:54:25,NSE_EQ,EQUITY
756142,IIFL21425,IIFL TR I SR IV,,2026-08-06T21:54:25,NSE_EQ,EQUITY
756143,935IIFL28,IIFL 9.35% TR I SR V,,2026-08-06T21:54:25,NSE_EQ,EQUITY
756144,975IIFL28,IIFL 9.75% TR I SR VI,,2026-08-06T21:54:25,NSE_EQ,EQUITY
756145,IIFL21425A,IIFL TR I SR VII,,2026-08-06T21:54:25,NSE_EQ,EQUITY
756153,960IIFL30,IIFL 9.60% TR I SR VIII,,2026-08-06T21:54:25,NSE_EQ,EQUITY
756154,1025IIFL30,IIFL 10.25% TR I SR IX,,2026-08-06T21:54:25,NSE_EQ,EQUITY
756161,890ALSL27,ALSL 8.90% 2027,,2026-08-06T21:54:25,NSE_EQ,EQUITY
756163,865HHFL30,HHFL 8.65% 30 SR 10 OP I,,2026-08-06T21:54:25,NSE_EQ,EQUITY
756165,850HHFL27,HHFL 8.50% 2027 SR 10,,2026-08-06T21:54:25,NSE_EQ,EQUITY
756167,995ISF28,ISF 9.95% 2028,,2026-08-06T21:54:25,NSE_EQ,EQUITY
756169,715NBFID35,NABF 7.15% 2035 SR 4,,2026-08-06T21:54:25,NSE_EQ,EQUITY
756171,770SHFL27,SHFL 7.70% 2027 SR 348,,2026-08-06T21:54:25,NSE_EQ,EQUITY
756173,9TIAPL28,TIAPL 9% 2028 SR II,,2026-08-06T21:54:25,NSE_EQ,EQUITY
756179,765TML28,TML 7.65% 2028 TR II,,2026-08-06T21:54:25,NSE_EQ,EQUITY
756324,NPST,NETWORK PEOPLE SRV TECH L,,2026-08-06T21:54:25,NSE_EQ,EQUITY
756329,815GHFL35,GHFL 8.15% 2035 SR SD1,,2026-08-06T21:54:25,NSE_EQ,EQUITY
756331,678IRFC30,IRFCL 6.78% 2030 SR 189,,2026-08-06T21:54:25,NSE_EQ,EQUITY
756333,995CCSP27,CCSPL 9.95% 2027,,2026-08-06T21:54:25,NSE_EQ,EQUITY
756705,673HPCL30,HPCL 6.73% 2030 SR I,,2026-08-06T21:54:25,NSE_EQ,EQUITY
756707,707LICH30,LICH 7.07% 2030 SR TR455,,2026-08-06T21:54:25,NSE_EQ,EQUITY
756714,820MFL30,MFL 8.20% 2030 SR 43A,,2026-08-06T21:54:25,NSE_EQ,EQUITY
756716,832HHFL27A,HHFL 8.32% 2027 SR 11,,2026-08-06T21:54:25,NSE_EQ,EQUITY
756718,832HHFL27,HHFL 8.32% 2027 SR 11,,2026-08-06T21:54:25,NSE_EQ,EQUITY
756720,686REC35,REC 6.86% 2035 SR 247 B,,2026-08-06T21:54:25,NSE_EQ,EQUITY
756722,687REC30,REC 6.87% 2030 SR 247 A,,2026-08-06T21:54:25,NSE_EQ,EQUITY
756724,726IRMT45,IRMT 7.26% 2045 SR A,,2026-08-06T21:54:25,NSE_EQ,EQUITY
756741,702RECL40,REC 7.02% 2040 246,,2026-08-06T21:54:25,NSE_EQ,EQUITY
756743,694PGCIL35,PGC 6.94% 2035 SR LXXXI,,2026-08-06T21:54:25,NSE_EQ,EQUITY
756765,664PFCL30,PFCL 6.64% 2030 SR 250B,,2026-08-06T21:54:25,NSE_EQ,EQUITY
756767,661PFCL28,PFCL 6.61% 2028 SR 250A,,2026-08-06T21:54:25,NSE_EQ,EQUITY
756769,73064ABH28,ABHFL 7.3064% 2028 SR B1,,2026-08-06T21:54:25,NSE_EQ,EQUITY
756782,KRISHIVAL,KRISHIVAL FOODS LIMITED,,2026-08-06T21:54:25,NSE_EQ,EQUITY
756802,OSWALPUMPS,OSWAL PUMPS LIMITED,,2026-08-06T21:54:25,NSE_EQ,EQUITY
756821,753PHFL30,PHFL 7.53% 2030 SR LXIX,,2026-08-06T21:54:25,NSE_EQ,EQUITY
756823,7123TCHF27,TCHFL 7.123% 2027,,2026-08-06T21:54:25,NSE_EQ,EQUITY
756825,717TCHFL30,TCHFL 7.17% 2030 SR C,,2026-08-06T21:54:25,NSE_EQ,EQUITY
756838,930PFL27A,PFL 9.30%  2027,,2026-08-06T21:54:25,NSE_EQ,EQUITY
756843,ABLBL,ADITYA BIRLA LIFES BRAN L,,2026-08-06T21:54:25,NSE_EQ,EQUITY
756852,690LICH27,LICH 6.90% SR TR 456,,2026-08-06T21:54:25,NSE_EQ,EQUITY
756871,ENRIN,SIEMENS ENERGY INDIA LTD,,2026-08-06T21:54:25,NSE_EQ,EQUITY
756874,754GIL29,GIL 7.54% 2029 SR 1,,2026-08-06T21:54:25,NSE_EQ,EQUITY
756876,759GIL30,GIL 7.59% 2030 SR 2,,2026-08-06T21:54:25,NSE_EQ,EQUITY
756878,7IREDAL30,IREDA 7.00% 2030 SR XVII,,2026-08-06T21:54:25,NSE_EQ,EQUITY
756880,731SDIL40,SDIL 7.31% 2040,,2026-08-06T21:54:25,NSE_EQ,EQUITY
756882,803ABCL35,ABCL 8.03% 2035 SR SB1,,2026-08-06T21:54:25,NSE_EQ,EQUITY
756884,686NHPCL40,NHPC 6.86% 2040 SR  J,,2026-08-06T21:54:25,NSE_EQ,EQUITY
756886,686NHPCL34,NHPC 6.86% 2034 SR  D,,2026-08-06T21:54:25,NSE_EQ,EQUITY
756888,686NHPCL35,NHPC 6.86% 2035 SR  E,,2026-08-06T21:54:25,NSE_EQ,EQUITY
756903,686NHPCL36,NHPC 6.86% 2036 SR  F,,2026-08-06T21:54:25,NSE_EQ,EQUITY
756905,686NHPCL37,NHPC 6.86% 2037 SR  G,,2026-08-06T21:54:25,NSE_EQ,EQUITY
756916,12VCCL29B,VCCL 12% 2029,,2026-08-06T21:54:25,NSE_EQ,EQUITY
756919,686NHPCL38,NHPC 6.86% 2038 SR  H,,2026-08-06T21:54:25,NSE_EQ,EQUITY
756921,686NHPCL39,NHPC 6.86% 2039 SR  I,,2026-08-06T21:54:25,NSE_EQ,EQUITY
756923,686NHPCL33,NHPC 6.86% 2033 SR  C,,2026-08-06T21:54:25,NSE_EQ,EQUITY
756925,PRIMO,PRIMO CHEMICALS LIMITED,,2026-08-06T21:54:25,NSE_EQ,EQUITY
756930,769TFSIL28,TFSIL 7.6950% 2028 SRS52,,2026-08-06T21:54:25,NSE_EQ,EQUITY
756932,686NHPCL32,NHPC 6.86% 2032 SR  B,,2026-08-06T21:54:25,NSE_EQ,EQUITY
756934,686NHPCL31,NHPC 6.86% 2031 SR  A,,2026-08-06T21:54:25,NSE_EQ,EQUITY
756938,689NTPC35,NTPC 6.89% 2035 SR 84,,2026-08-06T21:54:25,NSE_EQ,EQUITY
756947,665IRFC30,IRFCL 6.65% 2030 SR 190,,2026-08-06T21:54:25,NSE_EQ,EQUITY
756950,AAFS29A,AAFS MARKET LINKED 2029,,2026-08-06T21:54:25,NSE_EQ,EQUITY
756952,925PFL30,PFL 9.25% JUN 2030,,2026-08-06T21:54:25,NSE_EQ,EQUITY
756954,915PFL27,PFL 9.15% JUN 2027,,2026-08-06T21:54:25,NSE_EQ,EQUITY
756956,91PFL27,PFL 9.10% APR 2027,,2026-08-06T21:54:25,NSE_EQ,EQUITY
756992,755TPREL40,TPREL 7.55% 2040,,2026-08-06T21:54:25,NSE_EQ,EQUITY
756994,727TCHFL28,TCHFL 7.27% 2028 SR A,,2026-08-06T21:54:25,NSE_EQ,EQUITY
756996,680NHB32,NHB 6.80% 2032,,2026-08-06T21:54:25,NSE_EQ,EQUITY
757,CRISIL,CRISIL LTD,,2026-08-06T21:54:25,NSE_EQ,EQUITY
757014,THELEELA,LEELA PALACES HOTEL LTD,,2026-08-06T21:54:25,NSE_EQ,EQUITY
757029,740SIHF28,SIHF 7.40% 2028 SR 29,,2026-08-06T21:54:25,NSE_EQ,EQUITY
757045,72092LTF27,LTFL 7.2092% 2027 SR B,,2026-08-06T21:54:25,NSE_EQ,EQUITY
757047,715SHFL30,SHFL 7.15% 2030 SR 351,,2026-08-06T21:54:25,NSE_EQ,EQUITY
757058,708IIFCL35,IIFCL 7.08% 2035,,2026-08-06T21:54:25,NSE_EQ,EQUITY
757102,BELRISE,BELRISE INDUSTRIES LTD,,2026-08-06T21:54:25,NSE_EQ,EQUITY
757123,708TML28,TML 7.08% 2028 E31B TR I,,2026-08-06T21:54:25,NSE_EQ,EQUITY
757125,708TML28A,TML 7.08% 2028 TR I,,2026-08-06T21:54:25,NSE_EQ,EQUITY
757129,990CCSP27,CCSPL 9.90% 2027 SR 02,,2026-08-06T21:54:25,NSE_EQ,EQUITY
757140,AAFS29,AAFS MARKET LINKED 2029,,2026-08-06T21:54:25,NSE_EQ,EQUITY
757146,747ABCL29,ABCL 7.4669% 2029 SR B1,,2026-08-06T21:54:25,NSE_EQ,EQUITY
757148,738ABCL28,ABCL 7.3789% 2028 SR B2,,2026-08-06T21:54:25,NSE_EQ,EQUITY
757170,930APMD32,APMD 9.30% 2032 STRPP F,,2026-08-06T21:54:25,NSE_EQ,EQUITY
757172,930APMD33,APMD 9.30% 2033 STRPP G,,2026-08-06T21:54:25,NSE_EQ,EQUITY
757174,930APMD34,APMDC 9.30% 2034 STRPP H,,2026-08-06T21:54:25,NSE_EQ,EQUITY
757176,930APMD35,APMD 9.30% 2035 STRPP I,,2026-08-06T21:54:25,NSE_EQ,EQUITY
757178,930APMD27,APMD 9.30% 2027 STRPP A,,2026-08-06T21:54:25,NSE_EQ,EQUITY
757180,930APMD28,APMD 9.30% 2028 STRPP B,,2026-08-06T21:54:25,NSE_EQ,EQUITY
757182,930APMD29,APMD 9.30% 2029 STRPP C,,2026-08-06T21:54:25,NSE_EQ,EQUITY
757184,930APMD30,APMD 9.30% 2030 STRPP D,,2026-08-06T21:54:25,NSE_EQ,EQUITY
757186,930APMD31,APMD 9.30% 2031 STRPP E,,2026-08-06T21:54:25,NSE_EQ,EQUITY
757336,AEGISVOPAK,AEGIS VOPAK TERMINALS LTD,,2026-08-06T21:54:25,NSE_EQ,EQUITY
757341,699SFL27,SFL 6.99% 2027 SR Z3,,2026-08-06T21:54:25,NSE_EQ,EQUITY
757343,738CIFL27,CIFL 7.38% 2027 SR 653,,2026-08-06T21:54:25,NSE_EQ,EQUITY
757345,708JCL28,JCL 7.08% 2028 SR II,,2026-08-06T21:54:25,NSE_EQ,EQUITY
757365,760GFL30,GFL 7.60% 2030 SR D1,,2026-08-06T21:54:25,NSE_EQ,EQUITY
757404,857CIFL32,CIFL 8.57% 2032 SR 77,,2026-08-06T21:54:25,NSE_EQ,EQUITY
757413,1025VCCL28,VCCL 10.25% 2028,,2026-08-06T21:54:25,NSE_EQ,EQUITY
757415,72959ABC28,ABCL 7.2959% 2028 SR D2,,2026-08-06T21:54:25,NSE_EQ,EQUITY
757417,74242ABC30,ABCL 7.4242% 2030 SR D3,,2026-08-06T21:54:25,NSE_EQ,EQUITY
757419,875SCL27A,SCL 8.75% 2027 SR I,,2026-08-06T21:54:25,NSE_EQ,EQUITY
757449,627PFCL27,PFCL 6.27% 2027 SR 251A,,2026-08-06T21:54:25,NSE_EQ,EQUITY
757451,659PFCL30,PFCL 6.59% 2030 SR 251B,,2026-08-06T21:54:25,NSE_EQ,EQUITY
757453,778ABSL35,ABSL 7.78% 2035,,2026-08-06T21:54:25,NSE_EQ,EQUITY
757458,9SCL27,SCL 9.00% 2027 SR I,,2026-08-06T21:54:25,NSE_EQ,EQUITY
757459,842SCL27,SCL 8.42% 2027 SR II,,2026-08-06T21:54:25,NSE_EQ,EQUITY
757460,865SCL27,SCL 8.65% 2027 SR II,,2026-08-06T21:54:25,NSE_EQ,EQUITY
757461,SCL1825,SCL 0% 2027 SR III,,2026-08-06T21:54:25,NSE_EQ,EQUITY
757462,SCL01825,SCL 0% 2027 SR III,,2026-08-06T21:54:25,NSE_EQ,EQUITY
757463,9SCL28,SCL 9.00% 2028 SR IV,,2026-08-06T21:54:25,NSE_EQ,EQUITY
757464,925SCL2028,SCL 9.25% 2028 SR IV,,2026-08-06T21:54:25,NSE_EQ,EQUITY
757465,865SCL28,SCL 8.65% 2028 SR V,,2026-08-06T21:54:25,NSE_EQ,EQUITY
757466,888SCL28,SCL 8.88% 2028 SR V,,2026-08-06T21:54:25,NSE_EQ,EQUITY
757467,SCL010825,SCL 0% 2028 SR VI,,2026-08-06T21:54:25,NSE_EQ,EQUITY
757468,SCL0182025,SCL 0% 2028 SR VI,,2026-08-06T21:54:25,NSE_EQ,EQUITY
757469,965SCL30,SCL 9.65% 2030 SR VII,,2026-08-06T21:54:25,NSE_EQ,EQUITY
757470,902SCL30,SCL 9.02% 2030 SR VIII,,2026-08-06T21:54:25,NSE_EQ,EQUITY
757471,925SCL30,SCL 9.25% 2030 SR VIII,,2026-08-06T21:54:25,NSE_EQ,EQUITY
757472,902SCL2030,SCL 9.02% 2030 SR IX,,2026-08-06T21:54:25,NSE_EQ,EQUITY
757473,925SCL30A,SCL 9.25% 2030 SR IX,,2026-08-06T21:54:25,NSE_EQ,EQUITY
757474,960SCL32,SCL 9.60% 2032 SR X,,2026-08-06T21:54:25,NSE_EQ,EQUITY
757475,985SCL32,SCL 9.85% 2032 SR X,,2026-08-06T21:54:25,NSE_EQ,EQUITY
757476,920SCL32,SCL 9.20% 2032 SR XI,,2026-08-06T21:54:25,NSE_EQ,EQUITY
757477,945SCL32,SCL 9.45% 2032 SR XI,,2026-08-06T21:54:25,NSE_EQ,EQUITY
757478,SCODATUBES,SCODA TUBES LIMITED,,2026-08-06T21:54:25,NSE_EQ,EQUITY
757483,667NBFID30,NABF 6.67% 2030 SR 3,,2026-08-06T21:54:25,NSE_EQ,EQUITY
757485,842HFL27,HFL 8.42% 2027 SR71 OPII,,2026-08-06T21:54:25,NSE_EQ,EQUITY
757487,910HFL35,HFL 9.10% 2035 SR71 OP I,,2026-08-06T21:54:25,NSE_EQ,EQUITY
757497,995SCL2035,SCL 9.95% 2035 SR XII,,2026-08-06T21:54:25,NSE_EQ,EQUITY
757498,930SCL35,SCL 9.30% 2035 SR XIII,,2026-08-06T21:54:25,NSE_EQ,EQUITY
757499,955SCL35,SCL 9.55% 2035 SR XIII,,2026-08-06T21:54:25,NSE_EQ,EQUITY
757513,805MFL27,MFL 8.05% 2027,,2026-08-06T21:54:25,NSE_EQ,EQUITY
757515,DIGITIDE,DIGITIDE SOLUTIONS LTD,,2026-08-06T21:54:25,NSE_EQ,EQUITY
757520,BLUSPRING,BLUSPRING ENTERPRISES LTD,,2026-08-06T21:54:25,NSE_EQ,EQUITY
757529,ABHF26625,ABHFL 7.08% 2030 SR C1,,2026-08-06T21:54:25,NSE_EQ,EQUITY
757531,730SICC28,SICC PPR 7.30%  SR 113,,2026-08-06T21:54:25,NSE_EQ,EQUITY
757545,TRAVELFOOD,TRAVEL FOOD SERVICES LTD,,2026-08-06T21:54:25,NSE_EQ,EQUITY
757565,717SHFL30,SHFL 7.17% 2030 SR 352,,2026-08-06T21:54:25,NSE_EQ,EQUITY
757567,730NIIF28,NIIF 7.3050% 2028 SR PP3,,2026-08-06T21:54:25,NSE_EQ,EQUITY
757569,743NIIF30,NIIF 7.43% 2030 SR PP 2,,2026-08-06T21:54:25,NSE_EQ,EQUITY
757571,925IIFL32,IIFL 9.25% SR D33 OP B,,2026-08-06T21:54:25,NSE_EQ,EQUITY
757573,930IIFL35,IIFL 9.30% SR D33 OP A,,2026-08-06T21:54:25,NSE_EQ,EQUITY
757575,706RECL35,REC 7.06% 2035 SR 250-B,,2026-08-06T21:54:25,NSE_EQ,EQUITY
757577,660RECL27,REC 6.60% 2027 SR 250A,,2026-08-06T21:54:25,NSE_EQ,EQUITY
757595,730SICC28A,SICCL 7.30% 2028 SR 114,,2026-08-06T21:54:25,NSE_EQ,EQUITY
757606,950SCL30,SCL 9.50% 2030 SR I,,2026-08-06T21:54:25,NSE_EQ,EQUITY
757608,975SCL35,SCL 9.75% 2035 SR II,,2026-08-06T21:54:25,NSE_EQ,EQUITY
757610,945SCL28,SCL 9.45% 2028 SR III,,2026-08-06T21:54:25,NSE_EQ,EQUITY
757612,945SCL29,SCL 9.45% 2029 SR IV,,2026-08-06T21:54:25,NSE_EQ,EQUITY
757614,ARIS,ARISINFRA SOLUTIONS LTD,,2026-08-06T21:54:25,NSE_EQ,EQUITY
757639,778AIFL30,AIFL 7.78% 2030 SR A1,,2026-08-06T21:54:25,NSE_EQ,EQUITY
757645,ATHERENERG,ATHER ENERGY LIMITED,,2026-08-06T21:54:25,NSE_EQ,EQUITY
757658,FISCHER,FISCHER MEDICAL VENTURE L,,2026-08-06T21:54:25,NSE_EQ,EQUITY
757663,880IIFL26,IIFL 8.80% 2026 SR D32,,2026-08-06T21:54:25,NSE_EQ,EQUITY
757674,820KSFP36,KSFP 8.20% 2036 SR SD1,,2026-08-06T21:54:25,NSE_EQ,EQUITY
757702,74342PHF30,PHFL 7.4342% 2030 SR LXX,,2026-08-06T21:54:25,NSE_EQ,EQUITY
757708,950ISF27C,ISF 9.50% 2027,,2026-08-06T21:54:25,NSE_EQ,EQUITY
757719,115VCCL27,VCCL 11.5% 2027 SR II,,2026-08-06T21:54:25,NSE_EQ,EQUITY
757721,12VCCL29C,VCCL 12% 2029 SR I,,2026-08-06T21:54:25,NSE_EQ,EQUITY
757723,760ABCL35,ABCL 7.6043% 2035 SR D1,,2026-08-06T21:54:25,NSE_EQ,EQUITY
757754,PICCADIL,PICCADILY AGRO INDUSTRI L,,2026-08-06T21:54:25,NSE_EQ,EQUITY
757759,750TCSL28,TCSL 7.50% 2028,,2026-08-06T21:54:25,NSE_EQ,EQUITY
757761,749RCFL28,RCFL 7.49% 2028 SR I,,2026-08-06T21:54:25,NSE_EQ,EQUITY
757767,SAMBHV,SAMBHV STEEL TUBES LTD,,2026-08-06T21:54:25,NSE_EQ,EQUITY
757772,HDBFS,HDB FINANCIAL SERVICES L,,2026-08-06T21:54:25,NSE_EQ,EQUITY
757794,BRIGHOTEL,BRIGADE HOTEL VENTURE LTD,,2026-08-06T21:54:25,NSE_EQ,EQUITY
757801,IGCL,INDOGULF CROPSCIENCES LTD,,2026-08-06T21:54:25,NSE_EQ,EQUITY
757828,712LTFL28,LTFL 7.1242% 2028 SR G,,2026-08-06T21:54:25,NSE_EQ,EQUITY
757839,9PFL27,PFL 9.00% 2027,,2026-08-06T21:54:25,NSE_EQ,EQUITY
757841,91PFL30,PFL 9.10% JUN 2030,,2026-08-06T21:54:25,NSE_EQ,EQUITY
757842,745TIL35,THDC 7.45% 2035 SR XIII,,2026-08-06T21:54:25,NSE_EQ,EQUITY
757845,INDIQUBE,INDIQUBE SPACES LIMITED,,2026-08-06T21:54:25,NSE_EQ,EQUITY
757848,985CCSP27,CCSP 9.85% 2027 SR 03,,2026-08-06T21:54:25,NSE_EQ,EQUITY
757850,CRIZAC,CRIZAC LIMITED,,2026-08-06T21:54:25,NSE_EQ,EQUITY
757862,EBGNG,GNG ELECTRONICS LIMITED,,2026-08-06T21:54:25,NSE_EQ,EQUITY
757869,895AEL27,AEL 8.95% 2027 SR I,,2026-08-06T21:54:25,NSE_EQ,EQUITY
757870,AEL17725,AEL 0% 2027 SR II,,2026-08-06T21:54:25,NSE_EQ,EQUITY
757871,885AEL28,AEL 8.85% 2028 SR III,,2026-08-06T21:54:25,NSE_EQ,EQUITY
757872,915AEL28,AEL 9.15% 2028 SR IV,,2026-08-06T21:54:25,NSE_EQ,EQUITY
757873,AEL170725,AEL 0% 2028 SR V,,2026-08-06T21:54:25,NSE_EQ,EQUITY
757874,9AEL30,AEL 9% 2030 SR VI,,2026-08-06T21:54:25,NSE_EQ,EQUITY
757875,930AEL30,AEL 9.3% 2030 SR VII,,2026-08-06T21:54:25,NSE_EQ,EQUITY
757876,AEL170725A,AEL 0% 2030 SR VIII,,2026-08-06T21:54:25,NSE_EQ,EQUITY
757885,ANTHEM,ANTHEM BIOSCIENCES LTD,,2026-08-06T21:54:25,NSE_EQ,EQUITY
757890,975ISF28,ISF 9.75% NCD 2028,,2026-08-06T21:54:25,NSE_EQ,EQUITY
757892,111ESFB31,ESFB 11.1% 2031 SR 1,,2026-08-06T21:54:25,NSE_EQ,EQUITY
757896,715SHFL28,SHFL 7.15% 2028 SR 350,,2026-08-06T21:54:25,NSE_EQ,EQUITY
757898,719JCL28,JCL 7.19% 2028 SR I,,2026-08-06T21:54:25,NSE_EQ,EQUITY
757900,718SFL28,SFL 7.18% 2028 SR Z2,,2026-08-06T21:54:25,NSE_EQ,EQUITY
757915,681RL36,REC 6.81% 2036 SR 248B,,2026-08-06T21:54:25,NSE_EQ,EQUITY
757917,652RL28,REC 6.52% 2028 SR 248-A,,2026-08-06T21:54:25,NSE_EQ,EQUITY
757919,BORANA,BORANA WEAVES LIMITED,,2026-08-06T21:54:25,NSE_EQ,EQUITY
757938,BELLACASA,BELLA CASA FASH AND RET L,,2026-08-06T21:54:25,NSE_EQ,EQUITY
757953,EUROBOND,EURO PANEL PRODUCTS LTD,,2026-08-06T21:54:25,NSE_EQ,EQUITY
757955,PASHUPATI,PASHUPATI COTSPIN LIMITED,,2026-08-06T21:54:25,NSE_EQ,EQUITY
757965,SMARTWORKS,SMARTWORKS COWORKING SP L,,2026-08-06T21:54:25,NSE_EQ,EQUITY
757970,712LTFL27,LTFL 7.12% 2027 SR F,,2026-08-06T21:54:25,NSE_EQ,EQUITY
757978,75GFL30,GFL7.5% 2030 SRD3STRPPII,,2026-08-06T21:54:25,NSE_EQ,EQUITY
757980,75GFL28,GFL 7.5% 28 SR D2 STRPPI,,2026-08-06T21:54:25,NSE_EQ,EQUITY
757995,71ABHFL27,ABHFL 7.1104% 2027 SR D1,,2026-08-06T21:54:25,NSE_EQ,EQUITY
757997,814KSFP36,KSFP 8.14% 2036 SR SD2,,2026-08-06T21:54:25,NSE_EQ,EQUITY
758002,SHANTIGOLD,SHANTI GOLD INTERNATION L,,2026-08-06T21:54:25,NSE_EQ,EQUITY
758007,768GSGL28,GSGL 7.68% 2028 STRPP SR1,,2026-08-06T21:54:25,NSE_EQ,EQUITY
758009,768GSGL28A,GSGL 7.68% 2028 STRPP SR2,,2026-08-06T21:54:25,NSE_EQ,EQUITY
758011,768GSGL28B,GSGL 7.68% 2028 STRPP SR3,,2026-08-06T21:54:25,NSE_EQ,EQUITY
758013,768GSGL28C,GSGL 7.68% 2028 STRPP SR4,,2026-08-06T21:54:25,NSE_EQ,EQUITY
758030,820TOPO36,TOPO 8.20% 2036 TR D,,2026-08-06T21:54:25,NSE_EQ,EQUITY
758115,JSLL,JEENA SIKHO LIFECARE LTD,,2026-08-06T21:54:25,NSE_EQ,EQUITY
758121,PERFECT,PERFECT INFRAENGINEER LTD,,2026-08-06T21:54:25,NSE_EQ,EQUITY
758139,920SCL28,SCL 9.20% 2028,,2026-08-06T21:54:25,NSE_EQ,EQUITY
758141,758ABHFL35,ABHFL 7.58% 2035 E1,,2026-08-06T21:54:25,NSE_EQ,EQUITY
758143,712SHFL30,SHFL 7.12% 2030 SR 353,,2026-08-06T21:54:25,NSE_EQ,EQUITY
758145,LOTUSDEV,SRI LOTUS DEVLPRS N RTY L,,2026-08-06T21:54:25,NSE_EQ,EQUITY
758150,MBEL,M AND B ENGINEERING LTD,,2026-08-06T21:54:25,NSE_EQ,EQUITY
758161,714SDIL32,SDIL 7.1450% 2032,,2026-08-06T21:54:25,NSE_EQ,EQUITY
758163,8IHFL27,IHFL 8.00% 2027 SR E1 8,,2026-08-06T21:54:25,NSE_EQ,EQUITY
758167,658IRFC30,IRFC 6.58% 2030 SR 191B,,2026-08-06T21:54:25,NSE_EQ,EQUITY
758169,647IRFC28,IRFC 6.47% 2028 SR 191A,,2026-08-06T21:54:25,NSE_EQ,EQUITY
758171,724CANF28,CANF 7.24% 2028 SR 04,,2026-08-06T21:54:25,NSE_EQ,EQUITY
758173,PROSTARM,PROSTARM INFO SYSTEMS LTD,,2026-08-06T21:54:25,NSE_EQ,EQUITY
758212,799HFL27,HFL 7.99% 2027 SR 073,,2026-08-06T21:54:25,NSE_EQ,EQUITY
758238,810TOPO29,TOPO 8.10% 2029 TR A,,2026-08-06T21:54:25,NSE_EQ,EQUITY
758252,815TOPO31,TOPO 8.15% 2031 TR B,,2026-08-06T21:54:25,NSE_EQ,EQUITY
758290,995ISF35,ISF 9.95% 2035,,2026-08-06T21:54:25,NSE_EQ,EQUITY
758292,725SIHF28,SIHF 7.25% 2028 SR 30,,2026-08-06T21:54:25,NSE_EQ,EQUITY
758294,637RECL27,REC 6.37% 2027 SR 249-A,,2026-08-06T21:54:25,NSE_EQ,EQUITY
758296,670RECL29,REC 6.70% 2029 SR 249-B,,2026-08-06T21:54:25,NSE_EQ,EQUITY
758298,723LTFL28,LTFL 7.23% SR C OP 2,,2026-08-06T21:54:25,NSE_EQ,EQUITY
758336,635LT28,LT 6.35% SB 2028,,2026-08-06T21:54:25,NSE_EQ,EQUITY
758338,12VCCL27D,VCCL 12% 2027 SR C,,2026-08-06T21:54:25,NSE_EQ,EQUITY
758340,116VCCL26A,VCCL 11.6% 2026 SR A,,2026-08-06T21:54:25,NSE_EQ,EQUITY
758342,118VCCL27,VCCL 11.8% 2027 SR B,,2026-08-06T21:54:25,NSE_EQ,EQUITY
758344,950ISF27B,ISF 9.50% 2027,,2026-08-06T21:54:25,NSE_EQ,EQUITY
758355,820TOPO33,TOPO 8.20% 2033 TR C,,2026-08-06T21:54:25,NSE_EQ,EQUITY
758404,734IREDA29,IREDA 7.34% 2029 XVIII A,,2026-08-06T21:54:25,NSE_EQ,EQUITY
758420,SSFLPP,SPANDANA RS.5 PPD UP,,2026-08-06T21:54:25,NSE_EQ,EQUITY
758431,KRT,KNOWLEDGE REALTY TRUST,,2026-08-06T21:54:25,NSE_EQ,EQUITY
758440,640NHPCL27,NHPC 6.40% 2027,,2026-08-06T21:54:25,NSE_EQ,EQUITY
758442,AAFS29C,AAFS MARKET LINKED 2029,,2026-08-06T21:54:25,NSE_EQ,EQUITY
758448,ALLTIME,ALL TIME PLASTICS LIMITED,,2026-08-06T21:54:25,NSE_EQ,EQUITY
758460,JSWCEMENT,JSW CEMENT LIMITED,,2026-08-06T21:54:25,NSE_EQ,EQUITY
758471,757LICH29A,LICH 7.57% 2029,,2026-08-06T21:54:25,NSE_EQ,EQUITY
758494,698PGCIL35,PGC 6.98% 2035 SR LXXXII,,2026-08-06T21:54:25,NSE_EQ,EQUITY
758531,116VCCL27,VCCL 11.6% 2027 SR A,,2026-08-06T21:54:25,NSE_EQ,EQUITY
758533,118VCCL27A,VCCL 11.8% 2027 SR B,,2026-08-06T21:54:25,NSE_EQ,EQUITY
758551,RAYMONDREL,RAYMOND REALTY LIMITED,,2026-08-06T21:54:25,NSE_EQ,EQUITY
758556,LTFL28,LTFL 2028 SR E,,2026-08-06T21:54:25,NSE_EQ,EQUITY
758558,KALPATARU,KALPATARU LIMITED,,2026-08-06T21:54:25,NSE_EQ,EQUITY
758563,ELLEN,ELLENBARRIE INDUS GASES L,,2026-08-06T21:54:25,NSE_EQ,EQUITY
758572,GLOBECIVIL,GLOBE CIVIL PROJECTS LTD,,2026-08-06T21:54:25,NSE_EQ,EQUITY
758608,AAFS29B,AAFS MARKET LINKED 2029,,2026-08-06T21:54:25,NSE_EQ,EQUITY
758634,827TPL29,TPL 8.27% 2029 SR Z,,2026-08-06T21:54:25,NSE_EQ,EQUITY
758642,666NBRD28,NABARD 6.66% 2028 SR 26A,,2026-08-06T21:54:25,NSE_EQ,EQUITY
758644,666SIDBI28,SIDBI28 6.66% 2028 SR I,,2026-08-06T21:54:25,NSE_EQ,EQUITY
758650,790TIL28,TIL 7.90% 2028 SR 1,,2026-08-06T21:54:25,NSE_EQ,EQUITY
758652,796TIL29,TIL 7.96% 2029 SR 2,,2026-08-06T21:54:25,NSE_EQ,EQUITY
758654,803TIL30,TIL 8.03% 2030 SR 3,,2026-08-06T21:54:25,NSE_EQ,EQUITY
758675,EFCIL,EFC (I) LIMITED,,2026-08-06T21:54:25,NSE_EQ,EQUITY
758689,773AIFL30,AIFL 7.73% 2030 SR E2,,2026-08-06T21:54:25,NSE_EQ,EQUITY
758691,76377AIF29,AIFL 7.6377% 2029 SR E1,,2026-08-06T21:54:25,NSE_EQ,EQUITY
758693,850TIAP28B,TIAP 8.50% 2028 SR III,,2026-08-06T21:54:25,NSE_EQ,EQUITY
758695,813AIFL32,AIFL 8.13% 2032 SR D1,,2026-08-06T21:54:25,NSE_EQ,EQUITY
758700,ARFIN,ARFIN INDIA LIMITED,,2026-08-06T21:54:25,NSE_EQ,EQUITY
758708,975ISF35,ISF 9.75% 2035,,2026-08-06T21:54:25,NSE_EQ,EQUITY
758732,1025PATE28,PATE 10.25% 2028,,2026-08-06T21:54:25,NSE_EQ,EQUITY
758734,738TFSIL28,TFSIL 7.38% 2028 SR S53,,2026-08-06T21:54:25,NSE_EQ,EQUITY
758748,MEIL,MANGAL ELECTRICAL IND L,,2026-08-06T21:54:25,NSE_EQ,EQUITY
758760,1165ESF32,ESFB 11.65% 2032 SR 5,,2026-08-06T21:54:25,NSE_EQ,EQUITY
758824,880MOF27,MOF 8.80% 2027 SR 1,,2026-08-06T21:54:25,NSE_EQ,EQUITY
758829,705SFL27,SFL 7.05% 2027 SR Z4,,2026-08-06T21:54:25,NSE_EQ,EQUITY
758852,AAFS30,AAFS MARKET LINKED SR Q,,2026-08-06T21:54:25,NSE_EQ,EQUITY
758853,SGFIN,SG FINSERVE LIMITED,,2026-08-06T21:54:25,NSE_EQ,EQUITY
758858,CPPLUS,ADITYA INFOTECH LIMITED,,2026-08-06T21:54:25,NSE_EQ,EQUITY
758872,717SIHF28,SIHF 7.17% 2028 SR 31,,2026-08-06T21:54:25,NSE_EQ,EQUITY
758874,773AIFL26,AIF 7.73% 2026 D2 STRPP I,,2026-08-06T21:54:25,NSE_EQ,EQUITY
758876,773AIFL28,AIF 7.73 2028 PP D3STRPII,,2026-08-06T21:54:25,NSE_EQ,EQUITY
758878,770AIFL29,AIF 7.70 2029 PP D5STRPII,,2026-08-06T21:54:25,NSE_EQ,EQUITY
758880,770AIFL26,AIF 7.70% 2026 D4 STRPP I,,2026-08-06T21:54:25,NSE_EQ,EQUITY
758889,SGMART,SG MART LIMITED,,2026-08-06T21:54:25,NSE_EQ,EQUITY
758941,CPEDU,CAREER POINT EDUTECH LTD,,2026-08-06T21:54:25,NSE_EQ,EQUITY
758950,745SICCL30,SICCL 7.45% 2030 SR 115,,2026-08-06T21:54:25,NSE_EQ,EQUITY
758968,AHCL,ANLON HEALTHCARE LIMITED,,2026-08-06T21:54:25,NSE_EQ,EQUITY
758973,VIKRAN,VIKRAN ENGINEERING LTD,,2026-08-06T21:54:25,NSE_EQ,EQUITY
758981,RNBDENIMS,R&B DENIMS LIMITED,,2026-08-06T21:54:25,NSE_EQ,EQUITY
758986,GCSL,GRETEX CORPORATE SERVICES,,2026-08-06T21:54:25,NSE_EQ,EQUITY
758991,765TPREL40,TPREL 7.65% 2040,,2026-08-06T21:54:25,NSE_EQ,EQUITY
758993,ABCL020925,ABCL 0% 2029 SR F2,,2026-08-06T21:54:25,NSE_EQ,EQUITY
758995,1075WCAP28,WCAPL 10.75% 2028,,2026-08-06T21:54:25,NSE_EQ,EQUITY
759007,ATLANTAELE,ATLANTA ELECTRICALS LTD,,2026-08-06T21:54:25,NSE_EQ,EQUITY
759012,GANESHCP,GANESH CONSUMER PRODUCT L,,2026-08-06T21:54:25,NSE_EQ,EQUITY
759017,76RCFL29,RCFL 7.6% 2029 SR II,,2026-08-06T21:54:25,NSE_EQ,EQUITY
759019,685NBRD29,NABARD 6.85% 2029 SR 26B,,2026-08-06T21:54:25,NSE_EQ,EQUITY
759021,673PFCL27,PFCL 6.73% 2027 SR 253,,2026-08-06T21:54:25,NSE_EQ,EQUITY
759041,IVALUE,IVALUE INFOSOLUTIONS LTD,,2026-08-06T21:54:25,NSE_EQ,EQUITY
759048,GKENERGY,GK ENERGY LIMITED,,2026-08-06T21:54:25,NSE_EQ,EQUITY
759057,SAATVIKGL,SAATVIK GREEN ENERGY LTD,,2026-08-06T21:54:25,NSE_EQ,EQUITY
759062,RHETAN,RHETAN TMT LIMITED,,2026-08-06T21:54:25,NSE_EQ,EQUITY
759067,ABCRESET28,ABCL FBIL 2028 SR F3,,2026-08-06T21:54:25,NSE_EQ,EQUITY
759069,752ABCL30,ABCL 7.52% 2030 SR F4,,2026-08-06T21:54:25,NSE_EQ,EQUITY
759071,734NRL35,NRL 7.34% 2035 SR 1,,2026-08-06T21:54:25,NSE_EQ,EQUITY
759073,795AMLIL35,AMLIL 7.95% 2035,,2026-08-06T21:54:25,NSE_EQ,EQUITY
759079,DEVX,DEV ACCELERATOR LIMITED,,2026-08-06T21:54:25,NSE_EQ,EQUITY
759084,URBANCO,URBAN COMPANY LIMITED,,2026-08-06T21:54:25,NSE_EQ,EQUITY
759093,SHRINGARMS,SHRINGAR HOU OF MANGALS L,,2026-08-06T21:54:25,NSE_EQ,EQUITY
759098,12AFIL27A,AFIL 12% 2027,,2026-08-06T21:54:25,NSE_EQ,EQUITY
759100,965ISF28,ISF 9.65% 2028,,2026-08-06T21:54:25,NSE_EQ,EQUITY
759101,677TCL28,TCL 6.77% 2028,,2026-08-06T21:54:25,NSE_EQ,EQUITY
759103,HILINFRA,HIGHWAY INFRASTRUCTURE L,,2026-08-06T21:54:25,NSE_EQ,EQUITY
759130,ABCOTS,A B COTSPIN INDIA LIMITED,,2026-08-06T21:54:25,NSE_EQ,EQUITY
759144,7425NIIF30,NIIF 7.425% 2030,,2026-08-06T21:54:25,NSE_EQ,EQUITY
759146,755TCSL28,TCSL 7.55% 2028,,2026-08-06T21:54:25,NSE_EQ,EQUITY
759148,789GIL30,GIL 7.89% 2030 SR 1,,2026-08-06T21:54:25,NSE_EQ,EQUITY
759150,789GIL31,GIL 7.89% 2031,,2026-08-06T21:54:25,NSE_EQ,EQUITY
759152,VMSTMT,VMS TMT LIMITED,,2026-08-09T04:07:49,NSE_EQ,EQUITY
759169,MWL,MANGALAM WORLDWIDE LTD,,2026-08-06T21:54:25,NSE_EQ,EQUITY
759174,787LDL29,LDL 7.87% 2029,,2026-08-06T21:54:25,NSE_EQ,EQUITY
759210,TRUALT,TRUALT BIOENERGY LIMITED,,2026-08-06T21:54:25,NSE_EQ,EQUITY
759215,1075WCA28,WCAPL 10.75% 2028,,2026-08-06T21:54:25,NSE_EQ,EQUITY
759222,735TCHFL35,TCHFL 7.35% 2035 SR D,,2026-08-06T21:54:25,NSE_EQ,EQUITY
759237,165RARL28,RARL 16.50% 2028 SR V,,2026-08-06T21:54:25,NSE_EQ,EQUITY
759239,FINKURVE,FINKURVE FINANCIAL SERV L,,2026-08-06T21:54:25,NSE_EQ,EQUITY
759244,JAINREC,JAIN RESOURCE RECYCLING L,,2026-08-06T21:54:25,NSE_EQ,EQUITY
759249,950ISF35,ISF 9.50% 2035,,2026-08-06T21:54:25,NSE_EQ,EQUITY
759251,EPACKPEB,EPACK PREFAB TECHN LTD,,2026-08-06T21:54:25,NSE_EQ,EQUITY
759256,BMWVENTLTD,BMW VENTURES LIMITED,,2026-08-06T21:54:25,NSE_EQ,EQUITY
759265,TATACAP,TATA CAPITAL LIMITED,,2026-08-06T21:54:25,NSE_EQ,EQUITY
759271,735BTL27,BTL 7.35% 2027 SR XXV,,2026-08-06T21:54:25,NSE_EQ,EQUITY
759273,745BTL28,BTL 7.45% 2028 SR XXVI,,2026-08-06T21:54:25,NSE_EQ,EQUITY
759275,AAFS30A,AAFS MARKET LINKED CAR-H,,2026-08-06T21:54:25,NSE_EQ,EQUITY
759277,930SCL2035,SCL 9.30% 2035 SR I,,2026-08-06T21:54:25,NSE_EQ,EQUITY
759279,915SCL30,SCL 9.15% 2030 SR II,,2026-08-06T21:54:25,NSE_EQ,EQUITY
759281,12VCCL28,VCCL 12% 2028,,2026-08-06T21:54:25,NSE_EQ,EQUITY
759283,12AFIL28,AFIL 12% 2028,,2026-08-06T21:54:25,NSE_EQ,EQUITY
759287,70826LTF28,LTFL 7.0826% 2028 SR H,,2026-08-06T21:54:25,NSE_EQ,EQUITY
759289,960SCL35,SCL 9.60% 2035,,2026-08-06T21:54:25,NSE_EQ,EQUITY
759291,BLUESTONE,BLUESTONE JEWEL LFSTL LTD,,2026-08-06T21:54:25,NSE_EQ,EQUITY
759296,113ESFB31,ESFB 11.3% 2031 SR 2,,2026-08-06T21:54:25,NSE_EQ,EQUITY
759300,761ABCL35A,ABCL 7.6100% 2035 SR F1,,2026-08-06T21:54:25,NSE_EQ,EQUITY
759311,CRAMC,CANARA ROBECO AMC LIMITED,,2026-08-06T21:54:25,NSE_EQ,EQUITY
759316,RUBICON,RUBICON RESEARCH LIMITED,,2026-08-06T21:54:25,NSE_EQ,EQUITY
759342,PACEDIGITK,PACE DIGITEK LIMITED,,2026-08-06T21:54:25,NSE_EQ,EQUITY
759347,885TIAPL29,TIAPL 8.85% 2029 SR IV,,2026-08-06T21:54:25,NSE_EQ,EQUITY
759349,724TFSIL27,TFSIL 7.24% 2027 SR S54,,2026-08-06T21:54:25,NSE_EQ,EQUITY
759381,MONEYBOXX,MONEYBOXX FINANCE LIMITED,,2026-08-06T21:54:25,NSE_EQ,EQUITY
759392,116VCCL27A,VCCL 11.6% 2027 SR A,,2026-08-06T21:54:25,NSE_EQ,EQUITY
759394,118VCCL27B,VCCL 11.8% 2027 SR B,,2026-08-06T21:54:25,NSE_EQ,EQUITY
759397,SOLEX,SOLEX ENERGY LIMITED,,2026-08-06T21:54:25,NSE_EQ,EQUITY
759402,ADVANCE,ADVANCE AGROLIFE LIMITED,,2026-08-06T21:54:25,NSE_EQ,EQUITY
759434,WEWORK,WEWORK INDIA MANAGEMENT L,,2026-08-06T21:54:25,NSE_EQ,EQUITY
759439,PATELRMART,PATEL RETAIL LIMITED,,2026-08-06T21:54:25,NSE_EQ,EQUITY
759444,1215DHPL27,DHPL 12.15% 2027,,2026-08-06T21:54:25,NSE_EQ,EQUITY
759446,12AFIL27,AFIL 12% 2027 SR 1,,2026-08-06T21:54:25,NSE_EQ,EQUITY
759448,SHREEJISPG,SHREEJI SHIPPING GLOBAL L,,2026-08-06T21:54:25,NSE_EQ,EQUITY
759453,VIKRAMSOLR,VIKRAM SOLAR LIMITED,,2026-08-06T21:54:25,NSE_EQ,EQUITY
759461,GEMAROMA,GEM AROMATICS LIMITED,,2026-08-06T21:54:25,NSE_EQ,EQUITY
759470,875PFL27,PFL 8.75% 2027,,2026-08-06T21:54:25,NSE_EQ,EQUITY
759472,705JCL27,JCL 7.05% 2027 SR III,,2026-08-06T21:54:25,NSE_EQ,EQUITY
759474,975CCSP28,CCSP 9.75% 2028,,2026-08-06T21:54:25,NSE_EQ,EQUITY
759477,CANHLIFE,CANARA HSBC LIFE INS CO L,,2026-08-06T21:54:25,NSE_EQ,EQUITY
759482,730SIHF28,SIHF 7.30% 2028 PP SR 32,,2026-08-06T21:54:25,NSE_EQ,EQUITY
759484,84AIL28,AIL 8.40% 2028,,2026-08-06T21:54:25,NSE_EQ,EQUITY
759486,758CIFL30,CIFL 7.58% 2030 SR 655,,2026-08-06T21:54:25,NSE_EQ,EQUITY
759494,975PCPL27,PCPL 9.75% 2027,,2026-08-06T21:54:25,NSE_EQ,EQUITY
759496,840MCSL31,MCSL 8.40% 2031 SR BD,,2026-08-06T21:54:25,NSE_EQ,EQUITY
759498,788MFL28,MF 7.88% 2028 OPTION I,,2026-08-06T21:54:25,NSE_EQ,EQUITY
759500,805MFL30,MF 8.05% 2030 OPTION II,,2026-08-06T21:54:25,NSE_EQ,EQUITY
759505,692OIT28,OIT 6.92% 2028 TR A,,2026-08-06T21:54:25,NSE_EQ,EQUITY
759507,702OIT40,OIT 7.02% 2040 TR B,,2026-08-06T21:54:25,NSE_EQ,EQUITY
759517,MIDWESTLTD,MIDWEST LIMITED,,2026-08-06T21:54:25,NSE_EQ,EQUITY
759526,712OIT40,OIT 7.12% 2040 TR C,,2026-08-06T21:54:25,NSE_EQ,EQUITY
759551,PIRAMALFIN,PIRAMAL FINANCE LIMITED,,2026-08-06T21:54:25,NSE_EQ,EQUITY
759557,95PFL34,PFL 9.50% 2034,,2026-08-06T21:54:25,NSE_EQ,EQUITY
759558,91PFL35,PFL 9.10% 2035,,2026-08-06T21:54:25,NSE_EQ,EQUITY
759559,930PFL29,PFL 9.30% 2029,,2026-08-06T21:54:25,NSE_EQ,EQUITY
759560,912PFL27,PFL 9.12% 2027,,2026-08-06T21:54:25,NSE_EQ,EQUITY
759561,919PFL28,PFL 9.19% 2028,,2026-08-06T21:54:25,NSE_EQ,EQUITY
759562,905PFL26,PFL 9.05% SR II 2026,,2026-08-06T21:54:25,NSE_EQ,EQUITY
759563,920PFL28,PFL 9.20% SR III 2028,,2026-08-06T21:54:25,NSE_EQ,EQUITY
759564,935PFL33,PFL 9.35% SR IV 20233,,2026-08-06T21:54:25,NSE_EQ,EQUITY
759569,ORKLAINDIA,ORKLA INDIA LIMITED,,2026-08-06T21:54:25,NSE_EQ,EQUITY
759574,710PFCL40,PFCL 7.10% 2040 SR 254,,2026-08-06T21:54:25,NSE_EQ,EQUITY
759587,STUDDS,STUDDS ACCESSORIES LTD,,2026-08-06T21:54:25,NSE_EQ,EQUITY
759592,985CCSP28,CCSPL 9.85% 2028 SR 5,,2026-08-06T21:54:25,NSE_EQ,EQUITY
759601,711SDIL30,SDIL 7.11% 2030,,2026-08-06T21:54:25,NSE_EQ,EQUITY
759603,805AIFL32,AIFL 8.05% 2032 SR SDH1,,2026-08-06T21:54:25,NSE_EQ,EQUITY
759605,LENSKART,LENSKART SOLUTIONS LTD,,2026-08-06T21:54:25,NSE_EQ,EQUITY
759710,9PCPL28B,PCPL 9% 2028,,2026-08-06T21:54:25,NSE_EQ,EQUITY
759712,1180IFL28,IFL 11.80% 2028,,2026-08-06T21:54:25,NSE_EQ,EQUITY
759714,724SFL28,SFL 7.24% 2028 SR Z7,,2026-08-06T21:54:25,NSE_EQ,EQUITY
759723,PWL,PHYSICSWALLAH LIMITED,,2026-08-06T21:54:25,NSE_EQ,EQUITY
759728,EMMVEE,EMMVEE PHOTOVOLTAIC PWR L,,2026-08-06T21:54:25,NSE_EQ,EQUITY
759733,715NBFID40,NABF 7.15% 2040 TR 2,,2026-08-06T21:54:25,NSE_EQ,EQUITY
759747,SHIVAUM,SHIV AUM STEELS LIMITED,,2026-08-06T21:54:25,NSE_EQ,EQUITY
759752,MODIS,MODIS NAVNIRMAN LTD,,2026-08-06T21:54:25,NSE_EQ,EQUITY
759754,880PFL28,PFL 8.80% AUG 2028,,2026-08-06T21:54:25,NSE_EQ,EQUITY
759762,850KGEL30,KGEL 8.50% 2030,,2026-08-06T21:54:25,NSE_EQ,EQUITY
759769,ADVENTHTL,ADVENT HOTELS INTERNATI L,,2026-08-06T21:54:25,NSE_EQ,EQUITY
759774,701NGEL35,NGEL 7.01% 2035 SR 1,,2026-08-06T21:54:25,NSE_EQ,EQUITY
759782,TMCV,TATA MOTORS LIMITED,,2026-08-06T21:54:25,NSE_EQ,EQUITY
759787,765TMCV27,TMCV 7.65% 2027 SR E TR I,,2026-08-06T21:54:25,NSE_EQ,EQUITY
759789,692AVTL28,AVTL 6.92% 2028,,2026-08-06T21:54:25,NSE_EQ,EQUITY
759791,113ESFB31B,ESFB 11.3% 2031 SR 3,,2026-08-06T21:54:25,NSE_EQ,EQUITY
759793,12DCCL27,DCCL 12% 2027 SR II,,2026-08-06T21:54:25,NSE_EQ,EQUITY
759795,77NVCL28,NVCL 7.7% 2028,,2026-08-06T21:54:25,NSE_EQ,EQUITY
759797,EUROPRATIK,EURO PRATIK SALES LIMITED,,2026-08-06T21:54:25,NSE_EQ,EQUITY
759806,GROWW,BILLIONBRAINS GARAGE VN L,,2026-08-06T21:54:25,NSE_EQ,EQUITY
759811,765TMCV28,TMCV 7.65% 2028 SRE TRIII,,2026-08-06T21:54:25,NSE_EQ,EQUITY
759820,PINELABS,PINE LABS LIMITED,,2026-08-06T21:54:25,NSE_EQ,EQUITY
759832,SICCL28,SICCL MARKET LKD 2028,,2026-08-06T21:54:25,NSE_EQ,EQUITY
759834,686NBFID30,NABF 6.86% 2030 TR 1,,2026-08-06T21:54:25,NSE_EQ,EQUITY
759836,712TACA28,TACA 7.12% 2028 SR C,,2026-08-06T21:54:25,NSE_EQ,EQUITY
759838,73TACA30,TACA 7.3% 2030 SR B,,2026-08-06T21:54:25,NSE_EQ,EQUITY
759842,BETA,BETA DRUGS LIMITED,,2026-08-06T21:54:25,NSE_EQ,EQUITY
759847,SHILCTECH,SHILCHAR TECHNOLOGIES LTD,,2026-08-06T21:54:25,NSE_EQ,EQUITY
759867,CAPILLARY,CAPILLARY TECHNO INDIA L,,2026-08-06T21:54:25,NSE_EQ,EQUITY
759872,726JCL30,JCL 7.26% 2030 SR IV,,2026-08-06T21:54:25,NSE_EQ,EQUITY
759874,72841ABH30,ABHFL 7.2841% 2030 SR H1,,2026-08-06T21:54:25,NSE_EQ,EQUITY
759876,UTLSOLAR,FUJIYAMA POWER SYSTEMS L,,2026-08-06T21:54:25,NSE_EQ,EQUITY
759878,771SIHF35,SIHF 7.71% 2035 SR 33,,2026-08-06T21:54:25,NSE_EQ,EQUITY
759880,TENNIND,TENNECO CLEAN AIR INDIA L,,2026-08-06T21:54:25,NSE_EQ,EQUITY
759895,910HFL36,HFL 9.10% 2036 SR 74,,2026-08-06T21:54:25,NSE_EQ,EQUITY
759897,1225IFL27,IFL 12.25% 2027,,2026-08-06T21:54:25,NSE_EQ,EQUITY
759899,803MFL31,MFL 8.03% 2031 OP II,,2026-08-06T21:54:25,NSE_EQ,EQUITY
759901,725MPL29,MPL 7.25% 2029 SR II,,2026-08-06T21:54:25,NSE_EQ,EQUITY
759903,712MPL28,MPL 7.12% 2028 SR I,,2026-08-06T21:54:25,NSE_EQ,EQUITY
759905,732MPL30,MPL 7.32% 2030 SR III,,2026-08-06T21:54:25,NSE_EQ,EQUITY
759920,730BTL27,BTL 7.30% 2027 SR XXVII,,2026-08-06T21:54:25,NSE_EQ,EQUITY
759922,740BTL29,BTL 7.40% 2029 XXVIII,,2026-08-06T21:54:25,NSE_EQ,EQUITY
759929,SOLARWORLD,SOLARWORLD ENERGY SOL LTD,,2026-08-06T21:54:25,NSE_EQ,EQUITY
759934,STYL,SESHAASAI TECHNOLOGIES L,,2026-08-06T21:54:25,NSE_EQ,EQUITY
759939,743PHFL28,PHFL 7.43% 2028 SR LXXI,,2026-08-06T21:54:25,NSE_EQ,EQUITY
759941,799GSGL28,GSGL 7.99% 2028 SR 1,,2026-08-06T21:54:25,NSE_EQ,EQUITY
759943,799GSGL29,GS&GL 7.99% 2029 SR 2,,2026-08-06T21:54:25,NSE_EQ,EQUITY
759949,714SECIL35,SECIL 7.14% 2035 SR 1,,2026-08-06T21:54:25,NSE_EQ,EQUITY
759951,JARO,JARO INS OF TEC MG N RE L,,2026-08-06T21:54:25,NSE_EQ,EQUITY
759956,ARSSBL,ANAND RATHI SH N STK BR L,,2026-08-06T21:54:25,NSE_EQ,EQUITY
759969,PAUSHAKLTD,PAUSHAK LIMITED,,2026-08-06T21:54:25,NSE_EQ,EQUITY
759974,888ECL28,ECL 8.88% 2028 SR V,,2026-08-06T21:54:25,NSE_EQ,EQUITY
759975,925ECL28,ECL 9.25% 2028 SR VI,,2026-08-06T21:54:25,NSE_EQ,EQUITY
759981,708PFCL35,PFCL 7.08% 2035 SR 255,,2026-08-06T21:54:25,NSE_EQ,EQUITY
759983,674SIDBI29,SIDBI 6.74% 2029 SR II,,2026-08-06T21:54:25,NSE_EQ,EQUITY
759987,KSR,KSR FOOTWEAR LIMITED,,2026-08-06T21:54:25,NSE_EQ,EQUITY
760,CGPOWER,CG POWER AND IND SOL LTD,,2026-08-06T21:54:25,NSE_EQ,EQUITY
760005,745ISL28,ISL 7.45% 2028 SR 1,,2026-08-06T21:54:25,NSE_EQ,EQUITY
760007,EXCELSOFT,EXCELSOFT TECHNOLOGIES L,,2026-08-06T21:54:25,NSE_EQ,EQUITY
760031,840CIFL32,CIFL 8.40% 2032 SR SD78,,2026-08-06T21:54:25,NSE_EQ,EQUITY
760033,ROCKPP,ROCKINGDCE RS.5 PPD UP,,2026-08-06T21:54:25,NSE_EQ,EQUITY
760035,705SFL28A,SFL 7.05% 2028 SR Z6,,2026-08-06T21:54:25,NSE_EQ,EQUITY
760037,727ABL35,AXBK 7.27% 2035 SR 9,,2026-08-06T21:54:25,NSE_EQ,EQUITY
760039,SUDEEPPHRM,SUDEEP PHARMA LIMITED,,2026-08-06T21:54:25,NSE_EQ,EQUITY
760045,11VCCL27,VCCL 11% 2027 SR A,,2026-08-06T21:54:25,NSE_EQ,EQUITY
760047,1125VCCL27,VCCL 11.25% 2027 SR B,,2026-08-06T21:54:25,NSE_EQ,EQUITY
760049,115VCCL28,VCCL 11.5% 2028 SR C,,2026-08-06T21:54:25,NSE_EQ,EQUITY
760073,JAYKAY,JAYKAY ENTERPRISES LTD,,2026-08-06T21:54:25,NSE_EQ,EQUITY
760078,728TFSIL28,TFSIL 7.28% 2028 SR S56,,2026-08-06T21:54:25,NSE_EQ,EQUITY
760080,0IRFC35,IRFC 0% 2035 SR 192,,2026-08-06T21:54:25,NSE_EQ,EQUITY
760101,SKFINDUS,SKF IND (INDUSTRIAL) LTD,,2026-08-06T21:54:25,NSE_EQ,EQUITY
760106,736CIFL28,CIFL 7.36% 2028 SR 656,,2026-08-06T21:54:25,NSE_EQ,EQUITY
760125,FABTECH,FABTECH TECHNOLOGIES LTD,,2026-08-06T21:54:25,NSE_EQ,EQUITY
760131,739TPL28,TPL 7.39% 2028 SR W,,2026-08-06T21:54:25,NSE_EQ,EQUITY
760133,780HFL27,HFL 7.80% 2027 SR 75,,2026-08-06T21:54:25,NSE_EQ,EQUITY
760155,866CIFCL33,CIFCL 8.66% 2033 SR SD79,,2026-08-06T21:54:25,NSE_EQ,EQUITY
760157,730SPRL27,SPRL 7.30% 2027 SR 1,,2026-08-06T21:54:25,NSE_EQ,EQUITY
760159,735SPRL28,SPRL 7.35% 2028 SR 2,,2026-08-06T21:54:25,NSE_EQ,EQUITY
760172,875AOL27,AOL 8.75% 2027,,2026-08-06T21:54:25,NSE_EQ,EQUITY
760183,CLEANMAX,CLEAN MAX ENVIRO EN SOL L,,2026-08-06T21:54:25,NSE_EQ,EQUITY
760188,SRTL,SHREE RAM TWISTEX LIMITED,,2026-08-06T21:54:25,NSE_EQ,EQUITY
760200,728PHFL28,PHFL 7.28% 2028 SR LXXII,,2026-08-06T21:54:25,NSE_EQ,EQUITY
760204,MARKOLINES,MARKOLINES PAVEMENT TEC L,,2026-08-06T21:54:25,NSE_EQ,EQUITY
760209,76825AIFL2,AIFL 7.6825% 2027 SR G1,,2026-08-06T21:54:25,NSE_EQ,EQUITY
760211,72190LTFL2,LTFL 7.2190% 2028 SR I,,2026-08-06T21:54:25,NSE_EQ,EQUITY
760213,LGEINDIA,LG ELECTRONICS INDIA LTD,,2026-08-06T21:54:25,NSE_EQ,EQUITY
760218,8SMC29,SMC 8% 2029 STRPP A,,2026-08-06T21:54:25,NSE_EQ,EQUITY
760219,8SMC30,SMC 8% 2030 STRPP B,,2026-08-06T21:54:25,NSE_EQ,EQUITY
760224,VIDYAWIRES,VIDYA WIRES LIMITED,,2026-08-06T21:54:25,NSE_EQ,EQUITY
760229,MEESHO,MEESHO LIMITED,,2026-08-06T21:54:25,NSE_EQ,EQUITY
760234,AEQUS,AEQUS LIMITED,,2026-08-06T21:54:25,NSE_EQ,EQUITY
760240,AAFS30D,AAFS MARKET LINKED 2030,,2026-08-06T21:54:25,NSE_EQ,EQUITY
760242,PNGSREVA,PNGS REVA DIAMOND JEWEL L,,2026-08-06T21:54:25,NSE_EQ,EQUITY
760250,729NHPC32,NHPC 7.29% 2032 STRPP A,,2026-08-06T21:54:25,NSE_EQ,EQUITY
760254,CORONA,CORONA REMEDIES LIMITED,,2026-08-06T21:54:25,NSE_EQ,EQUITY
760259,WAKEFIT,WAKEFIT INNOVATIONS LTD,,2026-08-06T21:54:25,NSE_EQ,EQUITY
760264,702PGCIL35,PGC 7.02% 2035 LXXXIII,,2026-08-06T21:54:25,NSE_EQ,EQUITY
760282,AAFS30B,AAFS MARKET LINKED 2030,,2026-08-06T21:54:25,NSE_EQ,EQUITY
760284,879SCL30,SCL 8.7923% 2030 SR I,,2026-08-06T21:54:25,NSE_EQ,EQUITY
760286,886SCL30,SCL 8.8570% 2030 SR II,,2026-08-06T21:54:25,NSE_EQ,EQUITY
7603,CMSINFO,CMS INFO SYSTEMS LIMITED,,2026-08-06T21:54:25,NSE_EQ,EQUITY
760300,LEMERITE,LE MERITE EXPORTS LIMITED,,2026-08-06T21:54:25,NSE_EQ,EQUITY
760310,705SFL28,SFL 7.05% 2028 SR Z5,,2026-08-06T21:54:25,NSE_EQ,EQUITY
760312,810SIHF35,SIHF 8.10% 2035 SR 6,,2026-08-06T21:54:25,NSE_EQ,EQUITY
760314,805SICCL35,SICCL 8.05% 2035 SR 22,,2026-08-06T21:54:25,NSE_EQ,EQUITY
760342,763HLICL35,HLICL 7.63% 2035 SR 1,,2026-08-06T21:54:25,NSE_EQ,EQUITY
760344,815MOFS28,MOFS 8.15% 2028 SR 2,,2026-08-06T21:54:25,NSE_EQ,EQUITY
760346,NEPHROPLUS,NEPHROCARE HEALTH SERV L,,2026-08-06T21:54:25,NSE_EQ,EQUITY
760351,PARKHOSPS,PARK MEDI WORLD LIMITED,,2026-08-06T21:54:25,NSE_EQ,EQUITY
760362,915APSBC26,APSBC 9.15% 2026 STRPP A,,2026-08-06T21:54:25,NSE_EQ,EQUITY
760364,915APSBC27,APSBC 9.15% 2027 STRPP B,,2026-08-06T21:54:25,NSE_EQ,EQUITY
760366,915APSBC28,APSBC 9.15% 2028 STRPP C,,2026-08-06T21:54:25,NSE_EQ,EQUITY
760368,915APSBC29,APSBC 9.15% 2029 STRPP D,,2026-08-06T21:54:25,NSE_EQ,EQUITY
760370,915APSBC30,APSBC 9.15% 2030 STRPP E,,2026-08-06T21:54:25,NSE_EQ,EQUITY
760372,915APSBC31,APSBC 9.15% 2031 STRPP F,,2026-08-06T21:54:25,NSE_EQ,EQUITY
760374,915APSBC32,APSBC 9.15% 2032 STRPP G,,2026-08-06T21:54:25,NSE_EQ,EQUITY
760376,915APSBC33,APSBC 9.15% 2033 STRPP H,,2026-08-06T21:54:25,NSE_EQ,EQUITY
760378,915APSBC34,APSBC 9.15% 2034 STRPP I,,2026-08-06T21:54:25,NSE_EQ,EQUITY
760380,915APSBC35,APSBC 9.15% 2035 STRPP J,,2026-08-06T21:54:25,NSE_EQ,EQUITY
760392,RUDRA,RUDRA GLOBAL INFRA PROD L,,2026-08-06T21:54:25,NSE_EQ,EQUITY
760393,73TFSIL29,TFSIL 7.3% 2029 SR S55,,2026-08-06T21:54:25,NSE_EQ,EQUITY
760395,875MOF27,MOF 8.75% 2027 TR 2,,2026-08-06T21:54:25,NSE_EQ,EQUITY
760397,975PCPL28,PCPL 9.75% 2028,,2026-08-06T21:54:25,NSE_EQ,EQUITY
760403,850IIFL28,IIFL 8.50% 2028 SR D34,,2026-08-06T21:54:25,NSE_EQ,EQUITY
760405,706TCHE28,TCHE 7.06% 2028,,2026-08-06T21:54:25,NSE_EQ,EQUITY
760407,ICICIAMC,ICICI PRUDENTIAL AMC LTD,,2026-08-06T21:54:25,NSE_EQ,EQUITY
760429,708TFSIL27,TFSIL 7.08% 2027 SR S57,,2026-08-06T21:54:25,NSE_EQ,EQUITY
760431,722TFSI28,TFSIL 7.22% 2028 SR S58,,2026-08-06T21:54:25,NSE_EQ,EQUITY
760433,KSHINTL,KSH INTERNATIONAL LIMITED,,2026-08-06T21:54:25,NSE_EQ,EQUITY
760451,115VCCL28A,VCCL28A 11.5% 2028,,2026-08-06T21:54:25,NSE_EQ,EQUITY
760459,1150AFIL28,AFIL 11.50% 2028 SR 05,,2026-08-06T21:54:25,NSE_EQ,EQUITY
760463,895PAPL27,PAPL 8.95% 2027 SR I,,2026-08-06T21:54:25,NSE_EQ,EQUITY
760465,895PAPL28,PAPL 8.95% 2028 II,,2026-08-06T21:54:25,NSE_EQ,EQUITY
760467,895PAPL28A,PAPL 8.95% 2028 SR III,,2026-08-06T21:54:25,NSE_EQ,EQUITY
760469,895PAPL28B,PAPL 8.95% 2028 SR IV,,2026-08-06T21:54:25,NSE_EQ,EQUITY
760474,741NIIF31,NIIF 7.41% 2031 SR PP 5,,2026-08-06T21:54:25,NSE_EQ,EQUITY
760485,925IIFL32A,IIFL 9.25% 2032 SR 35,,2026-08-06T21:54:25,NSE_EQ,EQUITY
760487,1096GIPL28,GIPL 10.96% 2028 SR 1,,2026-08-06T21:54:25,NSE_EQ,EQUITY
760493,88TIAPL29,TIAPL 8.8% 2029 SR V,,2026-08-06T21:54:25,NSE_EQ,EQUITY
760495,930IIFL35A,IIFL 9.30% 2035 SR 35,,2026-08-06T21:54:25,NSE_EQ,EQUITY
760528,720CL30,CL 7.20% 2030,,2026-08-06T21:54:25,NSE_EQ,EQUITY
760535,729NHPC33,NHPC 7.29% 2033 STRPP B,,2026-08-06T21:54:25,NSE_EQ,EQUITY
760537,729NHPC34,NHPC 7.29% 2034 STRPP C,,2026-08-06T21:54:25,NSE_EQ,EQUITY
760539,729NHPC35,NHPC 7.29% 2035 STRPP D,,2026-08-06T21:54:25,NSE_EQ,EQUITY
760541,729NHPC36,NHPC 7.29% 2036 STRPP E,,2026-08-06T21:54:25,NSE_EQ,EQUITY
760543,729NHPC37,NHPC 7.29% 2037 STRPP F,,2026-08-06T21:54:25,NSE_EQ,EQUITY
760545,729NHPC38,NHPC 7.29% 2038 STRPP G,,2026-08-06T21:54:25,NSE_EQ,EQUITY
760547,729NHPC39,NHPC 7.29% 2039 STRPP H,,2026-08-06T21:54:25,NSE_EQ,EQUITY
760549,8BACL30,BACL 8% 2030,,2026-08-06T21:54:25,NSE_EQ,EQUITY
760551,8BACL30A,BACL 8% 2030,,2026-08-06T21:54:25,NSE_EQ,EQUITY
760553,783CIFCL28,CIFCL 7.83% 2028 SR 659,,2026-08-06T21:54:25,NSE_EQ,EQUITY
760555,1175IFL28,IFL 11.75% 2028,,2026-08-06T21:54:25,NSE_EQ,EQUITY
760558,125VCCL31,VCCL 12.5% 2031,,2026-08-06T21:54:25,NSE_EQ,EQUITY
760561,AVTL29,AVTL FLOATING RATE 2029,,2026-08-06T21:54:25,NSE_EQ,EQUITY
760577,885NACL28,NACL 8.85% 2028,,2026-08-06T21:54:25,NSE_EQ,EQUITY
760594,BUILDPRO,SHANKARA BUILDPRO LIMITED,,2026-08-06T21:54:25,NSE_EQ,EQUITY
760603,729NHPC40,NHPC 7.29% 2040 STRPP I,,2026-08-06T21:54:25,NSE_EQ,EQUITY
760605,729NHPC41,NHPC 7.29% 2041 STRPP J,,2026-08-06T21:54:25,NSE_EQ,EQUITY
760614,12DCCL29A,DCCL 12% 2029 SR 3A,,2026-08-06T21:54:25,NSE_EQ,EQUITY
760628,SIHF29,SIHF MARKET LINKED 2029,,2026-08-06T21:54:25,NSE_EQ,EQUITY
760639,773CIFCL31,CIFCL 7.73% 2031 SR 658,,2026-08-06T21:54:25,NSE_EQ,EQUITY
760641,1150AFIL29,AFIL 11.50% 2029,,2026-08-06T21:54:25,NSE_EQ,EQUITY
760643,714TFSIL28,TFSIL 7.14% 2028 SR S59,,2026-08-06T21:54:25,NSE_EQ,EQUITY
760645,745TOPL28,TOPL 7.45% 2028 SR 1,,2026-08-06T21:54:25,NSE_EQ,EQUITY
760647,760TOPL29,TOPL 7.60% 2029 SR 2,,2026-08-06T21:54:25,NSE_EQ,EQUITY
760650,7EHS246,EHLS2 7% 2046,,2026-08-06T21:54:25,NSE_EQ,EQUITY
760652,7EHLS346,EHLS3 7% 2046,,2026-08-06T21:54:25,NSE_EQ,EQUITY
760654,9PCPL28,PCPL 9% 2028,,2026-08-06T21:54:25,NSE_EQ,EQUITY
760656,1225IFL28,IFL 12.25% 2028,,2026-08-06T21:54:25,NSE_EQ,EQUITY
760657,ADVAIT,ADVAIT ENRGY TRANSITION L,,2026-08-06T21:54:25,NSE_EQ,EQUITY
760671,7EHPP46,EHPP 7% 2046,,2026-08-06T21:54:25,NSE_EQ,EQUITY
760695,AAFS30C,AAFS MARKET LINKED 2030,,2026-08-06T21:54:25,NSE_EQ,EQUITY
760707,698SHFL28,SHFL 6.98% 2028 SR 354,,2026-08-06T21:54:25,NSE_EQ,EQUITY
760715,HALDER,HALDER VENTURE LIMITED,,2026-08-06T21:54:25,NSE_EQ,EQUITY
760720,TIT45,TIT RESET 2045,,2026-08-06T21:54:25,NSE_EQ,EQUITY
760722,704SIDBI29,SIDBI 7.04% 2029 SR IV,,2026-08-06T21:54:25,NSE_EQ,EQUITY
760724,75343PHF31,PHFL 7.5343% 2031,,2026-08-06T21:54:25,NSE_EQ,EQUITY
760726,BHARATCOAL,BHARAT COKING COAL LTD,,2026-08-06T21:54:25,NSE_EQ,EQUITY
760731,905SCL36,SCL 9.05% 2036,,2026-08-06T21:54:25,NSE_EQ,EQUITY
760738,87MFL36,MFL 8.7% 2036,,2026-08-06T21:54:25,NSE_EQ,EQUITY
760740,AMAGI,AMAGI MEDIA LABS LIMITED,,2026-08-06T21:54:25,NSE_EQ,EQUITY
760745,770TOPL30,TOPL 7.70% 2030 SR 3,,2026-08-06T21:54:25,NSE_EQ,EQUITY
760747,780TOPL31,TOPL 7.80% 2031 SR 4,,2026-08-06T21:54:25,NSE_EQ,EQUITY
760763,12DCCL29,DCCL 12% 2029 SR 3A,,2026-08-06T21:54:25,NSE_EQ,EQUITY
760765,14DCCL31A,DCCL 14% 2031 SR 3C,,2026-08-06T21:54:25,NSE_EQ,EQUITY
760767,14DCCL31,DCCL 14% 2031 SR 3C,,2026-08-06T21:54:25,NSE_EQ,EQUITY
760782,710NBRD29,NBRD 7.10% 2029 SR 26E,,2026-08-06T21:54:25,NSE_EQ,EQUITY
760797,745SDIP36,SDIP 7.45% 2036,,2026-08-06T21:54:25,NSE_EQ,EQUITY
760799,685PFCL31,PFCL 6.85% 2031 SR I,,2026-08-06T21:54:25,NSE_EQ,EQUITY
760800,690PFCL31,PFCL 6.90% 2031 SR I,,2026-08-06T21:54:25,NSE_EQ,EQUITY
760801,7PFCL31,PFCL 7.00% 2031 SR I,,2026-08-06T21:54:25,NSE_EQ,EQUITY
760802,7PFCL36,PFCL 7.00% 2036 SR II,,2026-08-06T21:54:25,NSE_EQ,EQUITY
760803,710PFCL36,PFCL 7.10% 2036 SR II,,2026-08-06T21:54:25,NSE_EQ,EQUITY
760804,720PFCL36,PFCL 7.20% 2036 SR II,,2026-08-06T21:54:25,NSE_EQ,EQUITY
760805,PFCL36,PFCL 0% ZCB 2036 SR III,,2026-08-06T21:54:25,NSE_EQ,EQUITY
760806,PFCL36A,PFCL 0% ZCB 2036 SR III,,2026-08-06T21:54:25,NSE_EQ,EQUITY
760807,PFCL36B,PFCL 0% ZCB 2036 SR III,,2026-08-06T21:54:25,NSE_EQ,EQUITY
760808,705PFCL41,PFCL 7.05% 2041 SR IV,,2026-08-06T21:54:25,NSE_EQ,EQUITY
760809,720PFCL41,PFCL 7.20% 2041 SR IV,,2026-08-06T21:54:25,NSE_EQ,EQUITY
760810,730PFCL41,PFCL 7.30% 2041 SR IV,,2026-08-06T21:54:25,NSE_EQ,EQUITY
760811,769ICPR35,ICPR 7.69% 2035 SR1,,2026-08-06T21:54:25,NSE_EQ,EQUITY
760813,748NIIF33,NIIF 7.48% 2033 SR PP 6,,2026-08-06T21:54:25,NSE_EQ,EQUITY
760815,725BACL28,BAJAJ AUTO 7.25% 2028,,2026-08-06T21:54:25,NSE_EQ,EQUITY
760817,790IHFL27,IHFL 7.90% 2027 SR H1,,2026-08-06T21:54:25,NSE_EQ,EQUITY
760819,785MFL29,MFL 7.85% 2029,,2026-08-06T21:54:25,NSE_EQ,EQUITY
760821,975BNAL28,BNAL 9.75% 2028 SR TR 1,,2026-08-06T21:54:25,NSE_EQ,EQUITY
760823,PFCL41,PFCL 0% 2041 SR V,,2026-08-06T21:54:25,NSE_EQ,EQUITY
760824,PFCL41A,PFCL 0% 2041 SR V,,2026-08-06T21:54:25,NSE_EQ,EQUITY
760859,696PFCL28,PFCL 6.96% 2028 SR 259A,,2026-08-06T21:54:25,NSE_EQ,EQUITY
760861,731PFCL36,PFCL 7.31% 2036 SR 259B,,2026-08-06T21:54:25,NSE_EQ,EQUITY
760863,759PHFL31,PHFL 7.59% 2031 SR LXXIV,,2026-08-06T21:54:25,NSE_EQ,EQUITY
760865,OMNI,OMNITECH ENGINEERING LTD,,2026-08-06T21:54:25,NSE_EQ,EQUITY
760901,920ISF28B,ISF 9.20% 2028 SR A,,2026-08-06T21:54:25,NSE_EQ,EQUITY
760903,722SIDBI29,SIDBI 7.22% 2029 SR V,,2026-08-06T21:54:25,NSE_EQ,EQUITY
760923,KNAGRI,KN AGRI RESOURCES LIMITED,,2026-08-06T21:54:25,NSE_EQ,EQUITY
760946,KWIL,KWALITY WALL'S (INDIA) L,,2026-08-06T21:54:25,NSE_EQ,EQUITY
760953,ATLPP,ATL RE.0.50 PPD UP,,2026-08-06T21:54:25,NSE_EQ,EQUITY
760956,1225DCCL27,DCCL 12.25% 2027 SR IIA,,2026-08-06T21:54:25,NSE_EQ,EQUITY
760959,730TCHFL28,TCHFL 7.30% 2028 SR E,,2026-08-06T21:54:25,NSE_EQ,EQUITY
760961,FRACTAL,FRACTAL ANALYTICS LIMITED,,2026-08-06T21:54:25,NSE_EQ,EQUITY
760964,790TPL29,TPL 7.90% 2029 SR Y,,2026-08-06T21:54:25,NSE_EQ,EQUITY
760966,785TPL28,TPL 7.85% 2028 SR X,,2026-08-06T21:54:25,NSE_EQ,EQUITY
760981,AYE,AYE FINANCE LIMITED,,2026-08-06T21:54:25,NSE_EQ,EQUITY
760989,745NBFID36,NABF 7.45% 2036 SR 6,,2026-08-06T21:54:25,NSE_EQ,EQUITY
760991,925ISF29,ISF 9.25% 2029 SR B,,2026-08-06T21:54:25,NSE_EQ,EQUITY
761002,701NBRD29,NBRD 7.01% 2029 SR 26D,,2026-08-06T21:54:25,NSE_EQ,EQUITY
761025,GICL,GLOBE INTL CARRIERS LTD,,2026-08-06T21:54:25,NSE_EQ,EQUITY
761026,692PFCL28,PFCL 6.92% 2028 SR 258A,,2026-08-06T21:54:25,NSE_EQ,EQUITY
761028,724PFCL31,PFCL 7.24% 2031 SR 258B,,2026-08-06T21:54:25,NSE_EQ,EQUITY
761037,CEINSYS,CEINSYS TECH LIMITED,,2026-08-06T21:54:25,NSE_EQ,EQUITY
761056,BONLON,BONLON INDUSTRIES LIMITED,,2026-08-06T21:54:25,NSE_EQ,EQUITY
761075,805NMC29,NMC 8.05% 2029 SR STRPP A,,2026-08-06T21:54:25,NSE_EQ,EQUITY
761076,805NMC30,NMC 8.05% 2030 SR STRPP B,,2026-08-06T21:54:25,NSE_EQ,EQUITY
761077,805NMC31,NMC 8.05% 2031 SR STRPP C,,2026-08-06T21:54:25,NSE_EQ,EQUITY
761078,805NMC32,NMC 8.05% 2032 SR STRPP D,,2026-08-06T21:54:25,NSE_EQ,EQUITY
761079,805NMC33,NMC 8.05% 2033 SR STRPP E,,2026-08-06T21:54:25,NSE_EQ,EQUITY
761080,805NMC34,NMC 8.05% 2034 SR STRPP F,,2026-08-06T21:54:25,NSE_EQ,EQUITY
761081,805NMC35,NMC 8.05% 2035 SR STRPP G,,2026-08-06T21:54:25,NSE_EQ,EQUITY
761082,805NMC36,NMC 8.05% 2036 SR STRPP H,,2026-08-06T21:54:25,NSE_EQ,EQUITY
761099,INA,INSOLATION ENERGY LIMITED,,2026-08-06T21:54:25,NSE_EQ,EQUITY
761108,710BOB33,BOB 7.10% 2033 SR I,,2026-08-06T21:54:25,NSE_EQ,EQUITY
761110,920SCL36,SCL 9.20% 2036 SR II,,2026-08-06T21:54:25,NSE_EQ,EQUITY
761116,837IIFL28,IIFL 8.37% TR I SR I,,2026-08-06T21:54:25,NSE_EQ,EQUITY
761117,852IIFL29,IIFL 8.52% TR I SR II,,2026-08-06T21:54:25,NSE_EQ,EQUITY
761118,865IIFL31,IIFL 8.65% TR I SR III,,2026-08-06T21:54:25,NSE_EQ,EQUITY
761119,870IIFL28,IIFL 8.70% TR I SR IV,,2026-08-06T21:54:25,NSE_EQ,EQUITY
761120,885IIFL29,IIFL 8.85% TR I SR V,,2026-08-06T21:54:25,NSE_EQ,EQUITY
761121,9IIFL31,IIFL 9.00% TR I SR VI,,2026-08-06T21:54:25,NSE_EQ,EQUITY
761122,IIFL060326,IIFL TR I SR VII,,2026-08-06T21:54:25,NSE_EQ,EQUITY
761123,IIFL60326,IIFL TR I SR VIII,,2026-08-06T21:54:25,NSE_EQ,EQUITY
761124,IIFL06326,IIFL TR I SR IX,,2026-08-06T21:54:25,NSE_EQ,EQUITY
761137,910HFL37,HFL 9.10% 2037 SR76 O2,,2026-08-06T21:54:25,NSE_EQ,EQUITY
761139,77SHFL36,SHFL 7.7% 2036 SR SD1,,2026-08-06T21:54:25,NSE_EQ,EQUITY
761141,TVSMNCRPS,TVS MOTOR COMPANY LIMITED,,2026-08-06T21:54:25,NSE_EQ,EQUITY
761153,SEDEMAC,SEDEMAC MECHATRONICS LTD,,2026-08-06T21:54:25,NSE_EQ,EQUITY
761192,KRISHNADEF,KRISHNA DEF AND ALD IND L,,2026-08-06T21:54:25,NSE_EQ,EQUITY
761197,GKSL,GUJARAT KIDNEY N SUP SP L,,2026-08-06T21:54:25,NSE_EQ,EQUITY
761206,723BOI35,BOI 7.23% 2035 SR IV,,2026-08-06T21:54:25,NSE_EQ,EQUITY
761208,925ISF28,ISF 9.25% 2028,,2026-08-06T21:54:25,NSE_EQ,EQUITY
761270,ALGOQUANT,ALGOQUANT FINTECH LIMITED,,2026-08-06T21:54:25,NSE_EQ,EQUITY
761299,7545NIIF28,NIIF 7.545% 2028 SR PP8,,2026-08-06T21:54:25,NSE_EQ,EQUITY
761301,756NIIF31,NIIF 7.56% 2031 SR PP8,,2026-08-06T21:54:25,NSE_EQ,EQUITY
761303,CITI28,3M TBILL LKD 28 SR 818,,2026-08-06T21:54:25,NSE_EQ,EQUITY
761305,815CHLI36,CHLI 8.15% 2036,,2026-08-06T21:54:25,NSE_EQ,EQUITY
761307,775BTL28,BTL 7.75% 2028 SR XXIX,,2026-08-06T21:54:25,NSE_EQ,EQUITY
761309,785BTL29,BTL 7.85% 2029 SR XXX,,2026-08-06T21:54:25,NSE_EQ,EQUITY
761311,719RECL31,REC 7.19% 2031 SR 252,,2026-08-06T21:54:25,NSE_EQ,EQUITY
761330,AEPL,ARTEMIS ELECTRICALS & P L,,2026-08-06T21:54:25,NSE_EQ,EQUITY
761340,860AEL28,AEL 8.60% 2028 SR I,,2026-08-06T21:54:25,NSE_EQ,EQUITY
761341,AEL12126,AEL 0% 2028 SR II,,2026-08-06T21:54:25,NSE_EQ,EQUITY
761342,848AEL29,AEL 8.48% 2029 SR III,,2026-08-06T21:54:25,NSE_EQ,EQUITY
761343,875AEL29,AEL 8.75% 2029 SR IV,,2026-08-06T21:54:25,NSE_EQ,EQUITY
761344,AEL120126,AEL 0% 2029 SR V,,2026-08-06T21:54:25,NSE_EQ,EQUITY
761345,862AEL31,AEL 8.62% 2031 SR VI,,2026-08-06T21:54:25,NSE_EQ,EQUITY
761346,890AEL31,AEL 8.90% 2031 SR VII,,2026-08-06T21:54:25,NSE_EQ,EQUITY
761347,AEL1212026,AEL 0% 2031 SR VIII,,2026-08-06T21:54:25,NSE_EQ,EQUITY
761356,797TOPO34,TOPO 7.97% 2034 TR 14A,,2026-08-06T21:54:25,NSE_EQ,EQUITY
761358,797TOPO35,TOPO 7.97% 2035 TR 14B,,2026-08-06T21:54:25,NSE_EQ,EQUITY
761360,797TOPO36,TOPO 7.97% 2036 TR 14C,,2026-08-06T21:54:25,NSE_EQ,EQUITY
761362,790ABSLI36,ABSL 7.90% 2036,,2026-08-06T21:54:25,NSE_EQ,EQUITY
761367,AAFS31,AAFS MARKET LINKED 2031,,2026-08-06T21:54:25,NSE_EQ,EQUITY
761386,MARSONS,MARSONS LIMITED,,2026-08-06T21:54:25,NSE_EQ,EQUITY
761391,860IIFL27,IIFL 8.60% 2027 SR D 36,,2026-08-06T21:54:25,NSE_EQ,EQUITY
761397,1180IFL28A,IFL 11.80% 2028,,2026-08-06T21:54:25,NSE_EQ,EQUITY
761399,790NOM28,NOM 7.90% 2028 SR 1,,2026-08-06T21:54:25,NSE_EQ,EQUITY
761401,785KSFP28,KSFP 7.85% 2028 SR L1,,2026-08-06T21:54:25,NSE_EQ,EQUITY
761420,SINGERIND,SINGER INDIA LIMITED,,2026-08-06T21:54:25,NSE_EQ,EQUITY
761425,744NBRD29,NBRD 7.44% 2029 SR 26F,,2026-08-06T21:54:25,NSE_EQ,EQUITY
761426,809HFL33,HFL 8.09% 2033 SR 77,,2026-08-06T21:54:25,NSE_EQ,EQUITY
761428,830TACA27A,TACA 8.30% 2027 PSTRPII,,2026-08-06T21:54:25,NSE_EQ,EQUITY
761430,745SFL29,SFL 7.45% 2029 SR Z8,,2026-08-06T21:54:25,NSE_EQ,EQUITY
761436,766JCL31,JCL 7.66% 2031 SR V,,2026-08-06T21:54:25,NSE_EQ,EQUITY
761439,RSL,RAJPUTANA STAINLESS LTD,,2026-08-06T21:54:25,NSE_EQ,EQUITY
761461,1165ESFB32,ESFB 11.65% 2032 SR 4,,2026-08-06T21:54:25,NSE_EQ,EQUITY
761463,885ICFL28,ICFL 8.85% 2028,,2026-08-06T21:54:25,NSE_EQ,EQUITY
761465,91ICFL29,ICFL 9.1% 2029,,2026-08-06T21:54:25,NSE_EQ,EQUITY
761467,89ICFL28,ICFL 8.9% 2028,,2026-08-06T21:54:25,NSE_EQ,EQUITY
761469,SHADOWFAX,SHADOWFAX TECHNOLOGIES L,,2026-08-06T21:54:25,NSE_EQ,EQUITY
761494,BCPL,BCPL RAILWAY INFRA LTD,,2026-08-06T21:54:25,NSE_EQ,EQUITY
761504,915TIAPL33,TIAPL 9.15% 2033 SR VI,,2026-08-06T21:54:25,NSE_EQ,EQUITY
761509,775NIIF33,NIIF 7.75% 2033 SR PP9,,2026-08-06T21:54:25,NSE_EQ,EQUITY
761517,716UBI36,UBI 7.16% 2036 SR 1,,2026-08-06T21:54:25,NSE_EQ,EQUITY
761522,794CIFCL29,CIFCL 7.94% 2029 SR 662,,2026-08-06T21:54:25,NSE_EQ,EQUITY
761526,723EXIM31,EXIM 7.23% 2031 SR AB01,,2026-08-06T21:54:25,NSE_EQ,EQUITY
761528,INNOVISION,INNOVISION LIMITED,,2026-08-06T21:54:25,NSE_EQ,EQUITY
761533,975MWL29,MWL 9.75% 2029,,2026-08-06T21:54:25,NSE_EQ,EQUITY
761536,727NBRD29A,NBRD 7.27% 2029 SR 26C,,2026-08-06T21:54:25,NSE_EQ,EQUITY
761538,92LMAEL31,LMAEL 9.2% 2031,,2026-08-06T21:54:25,NSE_EQ,EQUITY
761577,810TVSH29,TVSH 8.10% 2029,,2026-08-06T21:54:25,NSE_EQ,EQUITY
761579,715INBK36,INBK 7.15% 2036,,2026-08-06T21:54:25,NSE_EQ,EQUITY
761581,CMPDI,CENTRAL MINE P N D INST L,,2026-08-06T21:54:25,NSE_EQ,EQUITY
761599,115VCCL31,VCCL 11.5% 2031,,2026-08-06T21:54:25,NSE_EQ,EQUITY
761609,13DCCL29,DCCL 13% 2029 SR IIB,,2026-08-06T21:54:25,NSE_EQ,EQUITY
761670,AEROPLANE,AMIR CHAND JAG KUM (E) L,,2026-08-06T21:54:25,NSE_EQ,EQUITY
761675,SAIPARENT,SAI PARENTERALS LIMITED,,2026-08-06T21:54:25,NSE_EQ,EQUITY
761680,POWERICA,POWERICA LIMITED,,2026-08-06T21:54:25,NSE_EQ,EQUITY
761688,SAHLIBHFI,SHALIBHADRA FINANCE LTD,,2026-08-06T21:54:25,NSE_EQ,EQUITY
761725,AAFS31A,AAFS MARKET LINKED 2031,,2026-08-06T21:54:25,NSE_EQ,EQUITY
761727,772ABCL31,ABCL 7.7173 2031 SR L1,,2026-08-06T21:54:25,NSE_EQ,EQUITY
761729,AAFS31B,AAFS MARKET LINKED 2031,,2026-08-06T21:54:25,NSE_EQ,EQUITY
761731,852LDL36,LDL 8.52% 2036,,2026-08-06T21:54:25,NSE_EQ,EQUITY
761733,PHFL29,PHFL RESET 2029 SR LXXV,,2026-08-06T21:54:25,NSE_EQ,EQUITY
761735,SIHF29A,SIHF RESET 2029 SR 36,,2026-08-06T21:54:25,NSE_EQ,EQUITY
761737,1275DCCL28,DCCL 12.75% 2028,,2026-08-06T21:54:25,NSE_EQ,EQUITY
761739,NDR31,NDR INVIT RESET 2031,,2026-08-06T21:54:25,NSE_EQ,EQUITY
761795,87HMDA40,HMDA 8.7% 2040 STRPP K,,2026-08-06T21:54:25,NSE_EQ,EQUITY
761797,87HMDA41,HMDA 8.7% 2041 STRPP L,,2026-08-06T21:54:25,NSE_EQ,EQUITY
761799,87HMDA42,HMDA 8.7% 2042 STRPP M,,2026-08-06T21:54:25,NSE_EQ,EQUITY
761801,87HMDA43,HMDA 8.7% 2043 STRPP N,,2026-08-06T21:54:25,NSE_EQ,EQUITY
761803,87HMDA36,HMDA 8.7% 2036 STRPP G,,2026-08-06T21:54:25,NSE_EQ,EQUITY
761805,87HMDA37,HMDA 8.7% 2037 STRPP H,,2026-08-06T21:54:25,NSE_EQ,EQUITY
761807,87HMDA38,HMDA 8.7% 2038 STRPP I,,2026-08-06T21:54:25,NSE_EQ,EQUITY
761809,87HMDA39,HMDA 8.7% 2039 STRPP J,,2026-08-06T21:54:25,NSE_EQ,EQUITY
761811,87HMDA44,HMDA 8.7% 2044 STRPP O,,2026-08-06T21:54:25,NSE_EQ,EQUITY
761813,87HMDA45,HMDA 8.7% 2045 STRPP P,,2026-08-06T21:54:25,NSE_EQ,EQUITY
761814,TCC,TCC CONCEPT LIMITED,,2026-08-06T21:54:25,NSE_EQ,EQUITY
761819,9PCPL28A,PCPL 9% 2028,,2026-08-06T21:54:25,NSE_EQ,EQUITY
761821,AARNAV,AARNAV FASHIONS LIMITED,,2026-08-06T21:54:25,NSE_EQ,EQUITY
761826,695RECL28,REC 6.95% 2028 SR 251,,2026-08-06T21:54:25,NSE_EQ,EQUITY
761828,768NIIF31,NIIF 7.68% 2031 SR PP7,,2026-08-06T21:54:25,NSE_EQ,EQUITY
761831,87HMDA46,HMDA 8.7% 2046 STRPP Q,,2026-08-06T21:54:25,NSE_EQ,EQUITY
761833,87HMDA32,HMDA 8.7% 2032 STRPP C,,2026-08-06T21:54:25,NSE_EQ,EQUITY
761835,87HMDA30,HMDA 8.7% 2030 STRPP A,,2026-08-06T21:54:25,NSE_EQ,EQUITY
761837,87HMDA31,HMDA 8.7% 2031 STRPP B,,2026-08-06T21:54:25,NSE_EQ,EQUITY
761839,87HMDA33,HMDA 8.70% 2033 STRPP D,,2026-08-06T21:54:25,NSE_EQ,EQUITY
761841,87HMDA34,HMDA 8.7% 2034 STRPP E,,2026-08-06T21:54:25,NSE_EQ,EQUITY
761843,87HMDA35,HMDA 8.7% 2035 STRPP F,,2026-08-06T21:54:25,NSE_EQ,EQUITY
761916,VOEPL,VIRTUOSO OPTOELECTRONIC L,,2026-08-06T21:54:25,NSE_EQ,EQUITY
761992,888CIFCL33,CIFCL 8.88% 2033,,2026-08-06T21:54:25,NSE_EQ,EQUITY
762163,CORDELIA,WATERWAYS LEISURE TOUR L,,2026-08-06T21:54:25,NSE_EQ,EQUITY
762227,RAMBHAJO,ADVIT JEWELS LIMITED,,2026-08-06T21:54:25,NSE_EQ,EQUITY
762239,GSPCROP,GSP CROP SCIENCE LIMITED,,2026-08-06T21:54:25,NSE_EQ,EQUITY
762346,RMC,RMC SWITCHGEARS LIMITED,,2026-08-06T21:54:25,NSE_EQ,EQUITY
762375,0HFL28,HFL 0% 2028 SR 79,,2026-08-06T21:54:25,NSE_EQ,EQUITY
762403,765SICCL31,SICCL 7.65% 2031 SR 117,,2026-08-06T21:54:25,NSE_EQ,EQUITY
762432,OMPOWER,OM POWER TRANSMISSION LTD,,2026-08-06T21:54:25,NSE_EQ,EQUITY
762518,3BBLACKBIO,3B BLACKBIO DX LTD.,,2026-08-06T21:54:25,NSE_EQ,EQUITY
762528,ABMKNO,A B M KNOWLEDGEWARE LTD.,,2026-08-06T21:54:25,NSE_EQ,EQUITY
762533,ACSTECH,A C S TECHNOLOGIES LTD.,,2026-08-06T21:54:25,NSE_EQ,EQUITY
762538,AKCAPIT,A K CAPITAL SERVICES LTD.,,2026-08-06T21:54:25,NSE_EQ,EQUITY
762543,AMBALALSA,AMBALAL SARABHAI ENT L,,2026-08-06T21:54:25,NSE_EQ,EQUITY
762548,ASHIKAG,ASHIKA GLOBAL SEC LTD,,2026-08-06T21:54:25,NSE_EQ,EQUITY
762553,ASTAR,ASIAN STAR CO. LTD.,,2026-08-06T21:54:25,NSE_EQ,EQUITY
762563,BAJAJST,BAJAJ STEEL INDS. LTD.,,2026-08-06T21:54:25,NSE_EQ,EQUITY
762568,BATLIBOI,BATLIBOI LTD.,,2026-08-06T21:54:25,NSE_EQ,EQUITY
762573,BEEKAY,BEEKAY STEEL INDS. LTD.,,2026-08-06T21:54:25,NSE_EQ,EQUITY
762578,BENGALASM,BENGAL & ASSAM CO. LTD.,,2026-08-06T21:54:25,NSE_EQ,EQUITY
762583,BI,BILCARE LTD.,,2026-08-06T21:54:25,NSE_EQ,EQUITY
762588,BIMETAL,BIMETAL BEARINGS LTD.,,2026-08-06T21:54:25,NSE_EQ,EQUITY
762593,BIRLAPREC,BIRLA PRECISION TECH L,,2026-08-06T21:54:25,NSE_EQ,EQUITY
762603,BLIL,BALMER LAWRIE INVSTS. L,,2026-08-06T21:54:25,NSE_EQ,EQUITY
762623,COCKERILL,JOHN COCKERILL INDIA LTD.,,2026-08-06T21:54:25,NSE_EQ,EQUITY
762628,COMFINTE,COMFORT INTECH LTD.,,2026-08-06T21:54:25,NSE_EQ,EQUITY
762638,DECNGOLD,DECCAN GOLD MINES LTD.,,2026-08-06T21:54:25,NSE_EQ,EQUITY
762643,DISAQ,DISA INDIA LTD.,,2026-08-06T21:54:25,NSE_EQ,EQUITY
762648,DRAGARWQ,DR. AGARWAL'S EYE HOSP L,,2026-08-06T21:54:25,NSE_EQ,EQUITY
762653,ELANTAS,ELANTAS BECK INDIA LTD.,,2026-08-06T21:54:25,NSE_EQ,EQUITY
762658,ELCIDIN,ELCID INVESTMENTS LTD.,,2026-08-06T21:54:25,NSE_EQ,EQUITY
762663,ELITECON,ELITECON INTERNATIONAL L,,2026-08-06T21:54:25,NSE_EQ,EQUITY
762675,FEDDERSHOL,FEDDERS HOLDING LTD.,,2026-08-06T21:54:25,NSE_EQ,EQUITY
762680,FERMENTA,FERMENTA BIOTECH LTD.,,2026-08-06T21:54:25,NSE_EQ,EQUITY
762685,FRONTSP,FRONTIER SPRINGS LTD.,,2026-08-06T21:54:25,NSE_EQ,EQUITY
762690,GNRL,GUJARAT NATURAL RES L,,2026-08-06T21:54:25,NSE_EQ,EQUITY
762695,GRANDOAK,GRAND OAK CANYONS DIST L,,2026-08-06T21:54:25,NSE_EQ,EQUITY
7627,SHREERAMA,SHREE RAMA MULTI TECH LTD,,2026-08-06T21:54:25,NSE_EQ,EQUITY
762700,GRAVISSHO,GRAVISS HOSPITALITY LTD.,,2026-08-06T21:54:25,NSE_EQ,EQUITY
762712,HBESD,H B ESTATE DEVELOPERS L,,2026-08-06T21:54:25,NSE_EQ,EQUITY
762717,INDPRUD,INDUSTRIAL & PRU INV CO L,,2026-08-06T21:54:25,NSE_EQ,EQUITY
762727,IWP,INDIAN WOOD PRODUCTS CO L,,2026-08-06T21:54:25,NSE_EQ,EQUITY
762732,KAMAHOLD,KAMA HOLDINGS LTD.,,2026-08-06T21:54:25,NSE_EQ,EQUITY
762742,KIRANVYPAR,KIRAN VYAPAR LTD.,,2026-08-06T21:54:25,NSE_EQ,EQUITY
762747,KLBRENG-B,KILBURN ENGINEERING LTD.,,2026-08-06T21:54:25,NSE_EQ,EQUITY
762752,KOTIC,KOTHARI INDUSTRIAL CORP L,,2026-08-06T21:54:25,NSE_EQ,EQUITY
762757,KPL,KWALITY PHARMACEUTICALS L,,2026-08-06T21:54:25,NSE_EQ,EQUITY
762762,LAHOTIOV,LAHOTI OVERSEAS LTD.,,2026-08-06T21:54:25,NSE_EQ,EQUITY
762767,MADHAVIPL,MADHAV INFRA PROJECTS L,,2026-08-06T21:54:25,NSE_EQ,EQUITY
762772,MAFATIND,MAFATLAL INDUSTRIES LTD.,,2026-08-06T21:54:25,NSE_EQ,EQUITY
762782,MCCHRLS-B,MAC CHARLES (INDIA) LTD.,,2026-08-06T21:54:25,NSE_EQ,EQUITY
762787,MENNPIS,MENON PISTONS LTD.,,2026-08-06T21:54:25,NSE_EQ,EQUITY
762792,MERCANTILE,MERCANTILE VENTURES LTD.,,2026-08-06T21:54:25,NSE_EQ,EQUITY
762797,METROGLOBL,METROGLOBAL LTD.,,2026-08-06T21:54:25,NSE_EQ,EQUITY
762807,NATIONSTD,NATIONAL STAND (INDIA) L,,2026-08-06T21:54:25,NSE_EQ,EQUITY
762812,NEAGI,NEELAMALAI AGRO INDS. L,,2026-08-06T21:54:25,NSE_EQ,EQUITY
762817,NILE,NILE LTD.,,2026-08-06T21:54:25,NSE_EQ,EQUITY
762824,NITTAGELA,NITTA GELATIN INDIA LTD.,,2026-08-06T21:54:25,NSE_EQ,EQUITY
762834,PML,PAUL MERCHANTS LTD.,,2026-08-06T21:54:25,NSE_EQ,EQUITY
762844,PRAVEG,PRAVEG LTD.,,2026-08-06T21:54:25,NSE_EQ,EQUITY
762849,PREMCO,PREMCO GLOBAL LTD.,,2026-08-06T21:54:25,NSE_EQ,EQUITY
762854,QUINT,QUINT DIGITAL LTD.,,2026-08-06T21:54:25,NSE_EQ,EQUITY
762859,RAJPALAYAM,RAJAPALAYAM MILLS LTD.,,2026-08-06T21:54:25,NSE_EQ,EQUITY
762864,RRIL,R R I L LTD.,,2026-08-06T21:54:25,NSE_EQ,EQUITY
762874,SAPPL,SHREE AJIT PULP & PAPER L,,2026-08-06T21:54:25,NSE_EQ,EQUITY
762879,SAYAJIHOTL,SAYAJI HOTELS LTD.,,2026-08-06T21:54:25,NSE_EQ,EQUITY
762889,SEIL,SHANTI EDU INITIATIVES L,,2026-08-06T21:54:25,NSE_EQ,EQUITY
762899,SHBAJRG,SHRI BAJRANG ALLIANCE L,,2026-08-06T21:54:25,NSE_EQ,EQUITY
762904,SHINDL,SHARAT INDUSTRIES LTD.,,2026-08-06T21:54:25,NSE_EQ,EQUITY
762909,SHRIKRISH,SHRI KRISHNA DEVCON LTD.,,2026-08-06T21:54:25,NSE_EQ,EQUITY
762914,SIKA,SIKA INTERPLANT SYSTEMS L,,2026-08-06T21:54:25,NSE_EQ,EQUITY
762919,SONAL,SONAL MERCANTILE LTD.,,2026-08-06T21:54:25,NSE_EQ,EQUITY
762924,SURYALA,SURYALATA SPINNING MILL L,,2026-08-06T21:54:25,NSE_EQ,EQUITY
762929,TAALTECH,TAAL TECH LTD.,,2026-08-06T21:54:25,NSE_EQ,EQUITY
762939,TECHNVISN,TECHNVISION VENTURES LTD.,,2026-08-06T21:54:25,NSE_EQ,EQUITY
762949,THAKDEV,THAKKERS DEVELOPERS LTD.,,2026-08-06T21:54:25,NSE_EQ,EQUITY
762954,TIMEX,TIMEX GROUP INDIA LTD.,,2026-08-06T21:54:25,NSE_EQ,EQUITY
762961,ULTRAMAR,ULTRAMARINE & PIGMENTS L,,2026-08-06T21:54:25,NSE_EQ,EQUITY
762971,WELSPLSOL,WELSPUN SPECIALTY SOL L,,2026-08-06T21:54:25,NSE_EQ,EQUITY
762978,WPIL,W P I L LTD.,,2026-08-06T21:54:25,NSE_EQ,EQUITY
762985,ZSARACOM,SARASWATI COMM (INDIA) L,,2026-08-06T21:54:25,NSE_EQ,EQUITY
763044,1125AFIL29,AFIL 11.25% 2029,,2026-08-06T21:54:25,NSE_EQ,EQUITY
763046,845MFL29,MFL 8.45% 2029,,2026-08-06T21:54:25,NSE_EQ,EQUITY
763048,SDIL41,SDIL RESET 2041,,2026-08-06T21:54:25,NSE_EQ,EQUITY
763080,7794LTFL31,LTFL 7.7942% 2031 SR A,,2026-08-06T21:54:25,NSE_EQ,EQUITY
763138,852MFL31,MFL 8.52% 2031 OP I,,2026-08-06T21:54:25,NSE_EQ,EQUITY
763140,925ICFL27A,ICFL 9.25% 2027,,2026-08-06T21:54:25,NSE_EQ,EQUITY
763142,925ICFL27,ICFL 9.25% 2027,,2026-08-06T21:54:25,NSE_EQ,EQUITY
763144,925ICFL28,ICFL 9.25% 2028,,2026-08-06T21:54:25,NSE_EQ,EQUITY
763147,7616ABHF29,ABHFL 7.6164% 2029 SR A1,,2026-08-06T21:54:25,NSE_EQ,EQUITY
763154,82907AIF29,AIFL 8.2907% 2029 SR A1,,2026-08-06T21:54:25,NSE_EQ,EQUITY
763206,10MWL29,MWL 10% 2029,,2026-08-06T21:54:25,NSE_EQ,EQUITY
763208,788NIIF31,NIIF 7.88% 2031 SR PP1,,2026-08-06T21:54:25,NSE_EQ,EQUITY
763210,85GFL36,GFL 8.5% 2036 SR I,,2026-08-06T21:54:25,NSE_EQ,EQUITY
763252,807ABCL36,ABCL 8.0668% 2036,,2026-08-06T21:54:25,NSE_EQ,EQUITY
763254,761SIDBI29,SIDBI 7.61% 2029 SR I,,2026-08-06T21:54:25,NSE_EQ,EQUITY
763270,AAFS31C,AAFS MARKET LINKED 2031,,2026-08-06T21:54:25,NSE_EQ,EQUITY
763272,97CCSP29,CCSP 9.7% 2029,,2026-08-06T21:54:25,NSE_EQ,EQUITY
763290,808CIFCL29,CIFCL 8.08% 2029 SR 663,,2026-08-06T21:54:25,NSE_EQ,EQUITY
763292,11MCS27,MCS 11% 2027,,2026-08-06T21:54:25,NSE_EQ,EQUITY
763294,KISSHT,ONEMI TECHNOLOGY SOL LTD,,2026-08-06T21:54:25,NSE_EQ,EQUITY
763346,1116AFL27,AFL 11.16 % 2027,,2026-08-06T21:54:25,NSE_EQ,EQUITY
763348,8LMAEL32,LMAEL 8% 2032,,2026-08-06T21:54:25,NSE_EQ,EQUITY
763359,935ISF36,ISF 9.35% 2036,,2026-08-06T21:54:25,NSE_EQ,EQUITY
763361,797TACA31,TACA 7.97% 2031 SR AOP1,,2026-08-06T21:54:25,NSE_EQ,EQUITY
763363,BAGMANE,BAGMANE PRIME OFFICE REIT,,2026-08-06T21:54:25,NSE_EQ,EQUITY
763380,115VCCL31A,VCCL31A 11.5% 2031,,2026-08-06T21:54:25,NSE_EQ,EQUITY
763382,785TCHFL29,TCHFL 7.85% 2029 SR A,,2026-08-06T21:54:25,NSE_EQ,EQUITY
763469,774NBFID36,NABF 7.74% 2036 SR 1,,2026-08-06T21:54:25,NSE_EQ,EQUITY
763490,9189GCM28A,GCML 9.189% 2028 SR I,,2026-08-06T21:54:25,NSE_EQ,EQUITY
763492,9189GCM28,GCML 9.189% 2028 SR II,,2026-08-06T21:54:25,NSE_EQ,EQUITY
763494,9189GFL28,GFL 9.189% 2028 SR I,,2026-08-06T21:54:25,NSE_EQ,EQUITY
763496,9189GFL28A,GFL 9.189% 2028 SR II,,2026-08-06T21:54:25,NSE_EQ,EQUITY
763508,796SHFL31,SHFL 7.96% 2031 SR 356,,2026-08-06T21:54:25,NSE_EQ,EQUITY
763510,1175IFL28A,IFL 11.75% 2028,,2026-08-06T21:54:25,NSE_EQ,EQUITY
763528,761TFSIL28,TFSIL 7.61% 2028 SR S60,,2026-08-06T21:54:25,NSE_EQ,EQUITY
763534,TACA29,TACA TBILL LKD 2029 SR B,,2026-08-06T21:54:25,NSE_EQ,EQUITY
763575,12VPT28,VPT 12% 2028,,2026-08-06T21:54:25,NSE_EQ,EQUITY
763632,CIFCL29,CIFCL MARKET LKD 2029,,2026-08-06T21:54:25,NSE_EQ,EQUITY
763634,MFL29,MFL TBILL LKD 2029,,2026-08-06T21:54:25,NSE_EQ,EQUITY
763641,875HFL28,HFL 8.75% 2028 SR 78,,2026-08-06T21:54:25,NSE_EQ,EQUITY
763643,767NHPCL32,NHPC 7.67% 2032 STRPP A,,2026-08-06T21:54:25,NSE_EQ,EQUITY
763645,767NHPCL33,NHPC 7.67% 2033 STRPP B,,2026-08-06T21:54:25,NSE_EQ,EQUITY
763647,767NHPCL34,NHPC 7.67% 2034 STRPP C,,2026-08-06T21:54:25,NSE_EQ,EQUITY
763649,767NHPCL35,NHPC 7.67% 2035 STRPP D,,2026-08-06T21:54:25,NSE_EQ,EQUITY
763651,767NHPCL36,NHPC 7.67% 2036 STRPP E,,2026-08-06T21:54:25,NSE_EQ,EQUITY
763653,767NHPCL37,NHPC 7.67% 2037 STRPP F,,2026-08-06T21:54:25,NSE_EQ,EQUITY
763655,767NHPCL38,NHPC 7.67% 2038 STRPP G,,2026-08-06T21:54:25,NSE_EQ,EQUITY
763657,767NHPCL39,NHPC 7.67% 2039 STRPP H,,2026-08-06T21:54:25,NSE_EQ,EQUITY
763659,767NHPCL40,NHPC 7.67% 2040 STRPP I,,2026-08-06T21:54:25,NSE_EQ,EQUITY
763661,767NHPCL41,NHPC 7.67% 2041 STRPP J,,2026-08-06T21:54:25,NSE_EQ,EQUITY
763663,MERCURYEV,MERCURY EV-TECH LIMITED,,2026-08-06T21:54:25,NSE_EQ,EQUITY
763681,850HMDA36,HMDA 8.50% 2036 STRPP G,,2026-08-06T21:54:25,NSE_EQ,EQUITY
763683,850HMDA37,HMDA 8.50% 2037 STRPP H,,2026-08-06T21:54:25,NSE_EQ,EQUITY
763685,850HMDA38,HMDA 8.50% 2038 STRPP I,,2026-08-06T21:54:25,NSE_EQ,EQUITY
763687,850HMDA44,HMDA 8.50% 2044 STRPP O,,2026-08-06T21:54:25,NSE_EQ,EQUITY
763689,850HMDA42,HMDA 8.50% 2042 STRPP M,,2026-08-06T21:54:25,NSE_EQ,EQUITY
763691,850HMDA43,HMDA 8.50% 2043 STRPP N,,2026-08-06T21:54:25,NSE_EQ,EQUITY
763693,850HMDA33,HMDA 8.50% 2033 STRPP D,,2026-08-06T21:54:25,NSE_EQ,EQUITY
763695,850HMDA34,HMDA 8.50% 2034 STRPP E,,2026-08-06T21:54:25,NSE_EQ,EQUITY
763697,850HMDA35,HMDA 8.50% 2035 STRPP F,,2026-08-06T21:54:25,NSE_EQ,EQUITY
763699,AAFS31D,AAFS MKT LKD 2031 CAR- L,,2026-08-06T21:54:25,NSE_EQ,EQUITY
763701,850HMDA30,HMDA 8.50% 2030 STRPP A,,2026-08-06T21:54:25,NSE_EQ,EQUITY
763703,850HMDA31,HMDA 8.50% 2031 STRPP B,,2026-08-06T21:54:25,NSE_EQ,EQUITY
763705,850HMDA32,HMDA 8.50% 2032 STRPP C,,2026-08-06T21:54:25,NSE_EQ,EQUITY
763707,850HMDA45,HMDA 8.50% 2045 STRPP P,,2026-08-06T21:54:25,NSE_EQ,EQUITY
763709,850HMDA46,HMDA 8.50% 2046 STRPP Q,,2026-08-06T21:54:25,NSE_EQ,EQUITY
763711,850HMDA39,HMDA 8.50% 2039 STRPP J,,2026-08-06T21:54:25,NSE_EQ,EQUITY
763713,850HMDA40,HMDA 8.50% 2040 STRPP K,,2026-08-06T21:54:25,NSE_EQ,EQUITY
763715,850HMDA41,HMDA 8.50% 2041 STRPP L,,2026-08-06T21:54:25,NSE_EQ,EQUITY
763717,1275DCC28,DCCL 12.75% 2028,,2026-08-06T21:54:25,NSE_EQ,EQUITY
763745,SIDBI29,SIDBI MARKET LINKED 2029,,2026-08-06T21:54:25,NSE_EQ,EQUITY
763747,855MFL36,MFL 8.55% 2036,,2026-08-06T21:54:25,NSE_EQ,EQUITY
763751,0ABCL31,ABCL 0% 2031 SR C2,,2026-08-06T21:54:25,NSE_EQ,EQUITY
763753,CSM,CSM TECHNOLOGIES LIMITED,,2026-08-06T21:54:25,NSE_EQ,EQUITY
763758,717RECL31,REC 7.17% 2031 SR 255,,2026-08-06T21:54:25,NSE_EQ,EQUITY
763784,AGL,ALLCARGO GLOBAL LIMITED,,2026-08-06T21:54:25,NSE_EQ,EQUITY
763789,920ISF28,ISF 9.20% 2028,,2026-08-06T21:54:25,NSE_EQ,EQUITY
763791,LDL30,LDL RESET 2030,,2026-08-06T21:54:25,NSE_EQ,EQUITY
763798,1116AFL28,AFL 11.16% 2028,,2026-08-06T21:54:25,NSE_EQ,EQUITY
763800,AASTHA,AASTHA SPINTEX LIMITED,,2026-08-06T21:54:25,NSE_EQ,EQUITY
763817,780NIIF31,NIIF 7.80% 2031 SR PP3,,2026-08-06T21:54:25,NSE_EQ,EQUITY
763819,795NIIF36A,NIIF 7.95% 2036 SR PP3,,2026-08-06T21:54:25,NSE_EQ,EQUITY
763829,AAFS32A,AAFS MKT LKD 2032 CAR M,,2026-08-06T21:54:25,NSE_EQ,EQUITY
763837,716NBRD29,NBRD 7.16% 2029 SR 27A,,2026-08-06T21:54:25,NSE_EQ,EQUITY
763839,KNACK,KNACK PACKAGING LIMITED,,2026-08-06T21:54:25,NSE_EQ,EQUITY
763851,788TACA31,TACA 7.88% 2031 SR D,,2026-08-06T21:54:25,NSE_EQ,EQUITY
764050,GYFTR,GYFTR LIMITED,,2026-08-06T21:54:25,NSE_EQ,EQUITY
764060,778JCL29,JCL 7.78% 2029 SR VII,,2026-08-06T21:54:25,NSE_EQ,EQUITY
764062,783LTFL29,LTFL 7.8384% 2029 SR D,,2026-08-06T21:54:25,NSE_EQ,EQUITY
764075,783PHFL29,PHFL 7.83% 2029 LXXVII,,2026-08-06T21:54:25,NSE_EQ,EQUITY
764077,727NGEL36,NGEL 7.27% 2036 SR 2,,2026-08-06T21:54:25,NSE_EQ,EQUITY
764109,1180IFL28B,IFL 11.80% 2028,,2026-08-06T21:54:25,NSE_EQ,EQUITY
764111,794GFL28,GFL 7.94% 2028 SR E1,,2026-08-06T21:54:25,NSE_EQ,EQUITY
764113,729SIDBI29,SIDBI 7.29% 2029 SR IV,,2026-08-06T21:54:25,NSE_EQ,EQUITY
764116,KUSUMGAR,KUSUMGAR LIMITED,,2026-08-06T21:54:25,NSE_EQ,EQUITY
764121,RIR,RIR POWER ELECTRONICS L,,2026-08-06T21:54:25,NSE_EQ,EQUITY
764126,LASERPOWER,LASER POWER & INFRA LTD,,2026-08-06T21:54:25,NSE_EQ,EQUITY
764155,820NOM28,NOM 8.20% 2028 SR 01,,2026-08-06T21:54:25,NSE_EQ,EQUITY
764157,938GFL29,GFL 9.38% 2028 SR III,,2026-08-06T21:54:25,NSE_EQ,EQUITY
764159,115AFIL28A,AFIL 11.50% 2028,,2026-08-06T21:54:25,NSE_EQ,EQUITY
764161,938GCML28,GCML 9.38% 2028 SR III,,2026-08-06T21:54:25,NSE_EQ,EQUITY
764173,SBIFUNDS,SBI FUNDS MANAGEMENT LTD,,2026-08-06T21:54:25,NSE_EQ,EQUITY
764178,730RL31,REC 7.30% 2031 SR 256,,2026-08-06T21:54:25,NSE_EQ,EQUITY
764186,ALPINETEX,ALPINE TEXWORLD LIMITED,,2026-08-06T21:54:25,NSE_EQ,EQUITY
764193,730TMCL29,TMCL 7.30% 2029,,2026-08-06T21:54:25,NSE_EQ,EQUITY
764203,CPL,CAPTAIN POLYPLAST LIMITED,,2026-08-06T21:54:25,NSE_EQ,EQUITY
764255,CMLL,CALIBER MINING AND LOG L,,2026-08-06T21:54:25,NSE_EQ,EQUITY
764260,820KSFP36A,KSFP 8.20% 2036 SR SD01,,2026-08-06T21:54:25,NSE_EQ,EQUITY
764279,SIHF29B,SIHF TBILL LKD 2029 SR37,,2026-08-06T21:54:25,NSE_EQ,EQUITY
764281,915ICFL28,ICFL 9.15% 2028,,2026-08-06T21:54:25,NSE_EQ,EQUITY
764283,915ICFL28A,ICFL 9.15% 2028,,2026-08-06T21:54:25,NSE_EQ,EQUITY
764296,LCL,LOHIA CORP LIMITED,,2026-08-06T21:54:25,NSE_EQ,EQUITY
764301,INDOMIM,INDO-MIM LIMITED,,2026-08-06T21:54:25,NSE_EQ,EQUITY
764306,7505SDIL31,SDIL 7.505% 2031,,2026-08-06T21:54:25,NSE_EQ,EQUITY
764308,774SFL28,SFL 7.74% 2028 SR AA2,,2026-08-06T21:54:25,NSE_EQ,EQUITY
764310,1075WCAP29,WCAPL10.75% 2029,,2026-08-06T21:54:25,NSE_EQ,EQUITY
764331,11RCPL28,RCPL 11% 2028 SR I,,2026-08-06T21:54:25,NSE_EQ,EQUITY
764341,885TIAPL30,TIAPL 8.85% 2030 SR IV,,2026-08-06T21:54:25,NSE_EQ,EQUITY
764343,910TIAPL33,TIAPL 9.10% 2033 SR III,,2026-08-06T21:54:25,NSE_EQ,EQUITY
764351,840HFL28,HFL 8.40% 2028 SR 80,,2026-08-06T21:54:25,NSE_EQ,EQUITY
764353,MFL29A,MFL TBILL LKD 2029,,2026-08-06T21:54:25,NSE_EQ,EQUITY
764355,832TPL29A,TPL 8.32% 2029 SR A1,,2026-08-06T21:54:25,NSE_EQ,EQUITY
764357,MANIPALHOS,MANIPAL HEALTH ENTERPRI L,,2026-08-06T21:54:25,NSE_EQ,EQUITY
764362,904NACL28,NACL 9.04% 2028,,2026-08-06T21:54:25,NSE_EQ,EQUITY
764370,723ULCE30,ULCE 7.23% 2030 SR II,,2026-08-06T21:54:25,NSE_EQ,EQUITY
764372,725ULCE31,ULCE 7.25% 2031 SR III,,2026-08-06T21:54:25,NSE_EQ,EQUITY
764374,722ULCE29,ULCE 7.22% 2029 SR I,,2026-08-06T21:54:25,NSE_EQ,EQUITY
764376,129DCCL28,DCCL 12.9% 2028,,2026-08-06T21:54:25,NSE_EQ,EQUITY
764381,795JCL29,JCL 7.95% 2029 SR IX,,2026-08-06T21:54:25,NSE_EQ,EQUITY
764383,805JCL31,JCL 8.05% 2031 SR VIII,,2026-08-06T21:54:25,NSE_EQ,EQUITY
764393,773SICC29,SICC 7.73% 2029 SR 119,,2026-08-06T21:54:25,NSE_EQ,EQUITY
764395,1116AFL28A,AFL 11.16% 2028,,2026-08-06T21:54:25,NSE_EQ,EQUITY
764397,MVELECTRO,MV ELECTROSYSTEMS LIMITED,,2026-08-06T21:54:25,NSE_EQ,EQUITY
764408,JNPR,JUNIPER GREEN ENERGY LTD,,2026-08-06T21:54:25,NSE_EQ,EQUITY
764431,10CHI36,CHI 10% 2036 SR 1,,2026-08-09T04:07:49,NSE_EQ,EQUITY
7648,820IIFL27,SEC RE NCD 8.20% SR.III,,2026-08-06T21:54:25,NSE_EQ,EQUITY
7662,850IIFL27,SEC RE NCD 8.50% SR.IV,,2026-08-06T21:54:25,NSE_EQ,EQUITY
7666,IIFLHFZC27,SEC RE NCD 0% SR.V,,2026-08-06T21:54:25,NSE_EQ,EQUITY
7668,843IHFL29,SEC RE NCD 8.43% SR.VI,,2026-08-06T21:54:25,NSE_EQ,EQUITY
7671,875IHFL29,SEC RE NCD 8.75% SR.VII,,2026-08-06T21:54:25,NSE_EQ,EQUITY
7672,IMAGICAA,IMAGICAAWORLD ENT LTD,,2026-08-06T21:54:25,NSE_EQ,EQUITY
7674,IIFLHF29,SEC RE NCD 0% SR.VIII,,2026-08-06T21:54:25,NSE_EQ,EQUITY
7679,MONARCH,MONARCH NETWORTH CAP LTD,,2026-08-06T21:54:25,NSE_EQ,EQUITY
772,DABUR,DABUR INDIA LTD,,2026-08-06T21:54:25,NSE_EQ,EQUITY
7765,875SCFL27,SEC RE NCD 8.75% SR.VII,,2026-08-06T21:54:25,NSE_EQ,EQUITY
7769,925SCFL27,SEC RE NCD 9.25% SR.VII,,2026-08-06T21:54:25,NSE_EQ,EQUITY
7772,843SCFL27,SEC RE NCD 8.43% SR.VIII,,2026-08-06T21:54:25,NSE_EQ,EQUITY
7777,889SCFL27,SEC RE NCD 8.89% SR.VIII,,2026-08-06T21:54:25,NSE_EQ,EQUITY
778,KEEPLEARN,DSJ KEEP LEARNING LTD,,2026-08-06T21:54:25,NSE_EQ,EQUITY
7780,BCONCEPTS,BRAND CONCEPTS LIMITED,,2026-08-06T21:54:25,NSE_EQ,EQUITY
781,DALMIASUG,DALMIA BHARAT SUG IN LTD,,2026-08-06T21:54:25,NSE_EQ,EQUITY
7835,WEL,WONDER ELECTRICALS LTD,,2026-08-06T21:54:25,NSE_EQ,EQUITY
7848,BIL,BHARTIYA INTERNATIONAL,,2026-08-06T21:54:25,NSE_EQ,EQUITY
7851,RAMCOSYS,RAMCO SYSTEMS LTD.,,2026-08-06T21:54:25,NSE_EQ,EQUITY
7852,INOXWIND,INOX WIND LIMITED,,2026-08-06T21:54:25,NSE_EQ,EQUITY
7862,GVPIL,GE POWER INDIA LIMITED,,2026-08-06T21:54:25,NSE_EQ,EQUITY
7886,MHLXMIRU,MAHALAXMI RUBTECH LIMITED,,2026-08-06T21:54:25,NSE_EQ,EQUITY
79,ALEMBICLTD,ALEMBIC LIMITED,,2026-08-06T21:54:25,NSE_EQ,EQUITY
7902,LFIC,LAKSHMI FIN IND CORP LTD,,2026-08-06T21:54:25,NSE_EQ,EQUITY
7929,ZYDUSLIFE,ZYDUS LIFESCIENCES LTD,,2026-08-06T21:54:25,NSE_EQ,EQUITY
7936,AVANTIFEED,AVANTI FEEDS LIMITED,,2026-08-06T21:54:25,NSE_EQ,EQUITY
7965,MALLCOM,MALLCOM (INDIA) LIMITED,,2026-08-06T21:54:25,NSE_EQ,EQUITY
7975,1015ECL29,SEC RED NCD 10.15% SR. VI,,2026-08-06T21:54:25,NSE_EQ,EQUITY
7982,GRWRHITECH,GARWARE HI-TECH FILMS LTD,,2026-08-06T21:54:25,NSE_EQ,EQUITY
7986,1060ECL29,SEC RED NCD 10.6% SR. VII,,2026-08-06T21:54:25,NSE_EQ,EQUITY
8024,CINEVISTA,CINEVISTA LIMITED,,2026-08-06T21:54:25,NSE_EQ,EQUITY
804,SHIVATEX,SHIVA TEXYARN LIMITED,,2026-08-06T21:54:25,NSE_EQ,EQUITY
8050,MAHLIFE,MAHINDRA LIFESPACE DEVLTD,,2026-08-06T21:54:25,NSE_EQ,EQUITY
8054,KTKBANK,KARNATAKA BANK LIMITED,,2026-08-06T21:54:25,NSE_EQ,EQUITY
8075,DALBHARAT,DALMIA BHARAT LIMITED,,2026-08-06T21:54:25,NSE_EQ,EQUITY
8083,CROWN,CROWN LIFTERS LIMITED,,2026-08-06T21:54:25,NSE_EQ,EQUITY
811,DCMSHRIRAM,DCM SHRIRAM LIMITED,,2026-08-06T21:54:25,NSE_EQ,EQUITY
8110,AWL,AWL AGRI BUSINESS LIMITED,,2026-08-06T21:54:25,NSE_EQ,EQUITY
8119,RPSGVENT,RPSG VENTURES LIMITED,,2026-08-06T21:54:25,NSE_EQ,EQUITY
8124,AJANTPHARM,AJANTA PHARMA LIMITED,,2026-08-06T21:54:25,NSE_EQ,EQUITY
8132,BLBLIMITED,BLB LIMITED,,2026-08-06T21:54:25,NSE_EQ,EQUITY
8146,DEVIT,DEV INFO TECHNOLOGY LTD,,2026-08-06T21:54:25,NSE_EQ,EQUITY
8153,MEGASTAR,MEGASTAR FOODS LIMITED,,2026-08-06T21:54:25,NSE_EQ,EQUITY
8159,FIBERWEB,FIBERWEB INDIA LIMITED,,2026-08-06T21:54:25,NSE_EQ,EQUITY
8163,SPENCERS,SPENCER S RETAIL LIMITED,,2026-08-06T21:54:25,NSE_EQ,EQUITY
8167,MANYAVAR,VEDANT FASHIONS LIMITED,,2026-08-06T21:54:25,NSE_EQ,EQUITY
817,DCW,DCW LTD,,2026-08-06T21:54:25,NSE_EQ,EQUITY
8175,SAGARDEEP,SAGARDEEP ALLOYS LIMITED,,2026-08-06T21:54:25,NSE_EQ,EQUITY
822,BANKA,BANKA BIOLOO LIMITED,,2026-08-09T04:07:49,NSE_EQ,EQUITY
827,DEEPAKFERT,DEEPAK FERTILIZERS & PETR,,2026-08-06T21:54:25,NSE_EQ,EQUITY
8311,BLUESTARCO,BLUE STAR LIMITED,,2026-08-06T21:54:25,NSE_EQ,EQUITY
8477,XELPMOC,XELPMOC DESIGN & TECH LTD,,2026-08-06T21:54:25,NSE_EQ,EQUITY
8479,TVSMOTOR,TVS MOTOR COMPANY  LTD,,2026-08-06T21:54:25,NSE_EQ,EQUITY
8510,GATEWAY,GATEWAY DISTRIPARKS LTD,,2026-08-06T21:54:25,NSE_EQ,EQUITY
8529,GMRP&UI,GMR POW AND URBAN INFRA L,,2026-08-06T21:54:25,NSE_EQ,EQUITY
8546,CHALET,CHALET HOTELS LIMITED,,2026-08-06T21:54:25,NSE_EQ,EQUITY
857,DHAMPURSUG,DHAMPUR SUGAR MILLS LTD.,,2026-08-06T21:54:25,NSE_EQ,EQUITY
8585,NLCINDIA,NLC INDIA LIMITED,,2026-08-06T21:54:25,NSE_EQ,EQUITY
8588,ABNINT,A B N INTERCORP LIMITED,,2026-08-06T21:54:25,NSE_EQ,EQUITY
8596,MSUMI,MOTHERSON SUMI WRNG IND L,,2026-08-06T21:54:25,NSE_EQ,EQUITY
8614,INDOBORAX,INDO BORAX & CHEMICAL LTD,,2026-08-06T21:54:25,NSE_EQ,EQUITY
8625,957ICCL25,SEC RED NCD 9.30% SR. II,,2026-08-06T21:54:25,NSE_EQ,EQUITY
8642,97SFL29,SEC RED NCD 9.70% SR. V,,2026-08-06T21:54:25,NSE_EQ,EQUITY
8696,VRLLOG,VRL LOGISTICS LIMITED,,2026-08-06T21:54:25,NSE_EQ,EQUITY
8727,SHAILY,SHAILY ENG PLASTICS LTD,,2026-08-06T21:54:25,NSE_EQ,EQUITY
8736,PNBGILTS,PNB GILTS LIMITED,,2026-08-06T21:54:25,NSE_EQ,EQUITY
8797,OBCL,OBCL LIMITED,,2026-08-06T21:54:25,NSE_EQ,EQUITY
8806,SONAMLTD,SONAM LIMITED,,2026-08-06T21:54:25,NSE_EQ,EQUITY
881,DRREDDY,DR. REDDY S LABORATORIES,,2026-08-06T21:54:25,NSE_EQ,EQUITY
8825,PRIVISCL,PRIVI SPECIALITY CHE LTD,,2026-08-06T21:54:25,NSE_EQ,EQUITY
8827,AVROIND,AVRO INDIA LIMITED,,2026-08-06T21:54:25,NSE_EQ,EQUITY
8828,GAEL,GUJARAT AMBUJA EXPORTS LT,,2026-08-06T21:54:25,NSE_EQ,EQUITY
8833,BCG,BRIGHTCOM GROUP LIMITED,,2026-08-06T21:54:25,NSE_EQ,EQUITY
8840,USHAMART,USHA MARTIN LTD.,,2026-08-06T21:54:25,NSE_EQ,EQUITY
8866,CHOICEIN,CHOICE INTERNATIONAL LTD,,2026-08-06T21:54:25,NSE_EQ,EQUITY
8890,VERANDA,VERANDA LEARNING SOL LTD,,2026-08-06T21:54:25,NSE_EQ,EQUITY
8937,E2E,E2E NETWORKS LIMITED,,2026-08-06T21:54:25,NSE_EQ,EQUITY
8944,RITCO,RITCO LOGISTICS LIMITED,,2026-08-06T21:54:25,NSE_EQ,EQUITY
8953,ELDEHSG,ELDECO HSG & IND LTD.,,2026-08-06T21:54:25,NSE_EQ,EQUITY
8954,TTML,TATA TELESERV(MAHARASTRA),,2026-08-06T21:54:25,NSE_EQ,EQUITY
896,KHAICHEM,KHAITAN CHEM & FERT LTD,,2026-08-06T21:54:25,NSE_EQ,EQUITY
8962,HARDWYN,HARDWYN INDIA LIMITED,,2026-08-06T21:54:25,NSE_EQ,EQUITY
8968,HARIOMPIPE,HARIOM PIPE INDUSTRIES L,,2026-08-06T21:54:25,NSE_EQ,EQUITY
8998,UMIYA-MRO,UMIYA BUILDCON LIMITED,,2026-08-06T21:54:25,NSE_EQ,EQUITY
9007,NOVARTIND,NOVARTIS INDIA LIMITED,,2026-08-06T21:54:25,NSE_EQ,EQUITY
9014,ANUP,THE ANUP ENGINEERING LTD,,2026-08-06T21:54:25,NSE_EQ,EQUITY
9020,VCL,VAXTEX COTFAB LIMITED,,2026-08-06T21:54:25,NSE_EQ,EQUITY
9039,UFO,UFO MOVIEZ INDIA LTD.,,2026-08-06T21:54:25,NSE_EQ,EQUITY
9046,AGROPHOS,AGRO PHOS INDIA LIMITED,,2026-08-06T21:54:25,NSE_EQ,EQUITY
9049,ROTO,ROTO PUMPS LIMITED,,2026-08-06T21:54:25,NSE_EQ,EQUITY
9087,PIXTRANS,PIX TRANSMISSIONS LIMITED,,2026-08-06T21:54:25,NSE_EQ,EQUITY
910,EICHERMOT,EICHER MOTORS LTD,,2026-08-06T21:54:25,NSE_EQ,EQUITY
9111,ARVINDFASN,ARVIND FASHIONS LIMITED,,2026-08-06T21:54:25,NSE_EQ,EQUITY
9117,TIPSMUSIC,TIPS MUSIC LIMITED,,2026-08-06T21:54:25,NSE_EQ,EQUITY
913,EQUITASBNK,EQUITAS SMALL FIN BNK LTD,,2026-08-06T21:54:25,NSE_EQ,EQUITY
9158,BALAJITELE,BALAJI TELEFILMS LIMITED.,,2026-08-06T21:54:25,NSE_EQ,EQUITY
916,EIDPARRY,EID PARRY INDIA LTD,,2026-08-06T21:54:25,NSE_EQ,EQUITY
919,EIHOTEL,EIH LIMITED,,2026-08-06T21:54:25,NSE_EQ,EQUITY
9219,TPLPLASTEH,TPL PLASTECH LIMITED,,2026-08-06T21:54:25,NSE_EQ,EQUITY
9253,NILAINFRA,NILA INFRASTRUCTURES LTD,,2026-08-06T21:54:25,NSE_EQ,EQUITY
9255,875SCL27,SEC RE NCD 8.75% SR.VII,,2026-08-06T21:54:25,NSE_EQ,EQUITY
926,ORCHPHARMA,ORCHID PHARMA LIMITED,,2026-08-06T21:54:25,NSE_EQ,EQUITY
9262,925SCL27,SEC RE NCD 9.25% SR.VII,,2026-08-06T21:54:25,NSE_EQ,EQUITY
9273,843SCL27,SEC RE NCD 8.43% SR.VIII,,2026-08-06T21:54:25,NSE_EQ,EQUITY
9277,889SCL27,SEC RE NCD 8.89% SR.VIII,,2026-08-06T21:54:25,NSE_EQ,EQUITY
9288,KRITIKA,KRITIKA WIRES LIMITED,,2026-08-06T21:54:25,NSE_EQ,EQUITY
9305,STARTECK,STARTECK FINANCE LIMITED,,2026-08-06T21:54:25,NSE_EQ,EQUITY
9342,PNC,PRITISH NANDY COMMUNICATI,,2026-08-06T21:54:25,NSE_EQ,EQUITY
9348,IOB,INDIAN OVERSEAS BANK,,2026-08-06T21:54:25,NSE_EQ,EQUITY
9354,TAJGVK,TAJ GVK HOTELS & RESORTS,,2026-08-06T21:54:25,NSE_EQ,EQUITY
9356,MSTCLTD,MSTC LIMITED,,2026-08-06T21:54:25,NSE_EQ,EQUITY
936,DPABHUSHAN,D. P. ABHUSHAN LIMITED,,2026-08-06T21:54:25,NSE_EQ,EQUITY
9362,CAMPUS,CAMPUS ACTIVEWEAR LIMITED,,2026-08-06T21:54:25,NSE_EQ,EQUITY
937,ELGIEQUIP,ELGI EQUIPMENTS LTD,,2026-08-06T21:54:25,NSE_EQ,EQUITY
9378,TRU,TRUCAP FINANCE LIMITED,,2026-08-06T21:54:25,NSE_EQ,EQUITY
9383,EMBASSY,EMBASSY OFFICE PARKS REIT,,2026-08-06T21:54:25,NSE_EQ,EQUITY
9384,CREATIVEYE,CREATIVE EYE LIMITED,,2026-08-06T21:54:25,NSE_EQ,EQUITY
9385,PNCINFRA,PNC INFRATECH LTD.,,2026-08-06T21:54:25,NSE_EQ,EQUITY
940,PGHL,PROCTER & GAMBLE HEALTH L,,2026-08-06T21:54:25,NSE_EQ,EQUITY
9408,RAINBOW,RAINBOW CHILDRENS MED LTD,,2026-08-06T21:54:25,NSE_EQ,EQUITY
9422,SILVERTUC,SILVER TOUCH TECHNO LTD,,2026-08-06T21:54:25,NSE_EQ,EQUITY
9428,SKIPPER,SKIPPER LIMITED,,2026-08-06T21:54:25,NSE_EQ,EQUITY
9436,AXISCADES,AXISCADES TECH LTD,,2026-08-06T21:54:25,NSE_EQ,EQUITY
9480,LICI,LIFE INSURA CORP OF INDIA,,2026-08-06T21:54:25,NSE_EQ,EQUITY
9539,SAKAR,SAKAR HEALTHCARE LIMITED,,2026-08-06T21:54:25,NSE_EQ,EQUITY
955,ESABINDIA,ESAB INDIA LTD,,2026-08-06T21:54:25,NSE_EQ,EQUITY
9552,RVNL,RAIL VIKAS NIGAM LIMITED,,2026-08-06T21:54:25,NSE_EQ,EQUITY
9553,PRUDENT,PRUDENT CORP ADV SER LTD,,2026-08-06T21:54:25,NSE_EQ,EQUITY
9558,AKSHAR,AKSHAR SPINTEX LIMITED,,2026-08-06T21:54:25,NSE_EQ,EQUITY
958,ESCORTS,ESCORTS KUBOTA LIMITED,,2026-08-06T21:54:25,NSE_EQ,EQUITY
9581,METROPOLIS,METROPOLIS HEALTHCARE LTD,,2026-08-06T21:54:25,NSE_EQ,EQUITY
9590,POLYCAB,POLYCAB INDIA LIMITED,,2026-08-06T21:54:25,NSE_EQ,EQUITY
9592,VENUSPIPES,VENUS PIPES & TUBES LTD,,2026-08-06T21:54:25,NSE_EQ,EQUITY
9599,DELHIVERY,DELHIVERY LIMITED,,2026-08-06T21:54:25,NSE_EQ,EQUITY
9617,SPLPETRO,SUPREME PETROCHEM LIMITED,,2026-08-06T21:54:25,NSE_EQ,EQUITY
9641,KHANDSE,KHANDWALA SECURITIES LTD,,2026-08-06T21:54:25,NSE_EQ,EQUITY
9652,RELCHEMQ,RELIANCE CHEMOTEX IND LTD,,2026-08-06T21:54:25,NSE_EQ,EQUITY
9667,MEDICO,MEDICO REMEDIES LIMITED,,2026-08-06T21:54:25,NSE_EQ,EQUITY
9668,HIKAL,HIKAL LIMITED,,2026-08-06T21:54:25,NSE_EQ,EQUITY
9678,SOUTHWEST,SOUTH WEST PINNACLE LTD,,2026-08-06T21:54:25,NSE_EQ,EQUITY
9683,KPITTECH,KPIT TECHNOLOGIES LIMITED,,2026-08-06T21:54:25,NSE_EQ,EQUITY
9685,TRIDENT,TRIDENT LIMITED,,2026-08-06T21:54:25,NSE_EQ,EQUITY
9741,PARADEEP,PARADEEP PHOSPHATES LTD,,2026-08-06T21:54:25,NSE_EQ,EQUITY
9750,ETHOSLTD,ETHOS LIMITED,,2026-08-06T21:54:25,NSE_EQ,EQUITY
9756,EMUDHRA,EMUDHRA LIMITED,,2026-08-06T21:54:25,NSE_EQ,EQUITY
981,EPL,EPL LIMITED,,2026-08-06T21:54:25,NSE_EQ,EQUITY
9810,AETHER,AETHER INDUSTRIES LIMITED,,2026-08-06T21:54:25,NSE_EQ,EQUITY
9819,HAVELLS,HAVELLS INDIA LIMITED,,2026-08-06T21:54:25,NSE_EQ,EQUITY
9867,NEXTMEDIA,NEXT MEDIAWORKS LIMITED,,2026-08-06T21:54:25,NSE_EQ,EQUITY
9879,CHEVIOT,CHEVIOT COMPANY LIMITED,,2026-08-06T21:54:25,NSE_EQ,EQUITY
9897,AIRAN,AIRAN LIMITED,,2026-08-06T21:54:25,NSE_EQ,EQUITY
9902,AXITA,AXITA COTTON LIMITED,,2026-08-06T21:54:25,NSE_EQ,EQUITY
9917,NEOGEN,NEOGEN CHEMICALS LIMITED,,2026-08-06T21:54:25,NSE_EQ,EQUITY
9921,ALANKIT,ALANKIT LIMITED,,2026-08-06T21:54:25,NSE_EQ,EQUITY
9931,VIKASLIFE,VIKAS LIFECARE LIMITED,,2026-08-06T21:54:25,NSE_EQ,EQUITY
9939,ONEPOINT,ONE POINT ONE SOL LTD,,2026-08-06T21:54:25,NSE_EQ,EQUITY
9975,829PFL29,SEC RED NCD 10.27% SR. VI,,2026-08-06T21:54:25,NSE_EQ,EQUITY
9982,85PFL26A,SEC RED NCD 10.75% SR.VII,,2026-08-06T21:54:25,NSE_EQ,EQUITY
