symbol,stage,quality_score,quality_grade,last_close,last_date,P0_base_level,BOS1_date,BOS1_price,P1_resistance,Retest_date,Retest_price,Reaccum_bars,Reversal_date,Reversal_price,num_reversals,volatility_contracted,atr_contraction_ratio,distance_to_p1_pct,BOS2_date,BOS2_price,bars_since_bos2,confluence_score,bos1_weekly_confluence,nse_volume_gainer,volume_gainer_source,volume_surge_multiple,today_volume,avg_volume_20d,volume_vs_avg_multiple,entry_date,entry_price_ref,stop_loss,risk_pct,target_price,target_pct,reward_risk,exit_by_min_date,exit_by_max_date,notes
FINCABLES,FRESH_BOS2,82.0,A - High-Quality Setup,1348.0,2026-09-16,1203.9,2026-08-11,1207.85,1374.0,2026-08-14,1231.65,19,2026-09-03,1272.9,1,False,1.16,0.0,2026-09-10,1418.4,4.0,6/9,3/3,False,,,22907.0,1090036.0,0.02,2026-09-17,1348.0,1231.65,8.63,1464.35,8.63,1.0,2026-09-23,2026-09-28,Continuation breakout confirmed
GLAND,FRESH_BOS2,74.7,B - Good Setup,2902.0,2026-09-16,2586.0,2026-08-06,2608.3,2988.4,2026-08-13,2825.5,19,2026-09-04,2932.4,2,False,1.12,0.0,2026-09-09,3026.2,3.0,6/9,2/3,False,,,5420.0,564050.0,0.01,2026-09-17,2902.0,2825.5,2.64,2978.5,2.64,1.0,2026-09-23,2026-09-28,Continuation breakout confirmed
KRISHANA,FRESH_BOS2,68.7,B - Good Setup,175.21,2026-09-16,152.3,2026-07-23,155.75,170.15,2026-07-30,162.4,28,2026-08-19,194.3,1,False,1.01,0.0,2026-09-09,181.93,5.0,2/9,3/3,False,,,10199.0,744645.0,0.01,2026-09-17,175.21,162.4,7.31,188.02,7.31,1.0,2026-09-23,2026-09-28,Continuation breakout confirmed
INDORAMA,FRESH_BOS2,68.3,B - Good Setup,84.38,2026-09-16,66.45,2026-09-01,68.01,72.0,2026-09-02,65.5,5,,,0,False,1.26,0.0,2026-09-09,86.13,5.0,7/9,3/3,False,,,103803.0,1564023.0,0.07,2026-09-17,84.38,65.5,22.37,103.26,22.37,1.0,2026-09-23,2026-09-28,Continuation breakout confirmed
UNIVCABLES,FRESH_BOS2,65.4,B - Good Setup,1404.2,2026-09-16,1391.0,2026-08-03,1431.8,1475.0,2026-08-06,1358.7,22,2026-08-10,1693.4,1,False,1.28,0.0,2026-09-07,1487.6,5.0,2/9,2/3,False,,,1871.0,139743.0,0.01,2026-09-17,1404.2,1358.7,3.24,1449.7,3.24,1.0,2026-09-23,2026-09-28,Continuation breakout confirmed
MANINDS,FRESH_BOS2,65.3,B - Good Setup,790.05,2026-09-16,638.7,2026-08-18,645.15,699.0,2026-08-21,681.3,13,,,0,False,1.36,0.0,2026-09-10,876.45,4.0,4/9,3/3,False,,,68424.0,1449576.0,0.05,2026-09-17,790.05,681.3,13.76,898.8,13.76,1.0,2026-09-23,2026-09-28,Continuation breakout confirmed
SHAREINDIA,FRESH_BOS2,62.4,C - Moderate / Watch,195.79,2026-09-16,166.42,2026-07-08,177.72,194.9,2026-07-09,169.52,44,2026-08-13,173.31,3,False,1.02,0.0,2026-09-10,196.32,4.0,5/9,2/3,False,,,78938.0,5505266.0,0.01,2026-09-17,195.79,169.52,13.42,222.06,13.42,1.0,2026-09-23,2026-09-28,Continuation breakout confirmed
TEXINFRA,FRESH_BOS2,62.4,C - Moderate / Watch,113.87,2026-09-16,106.4,2026-06-22,109.45,116.43,2026-06-23,107.01,54,2026-08-24,111.27,3,False,0.83,0.0,2026-09-08,120.03,4.0,5/9,2/3,False,,,3472.0,200807.0,0.02,2026-09-17,113.87,107.01,6.02,120.73,6.02,1.0,2026-09-23,2026-09-28,Continuation breakout confirmed
INOXINDIA,FRESH_BOS2,58.3,C - Moderate / Watch,2028.7,2026-09-16,2119.8,2026-08-27,2177.9,2267.9,2026-08-31,2082.0,8,,,0,False,1.08,0.0,2026-09-10,2295.8,2.0,4/9,3/3,False,,,11533.0,487082.0,0.02,,,,,,,,,,Continuation breakout confirmed
CRAFTSMAN,FRESH_BOS2,55.0,C - Moderate / Watch,11096.0,2026-09-16,10960.0,2026-08-28,11118.0,11500.0,2026-09-01,11000.0,6,,,0,False,1.11,0.0,2026-09-10,11851.0,2.0,4/9,2/3,False,,,1369.0,52234.0,0.03,2026-09-17,11096.0,11000.0,0.87,11192.0,0.87,1.0,2026-09-23,2026-09-28,Continuation breakout confirmed
AGI,FRESH_BOS2,48.4,D - Weak / Low-Quality,729.15,2026-09-16,748.0,2026-08-21,753.6,772.0,2026-08-25,725.3,9,,,0,False,1.16,0.0,2026-09-08,783.8,4.0,2/9,2/3,False,,,10134.0,211159.0,0.05,2026-09-17,729.15,725.3,0.53,733.0,0.53,1.0,2026-09-23,2026-09-28,Continuation breakout confirmed
TALBROAUTO,FRESH_REVERSAL,84.4,A - High-Quality Setup,424.8,2026-09-16,435.0,2026-08-05,438.3,451.6,2026-08-12,405.0,23,2026-09-07,431.8,1,False,0.97,5.93,,,,8/9,2/3,False,,,10666.0,206856.0,0.05,2026-09-17,431.8,405.0,6.21,458.6,6.21,1.0,2026-09-23,2026-09-28,"Higher-low reversal confirmed 5d ago at 431.80 (green close above the last confirmed swing-low candle's high). Tactical early entry, 5.9% below P1=451.60."
TASTYBITE,FRESH_REVERSAL,81.0,A - High-Quality Setup,10079.0,2026-09-16,9614.5,2026-08-14,10005.0,10470.0,2026-08-17,9600.0,19,2026-09-10,10201.0,1,False,0.94,3.73,,,,6/9,3/3,False,,,53.0,6167.0,0.01,2026-09-17,10201.0,9600.0,5.89,10802.0,5.89,1.0,2026-09-23,2026-09-28,"Higher-low reversal confirmed 2d ago at 10201.00 (green close above the last confirmed swing-low candle's high). Tactical early entry, 3.7% below P1=10470.00."
PNBHOUSING,FRESH_REVERSAL,77.7,B - Good Setup,1144.8,2026-09-16,1132.7,2026-08-06,1150.0,1207.0,2026-08-24,1154.2,14,2026-09-04,1166.0,1,False,0.89,5.15,,,,5/9,3/3,False,,,25161.0,790171.0,0.03,2026-09-17,1166.0,1154.2,1.01,1177.8,1.01,1.0,2026-09-23,2026-09-28,"Higher-low reversal confirmed 5d ago at 1166.00 (green close above the last confirmed swing-low candle's high). Tactical early entry, 5.2% below P1=1207.00."
FOSECOIND,FRESH_REVERSAL,77.3,B - Good Setup,6255.0,2026-09-16,5900.0,2026-08-26,6077.5,6580.0,2026-08-31,6250.0,9,2026-09-16,6255.0,1,False,1.03,4.94,,,,7/9,3/3,False,,,302.0,17276.0,0.02,2026-09-17,6255.0,6250.0,0.08,6260.0,0.08,1.0,2026-09-23,2026-09-28,"Higher-low reversal confirmed 0d ago at 6255.00 (green close above the last confirmed swing-low candle's high). Tactical early entry, 4.9% below P1=6580.00."
CONCORDBIO,FRESH_REVERSAL,74.4,B - Good Setup,1478.5,2026-09-16,1471.9,2026-08-17,1515.0,1615.0,2026-08-24,1517.6,14,2026-09-08,1470.5,1,False,0.97,8.45,,,,5/9,2/3,False,,,2863.0,173933.0,0.02,,,,,,,,,,"Higher-low reversal confirmed 4d ago at 1470.50 (green close above the last confirmed swing-low candle's high). Tactical early entry, 8.5% below P1=1615.00."
PARADEEP,FRESH_REVERSAL,71.0,B - Good Setup,149.47,2026-09-16,159.5,2026-08-25,159.63,165.79,2026-08-27,159.61,11,2026-09-08,159.79,1,False,1.03,9.84,,,,3/9,3/3,False,,,39005.0,6244457.0,0.01,2026-09-17,159.79,159.61,0.11,159.97,0.11,1.0,2026-09-23,2026-09-28,"Higher-low reversal confirmed 4d ago at 159.79 (green close above the last confirmed swing-low candle's high). Tactical early entry, 9.8% below P1=165.79."
HONASA,FRESH_REVERSAL,71.0,B - Good Setup,461.2,2026-09-16,491.35,2026-08-14,502.8,509.8,2026-08-18,470.05,19,2026-09-08,476.05,1,False,1.0,9.53,,,,3/9,3/3,False,,,14395.0,839409.0,0.02,2026-09-17,476.05,470.05,1.26,482.05,1.26,1.0,2026-09-23,2026-09-28,"Higher-low reversal confirmed 4d ago at 476.05 (green close above the last confirmed swing-low candle's high). Tactical early entry, 9.5% below P1=509.80."
AVALON,FRESH_REVERSAL,71.0,B - Good Setup,2099.1,2026-09-16,2004.0,2026-08-17,2059.4,2351.0,2026-08-25,2077.0,13,2026-09-09,2293.6,1,False,1.14,10.71,,,,3/9,3/3,False,,,35178.0,490590.0,0.07,2026-09-17,2293.6,2077.0,9.44,2510.2,9.44,1.0,2026-09-23,2026-09-28,"Higher-low reversal confirmed 3d ago at 2293.60 (green close above the last confirmed swing-low candle's high). Tactical early entry, 10.7% below P1=2351.00."
KINGFA,FRESH_REVERSAL,71.0,B - Good Setup,5768.0,2026-09-16,5699.4,2026-08-11,5708.0,6200.0,2026-08-14,5777.0,22,2026-09-09,6157.5,1,False,1.09,6.97,,,,3/9,3/3,False,,,327.0,14400.0,0.02,2026-09-17,6157.5,5777.0,6.18,6538.0,6.18,1.0,2026-09-23,2026-09-28,"Higher-low reversal confirmed 5d ago at 6157.50 (green close above the last confirmed swing-low candle's high). Tactical early entry, 7.0% below P1=6200.00."
KDDL,FRESH_REVERSAL,71.0,B - Good Setup,3791.1,2026-09-16,3416.0,2026-08-03,3463.2,4155.5,2026-08-06,3654.5,27,2026-09-07,3991.9,1,False,1.13,8.77,,,,3/9,3/3,False,,,132.0,50923.0,0.0,2026-09-17,3991.9,3654.5,8.45,4329.3,8.45,1.0,2026-09-23,2026-09-28,"Higher-low reversal confirmed 5d ago at 3991.90 (green close above the last confirmed swing-low candle's high). Tactical early entry, 8.8% below P1=4155.50."
IPCALAB,FRESH_REVERSAL,70.7,B - Good Setup,1978.6,2026-09-16,1945.1,2026-08-26,1952.4,2001.5,2026-09-03,1907.9,9,2026-09-16,1978.6,1,False,0.85,1.14,,,,6/9,2/3,False,,,12687.0,207846.0,0.06,2026-09-17,1978.6,1907.9,3.57,2049.3,3.57,1.0,2026-09-23,2026-09-28,"Higher-low reversal confirmed 0d ago at 1978.60 (green close above the last confirmed swing-low candle's high). Tactical early entry, 1.1% below P1=2001.50."
KALYANKJIL,FRESH_REVERSAL,70.4,B - Good Setup,608.25,2026-09-16,602.0,2026-07-28,608.35,648.95,2026-08-06,561.25,26,2026-09-04,598.8,2,False,0.91,6.27,,,,5/9,2/3,False,,,78724.0,8310470.0,0.01,2026-09-17,598.8,561.25,6.27,636.35,6.27,1.0,2026-09-23,2026-09-28,"Higher-low reversal confirmed 5d ago at 598.80 (green close above the last confirmed swing-low candle's high). Tactical early entry, 6.3% below P1=648.95."
GALAXYSURF,FRESH_REVERSAL,67.7,B - Good Setup,2141.2,2026-09-16,2114.0,2026-08-14,2508.4,2648.0,2026-08-26,2275.3,12,2026-09-09,2288.9,1,False,0.97,19.14,,,,3/9,2/3,False,,,841.0,78851.0,0.01,2026-09-17,2288.9,2275.3,0.59,2302.5,0.59,1.0,2026-09-23,2026-09-28,"Higher-low reversal confirmed 3d ago at 2288.90 (green close above the last confirmed swing-low candle's high). Tactical early entry, 19.1% below P1=2648.00."
QUESS,FRESH_REVERSAL,67.7,B - Good Setup,342.6,2026-09-16,350.75,2026-08-26,370.7,376.5,2026-08-27,355.0,12,2026-09-09,355.0,1,False,1.12,9.0,,,,2/9,3/3,False,,,11905.0,825985.0,0.01,,,,,,,,,,"Higher-low reversal confirmed 3d ago at 355.00 (green close above the last confirmed swing-low candle's high). Tactical early entry, 9.0% below P1=376.50."
BOSCHLTD,FRESH_REVERSAL,67.3,B - Good Setup,47440.0,2026-09-16,43650.0,2026-08-11,45185.0,50000.0,2026-09-02,46410.0,8,2026-09-08,48785.0,1,False,1.06,5.12,,,,4/9,3/3,False,,,568.0,36759.0,0.02,2026-09-17,48785.0,46410.0,4.87,51160.0,4.87,1.0,2026-09-23,2026-09-28,"Higher-low reversal confirmed 4d ago at 48785.00 (green close above the last confirmed swing-low candle's high). Tactical early entry, 5.1% below P1=50000.00."
SUDARSCHEM,FRESH_REVERSAL,64.0,C - Moderate / Watch,1187.2,2026-09-16,1164.9,2026-08-20,1186.5,1347.0,2026-09-02,1210.5,8,2026-09-09,1262.3,1,False,0.99,11.86,,,,4/9,2/3,False,,,1326.0,482694.0,0.0,2026-09-17,1262.3,1210.5,4.1,1314.1,4.1,1.0,2026-09-23,2026-09-28,"Higher-low reversal confirmed 3d ago at 1262.30 (green close above the last confirmed swing-low candle's high). Tactical early entry, 11.9% below P1=1347.00."
UJJIVANSFB,FRESH_REVERSAL,63.7,C - Moderate / Watch,63.8,2026-09-16,68.0,2026-07-23,68.78,73.29,2026-07-29,68.9,32,2026-09-10,66.52,2,False,0.87,12.95,,,,2/9,3/3,False,,,267635.0,14255418.0,0.02,,,,,,,,,,"Higher-low reversal confirmed 2d ago at 66.52 (green close above the last confirmed swing-low candle's high). Tactical early entry, 12.9% below P1=73.29."
PRUDENT,FRESH_REVERSAL,63.0,C - Moderate / Watch,3278.3,2026-09-16,3160.1,2026-07-30,3221.4,3394.5,2026-08-05,3255.0,27,2026-09-11,3385.0,3,False,1.1,3.42,,,,3/9,3/3,False,,,427.0,27696.0,0.02,2026-09-17,3385.0,3255.0,3.84,3515.0,3.84,1.0,2026-09-23,2026-09-28,"Higher-low reversal confirmed 1d ago at 3385.00 (green close above the last confirmed swing-low candle's high). Tactical early entry, 3.4% below P1=3394.50."
BECTORFOOD,FRESH_REVERSAL,61.0,C - Moderate / Watch,223.7,2026-09-16,228.9,2026-08-10,233.28,265.8,2026-08-24,246.71,16,2026-09-09,242.05,1,False,0.97,15.84,,,,2/9,1/3,False,,,50479.0,1275105.0,0.04,,,,,,,,,,"Higher-low reversal confirmed 5d ago at 242.05 (green close above the last confirmed swing-low candle's high). Tactical early entry, 15.8% below P1=265.80."
ARMANFIN,FRESH_REVERSAL,59.0,C - Moderate / Watch,1924.1,2026-09-16,1906.6,2026-07-13,1965.8,2054.7,2026-07-17,1914.4,40,2026-09-04,2069.3,4,False,0.95,6.36,,,,3/9,3/3,False,,,1314.0,28233.0,0.05,2026-09-17,2069.3,1914.4,7.49,2224.2,7.49,1.0,2026-09-23,2026-09-28,"Higher-low reversal confirmed 5d ago at 2069.30 (green close above the last confirmed swing-low candle's high). Tactical early entry, 6.4% below P1=2054.70."
KPIL,FRESH_REVERSAL,53.3,C - Moderate / Watch,1370.2,2026-09-16,1335.0,2026-06-16,1365.7,1479.6,2026-06-29,1338.2,54,2026-09-10,1432.0,5,False,0.86,7.39,,,,4/9,3/3,False,,,2922.0,156378.0,0.02,2026-09-17,1432.0,1338.2,6.55,1525.8,6.55,1.0,2026-09-23,2026-09-28,"Higher-low reversal confirmed 2d ago at 1432.00 (green close above the last confirmed swing-low candle's high). Tactical early entry, 7.4% below P1=1479.60."
JINDALPOLY,FRESH_REVERSAL,51.7,C - Moderate / Watch,753.5,2026-09-16,657.4,2026-03-04,664.65,845.15,2026-04-01,703.85,117,2026-09-15,737.9,8,False,0.82,10.84,,,,6/9,2/3,True,nse,0.15,41218.0,38196.0,1.08,2026-09-17,737.9,703.85,4.61,771.95,4.61,1.0,2026-09-23,2026-09-28,"Higher-low reversal confirmed 1d ago at 737.90 (green close above the last confirmed swing-low candle's high). Tactical early entry, 10.8% below P1=845.15."
EMCURE,PRE_BOS2_READY,81.7,A - High-Quality Setup,2004.4,2026-09-16,1944.0,2026-07-31,1960.1,2009.2,2026-08-06,1912.5,29,2026-09-04,1927.6,2,False,0.92,0.24,,,,8/9,3/3,False,,,1923.0,118944.0,0.02,,,,,,,,,,"Re-accumulation complete (29d), price 0.2% under P1=2009.20; range not yet contracted. Watch for breakout w/ volume."
MANORAMA,PRE_BOS2_READY,72.3,B - Good Setup,1984.0,2026-09-16,1706.9,2026-08-14,1737.1,2043.0,2026-08-19,1876.0,19,2026-09-03,1966.3,1,False,1.01,2.89,,,,4/9,3/3,False,,,2413.0,287150.0,0.01,,,,,,,,,,"Re-accumulation complete (19d), price 2.9% under P1=2043.00; range not yet contracted. Watch for breakout w/ volume."
LAURUSLABS,PRE_BOS2_READY,72.0,B - Good Setup,1938.2,2026-09-16,1870.8,2026-08-26,1887.0,1949.0,2026-09-02,1811.7,9,2026-09-03,1868.5,1,False,1.13,0.55,,,,6/9,3/3,False,,,34297.0,3431652.0,0.01,,,,,,,,,,"Re-accumulation complete (9d), price 0.6% under P1=1949.00; range not yet contracted. Watch for breakout w/ volume."
MARKSANS,PRE_BOS2_READY,68.3,B - Good Setup,321.2,2026-09-16,281.6,2026-08-12,312.6,320.0,2026-08-14,300.75,22,2026-09-02,332.5,2,False,1.12,-0.38,,,,4/9,3/3,False,,,113395.0,2127432.0,0.05,,,,,,,,,,"Re-accumulation complete (22d), price -0.4% under P1=320.00; range not yet contracted. Watch for breakout w/ volume."
THEJO,PRE_BOS2_READY,65.7,B - Good Setup,2163.1,2026-09-16,2036.5,2026-07-31,2108.7,2189.5,2026-08-04,2062.0,28,,,0,False,1.07,1.21,,,,6/9,2/3,False,,,32.0,9019.0,0.0,,,,,,,,,,"Re-accumulation complete (28d), price 1.2% under P1=2189.50; range not yet contracted. Watch for breakout w/ volume."
APOLLOHOSP,PRE_BOS2_READY,61.0,C - Moderate / Watch,8785.5,2026-09-16,8693.5,2026-07-02,8696.0,9050.0,2026-08-12,8507.5,24,2026-09-08,8837.5,3,False,1.18,2.92,,,,4/9,2/3,False,,,2646.0,239430.0,0.01,,,,,,,,,,"Re-accumulation complete (24d), price 2.9% under P1=9050.00; range not yet contracted. Watch for breakout w/ volume."
ANTELOPUS,PRE_BOS2_READY,55.4,C - Moderate / Watch,1047.05,2026-09-16,933.65,2026-09-02,951.15,1075.1,2026-09-04,925.2,8,,,0,False,1.4,2.61,,,,5/9,2/3,False,,,26869.0,3535531.0,0.01,,,,,,,,,,"Re-accumulation complete (8d), price 2.6% under P1=1075.10; range not yet contracted. Watch for breakout w/ volume."
CYIENTDLM,PRE_BOS2_READY,52.0,C - Moderate / Watch,871.6,2026-09-16,764.8,2026-08-25,769.35,869.95,2026-09-02,836.05,9,,,0,False,1.21,-0.19,,,,4/9,2/3,False,,,7843.0,748531.0,0.01,,,,,,,,,,"Re-accumulation complete (9d), price -0.2% under P1=869.95; range not yet contracted. Watch for breakout w/ volume."
YESBANK,BASING,82.3,A - High-Quality Setup,24.05,2026-09-16,23.99,2026-06-17,25.11,25.78,2026-06-23,24.5,61,2026-08-03,23.0,1,True,0.64,6.71,,,,7/9,3/3,False,,,13629658.0,56682441.0,0.24,,,,,,,,,,"Re-accumulating 61d, still 6.7% below P1=25.78"
PGIL,BASING,79.3,B - Good Setup,1212.1,2026-09-16,1072.1,2026-08-06,1110.75,1269.8,2026-08-19,1163.25,18,2026-08-31,1231.9,1,False,1.01,4.54,,,,7/9,3/3,False,,,18413.0,156603.0,0.12,,,,,,,,,,"Re-accumulating 18d, still 4.5% below P1=1269.80"
CUPID,BASING,76.0,B - Good Setup,285.65,2026-09-16,226.0,2026-07-28,231.83,299.0,2026-08-17,235.11,22,2026-09-04,283.15,1,False,1.21,4.46,,,,7/9,2/3,False,,,235397.0,11976725.0,0.02,,,,,,,,,,"Re-accumulating 22d, still 4.5% below P1=299.00"
CASTROLIND,BASING,72.7,B - Good Setup,188.39,2026-09-16,190.1,2026-08-05,191.54,195.0,2026-08-31,184.1,10,2026-09-04,190.27,1,False,1.06,3.39,,,,6/9,2/3,False,,,38967.0,1774488.0,0.02,,,,,,,,,,"Re-accumulating 10d, still 3.4% below P1=195.00"
LUMAXTECH,BASING,72.7,B - Good Setup,1983.1,2026-09-16,1898.0,2026-08-11,2076.3,2110.0,2026-08-14,1970.0,23,2026-08-28,1985.5,1,False,0.95,6.01,,,,5/9,3/3,False,,,1324.0,143568.0,0.01,,,,,,,,,,"Re-accumulating 23d, still 6.0% below P1=2110.00"
MAXESTATES,BASING,72.7,B - Good Setup,560.55,2026-09-16,492.0,2026-08-20,499.85,579.0,2026-08-27,538.65,12,2026-09-03,530.7,1,False,1.17,3.19,,,,6/9,2/3,False,,,742.0,320359.0,0.0,,,,,,,,,,"Re-accumulating 12d, still 3.2% below P1=579.00"
GPTHEALTH,BASING,72.0,B - Good Setup,159.47,2026-09-16,164.69,2026-07-27,165.99,175.0,2026-08-04,161.0,29,2026-09-04,158.17,2,False,0.94,8.87,,,,6/9,3/3,False,,,1004.0,97070.0,0.01,,,,,,,,,,"Re-accumulating 29d, still 8.9% below P1=175.00"
MOTILALOFS,BASING,69.3,B - Good Setup,989.1,2026-09-16,989.75,2026-08-21,990.0,1053.0,2026-08-31,1022.0,10,2026-09-04,1037.0,1,False,1.01,6.07,,,,4/9,3/3,False,,,5758.0,979872.0,0.01,,,,,,,,,,"Re-accumulating 10d, still 6.1% below P1=1053.00"
FLUOROCHEM,BASING,69.3,B - Good Setup,4572.0,2026-09-16,4653.2,2026-08-13,4714.7,4958.9,2026-08-24,4555.3,14,2026-08-26,4732.1,1,False,0.89,7.8,,,,4/9,3/3,False,,,1532.0,147813.0,0.01,,,,,,,,,,"Re-accumulating 14d, still 7.8% below P1=4958.90"
TATATECH,BASING,69.3,B - Good Setup,764.6,2026-09-16,784.0,2026-08-06,801.55,891.0,2026-08-13,832.1,24,2026-08-28,834.35,1,False,0.97,14.19,,,,4/9,3/3,False,,,23053.0,950851.0,0.02,,,,,,,,,,"Re-accumulating 24d, still 14.2% below P1=891.00"
ACE,BASING,69.3,B - Good Setup,1123.8,2026-09-16,1149.0,2026-08-18,1184.8,1196.0,2026-08-21,1145.1,15,2026-09-03,1145.5,1,False,0.98,6.04,,,,4/9,3/3,False,,,16495.0,360280.0,0.05,,,,,,,,,,"Re-accumulating 15d, still 6.0% below P1=1196.00"
AVTNPL,BASING,69.3,B - Good Setup,86.5,2026-09-16,78.0,2026-08-14,81.25,92.45,2026-08-20,85.23,16,2026-08-31,92.06,1,False,1.26,6.44,,,,4/9,3/3,False,,,7057.0,521210.0,0.01,,,,,,,,,,"Re-accumulating 16d, still 6.4% below P1=92.45"
63MOONS,BASING,68.7,B - Good Setup,872.0,2026-09-16,780.0,2026-07-30,847.35,957.95,2026-08-12,826.0,24,2026-09-02,805.1,2,False,0.95,8.97,,,,6/9,2/3,False,,,15651.0,412741.0,0.04,,,,,,,,,,"Re-accumulating 24d, still 9.0% below P1=957.95"
RADICO,BASING,66.0,B - Good Setup,4349.3,2026-09-16,4193.0,2026-07-28,4289.7,4494.4,2026-07-31,4321.0,33,2026-09-03,4559.0,1,False,0.93,3.23,,,,3/9,3/3,False,,,2044.0,207111.0,0.01,,,,,,,,,,"Re-accumulating 33d, still 3.2% below P1=4494.40"
RAINBOW,BASING,66.0,B - Good Setup,1452.0,2026-09-16,1511.7,2026-07-30,1520.6,1610.0,2026-08-14,1414.5,20,2026-08-17,1478.5,1,False,0.97,9.81,,,,4/9,2/3,False,,,744.0,78218.0,0.01,,,,,,,,,,"Re-accumulating 20d, still 9.8% below P1=1610.00"
HNDFDS,BASING,66.0,B - Good Setup,598.05,2026-09-16,600.4,2026-08-17,608.45,677.75,2026-08-25,623.0,13,2026-08-31,658.2,1,False,1.07,11.76,,,,3/9,3/3,False,,,585.0,118813.0,0.0,,,,,,,,,,"Re-accumulating 13d, still 11.8% below P1=677.75"
PITTIENG,BASING,66.0,B - Good Setup,1105.6,2026-09-16,1100.0,2026-08-25,1123.3,1168.0,2026-08-27,1105.0,11,2026-09-03,1105.1,1,False,1.06,5.34,,,,3/9,3/3,False,,,8819.0,159295.0,0.06,,,,,,,,,,"Re-accumulating 11d, still 5.3% below P1=1168.00"
TCPLPACK,BASING,66.0,B - Good Setup,3703.0,2026-09-16,3470.0,2026-08-11,3675.8,4410.9,2026-08-28,3790.0,10,2026-08-31,3908.1,1,False,0.95,16.05,,,,3/9,3/3,False,,,104.0,8961.0,0.01,,,,,,,,,,"Re-accumulating 10d, still 16.0% below P1=4410.90"
ADOR,BASING,66.0,B - Good Setup,1554.6,2026-09-16,1597.0,2026-08-19,1634.6,1701.9,2026-08-26,1522.0,12,2026-08-28,1635.6,1,False,1.06,8.66,,,,3/9,3/3,False,,,1026.0,62156.0,0.02,,,,,,,,,,"Re-accumulating 12d, still 8.7% below P1=1701.90"
NAHARSPING,BASING,66.0,B - Good Setup,266.05,2026-09-16,291.79,2026-08-03,311.15,349.0,2026-08-07,305.3,25,2026-09-01,299.55,1,False,1.08,23.77,,,,3/9,3/3,False,,,115.0,41146.0,0.0,,,,,,,,,,"Re-accumulating 25d, still 23.8% below P1=349.00"
RBLBANK,BASING,65.7,B - Good Setup,404.55,2026-09-16,383.45,2026-08-05,389.8,394.5,2026-09-02,375.0,9,2026-09-03,408.1,1,False,1.0,-2.55,,,,6/9,2/3,False,,,49800.0,3182535.0,0.02,,,,,,,,,,"Re-accumulating 9d, still -2.5% below P1=394.50"
PVRINOX,BASING,65.4,B - Good Setup,1222.7,2026-09-16,1206.9,2026-08-20,1219.5,1284.5,2026-08-26,1230.4,15,2026-09-08,1231.3,2,False,1.11,4.81,,,,5/9,2/3,False,,,11405.0,717388.0,0.02,,,,,,,,,,"Re-accumulating 15d, still 4.8% below P1=1284.50"
FEDERALBNK,BASING,65.3,B - Good Setup,345.5,2026-09-16,334.3,2026-07-17,349.0,371.7,2026-08-07,350.85,28,2026-08-18,357.8,2,False,0.96,7.05,,,,4/9,3/3,False,,,21230.0,4771481.0,0.0,,,,,,,,,,"Re-accumulating 28d, still 7.0% below P1=371.70"
RPGLIFE,BASING,64.3,C - Moderate / Watch,2759.6,2026-09-16,2524.9,2026-07-09,2656.8,2956.0,2026-07-15,2722.5,44,,,0,False,1.08,6.64,,,,7/9,3/3,False,,,533.0,15626.0,0.03,,,,,,,,,,"Re-accumulating 44d, still 6.6% below P1=2956.00"
ENDURANCE,BASING,62.7,C - Moderate / Watch,2621.8,2026-09-16,2835.0,2026-08-04,2838.7,3043.0,2026-08-14,2878.0,20,2026-08-18,3018.3,1,False,0.95,13.84,,,,2/9,3/3,False,,,434.0,115234.0,0.0,,,,,,,,,,"Re-accumulating 20d, still 13.8% below P1=3043.00"
SHILPAMED,BASING,62.7,C - Moderate / Watch,919.15,2026-09-16,834.1,2026-08-24,855.8,952.0,2026-09-02,887.05,10,,,0,False,1.18,3.45,,,,6/9,2/3,False,,,11097.0,1216258.0,0.01,,,,,,,,,,"Re-accumulating 10d, still 3.5% below P1=952.00"
MINDACORP,BASING,62.7,C - Moderate / Watch,687.5,2026-09-16,714.75,2026-08-03,727.6,750.8,2026-08-11,712.4,25,2026-08-31,712.55,1,False,1.14,8.43,,,,3/9,2/3,False,,,5305.0,261478.0,0.02,,,,,,,,,,"Re-accumulating 25d, still 8.4% below P1=750.80"
HCG,BASING,62.7,C - Moderate / Watch,675.6,2026-09-16,688.2,2026-08-10,715.65,755.0,2026-08-17,702.65,19,2026-08-19,745.25,1,False,1.07,10.52,,,,2/9,3/3,False,,,843.0,139053.0,0.01,,,,,,,,,,"Re-accumulating 19d, still 10.5% below P1=755.00"
WESTLIFE,BASING,62.7,C - Moderate / Watch,547.75,2026-09-16,559.2,2026-08-05,587.0,597.0,2026-08-07,566.75,25,2026-08-20,594.5,1,False,0.87,8.25,,,,3/9,2/3,False,,,1297.0,462517.0,0.0,,,,,,,,,,"Re-accumulating 25d, still 8.2% below P1=597.00"
AARTIPHARM,BASING,62.7,C - Moderate / Watch,791.0,2026-09-16,814.0,2026-08-10,823.0,932.6,2026-08-14,845.3,22,2026-08-24,843.15,1,False,1.08,15.18,,,,3/9,2/3,False,,,8265.0,377082.0,0.02,,,,,,,,,,"Re-accumulating 22d, still 15.2% below P1=932.60"
EPL,BASING,62.7,C - Moderate / Watch,234.4,2026-09-16,259.83,2026-08-20,270.1,274.03,2026-08-28,247.45,13,2026-09-03,246.55,1,False,1.09,14.46,,,,2/9,3/3,False,,,50378.0,10071914.0,0.01,,,,,,,,,,"Re-accumulating 13d, still 14.5% below P1=274.03"
INDIGOPNTS,BASING,62.7,C - Moderate / Watch,1054.3,2026-09-16,1133.8,2026-08-10,1141.2,1159.0,2026-08-13,1113.7,21,2026-08-26,1186.1,1,False,1.09,9.03,,,,3/9,2/3,False,,,705.0,84281.0,0.01,,,,,,,,,,"Re-accumulating 21d, still 9.0% below P1=1159.00"
KOLTEPATIL,BASING,62.7,C - Moderate / Watch,423.1,2026-09-16,408.0,2026-08-06,429.3,554.6,2026-08-25,443.65,15,2026-09-03,449.55,1,False,1.06,23.71,,,,3/9,2/3,False,,,3496.0,165469.0,0.02,,,,,,,,,,"Re-accumulating 15d, still 23.7% below P1=554.60"
DIVGIITTS,BASING,62.7,C - Moderate / Watch,1104.9,2026-09-16,1065.0,2026-08-11,1076.4,1288.0,2026-08-27,1143.2,11,2026-09-01,1268.8,1,False,1.31,14.22,,,,2/9,3/3,False,,,4946.0,166642.0,0.03,,,,,,,,,,"Re-accumulating 11d, still 14.2% below P1=1288.00"
INDOTECH,BASING,62.7,C - Moderate / Watch,3315.8,2026-09-16,3599.0,2026-08-05,3607.2,3976.8,2026-08-10,3656.0,24,2026-08-14,3558.1,1,False,1.02,16.62,,,,3/9,2/3,False,,,419.0,20774.0,0.02,,,,,,,,,,"Re-accumulating 24d, still 16.6% below P1=3976.80"
APCOTEXIND,BASING,62.7,C - Moderate / Watch,581.0,2026-09-16,579.75,2026-07-27,588.5,709.3,2026-07-30,621.2,31,2026-08-17,605.45,1,False,1.07,18.09,,,,2/9,3/3,False,,,10077.0,157697.0,0.06,,,,,,,,,,"Re-accumulating 31d, still 18.1% below P1=709.30"
SALSTEEL,BASING,62.7,C - Moderate / Watch,69.13,2026-09-16,73.9,2026-08-19,79.22,81.8,2026-08-21,75.57,15,2026-08-31,78.8,1,False,1.02,15.49,,,,2/9,3/3,False,,,25033.0,685936.0,0.04,,,,,,,,,,"Re-accumulating 15d, still 15.5% below P1=81.80"
YATHARTH,BASING,62.3,C - Moderate / Watch,985.7,2026-09-16,919.5,2026-08-25,923.05,1024.85,2026-08-31,960.3,9,,,0,False,1.12,3.82,,,,7/9,3/3,False,,,10656.0,416728.0,0.03,,,,,,,,,,"Re-accumulating 9d, still 3.8% below P1=1024.85"
UNOMINDA,BASING,62.0,C - Moderate / Watch,1177.6,2026-09-16,1255.0,2026-08-06,1278.0,1298.3,2026-08-14,1230.1,23,2026-08-26,1260.0,2,False,0.89,9.3,,,,3/9,3/3,False,,,6105.0,596858.0,0.01,,,,,,,,,,"Re-accumulating 23d, still 9.3% below P1=1298.30"
GABRIEL,BASING,62.0,C - Moderate / Watch,1299.3,2026-09-16,1292.3,2026-07-15,1354.5,1453.0,2026-07-21,1402.5,40,2026-09-08,1389.6,2,False,1.17,10.58,,,,3/9,3/3,False,,,4008.0,264856.0,0.02,,,,,,,,,,"Re-accumulating 40d, still 10.6% below P1=1453.00"
MMFL,BASING,62.0,C - Moderate / Watch,598.8,2026-09-16,565.0,2026-08-05,570.55,664.0,2026-08-13,605.75,21,2026-08-28,641.7,2,False,1.39,9.82,,,,3/9,3/3,False,,,1203.0,181738.0,0.01,,,,,,,,,,"Re-accumulating 21d, still 9.8% below P1=664.00"
KIRLOSIND,BASING,61.0,C - Moderate / Watch,3751.1,2026-09-16,3545.0,2026-06-17,3628.7,3955.0,2026-06-22,3772.3,61,2026-07-02,4097.2,1,False,0.96,5.16,,,,4/9,2/3,False,,,637.0,36737.0,0.02,,,,,,,,,,"Re-accumulating 61d, still 5.2% below P1=3955.00"
GRANULES,BASING,60.7,C - Moderate / Watch,865.7,2026-09-16,804.3,2026-06-30,813.25,910.0,2026-07-22,828.1,38,2026-09-03,853.85,4,False,1.07,4.87,,,,5/9,3/3,False,,,44253.0,1223092.0,0.04,,,,,,,,,,"Re-accumulating 38d, still 4.9% below P1=910.00"
ACUTAAS,BASING,59.7,C - Moderate / Watch,3310.4,2026-09-16,3444.3,2026-06-29,3568.2,3740.0,2026-07-07,3348.0,48,2026-09-03,3201.0,3,False,1.04,11.49,,,,5/9,3/3,False,,,2919.0,291228.0,0.01,,,,,,,,,,"Re-accumulating 48d, still 11.5% below P1=3740.00"
EXIDEIND,BASING,59.4,C - Moderate / Watch,408.55,2026-09-16,410.5,2026-07-02,419.35,452.8,2026-07-29,420.35,33,2026-07-30,452.7,1,False,1.23,9.77,,,,2/9,2/3,False,,,28030.0,2103087.0,0.01,,,,,,,,,,"Re-accumulating 33d, still 9.8% below P1=452.80"
RPTECH,BASING,59.4,C - Moderate / Watch,791.15,2026-09-16,812.85,2026-07-30,813.0,900.0,2026-08-06,851.1,29,2026-08-21,876.9,1,False,1.1,12.09,,,,2/9,2/3,False,,,4621.0,560679.0,0.01,,,,,,,,,,"Re-accumulating 29d, still 12.1% below P1=900.00"
MPSLTD,BASING,59.4,C - Moderate / Watch,2535.8,2026-09-16,2800.0,2026-08-05,2873.7,2890.0,2026-08-06,2700.1,28,2026-08-19,2929.6,1,False,0.91,12.26,,,,2/9,2/3,False,,,260.0,20622.0,0.01,,,,,,,,,,"Re-accumulating 28d, still 12.3% below P1=2890.00"
AURUM,BASING,59.3,C - Moderate / Watch,221.77,2026-09-16,237.0,2026-07-14,239.64,264.64,2026-07-20,230.0,39,,,0,False,1.03,16.2,,,,4/9,3/3,False,,,14006.0,102544.0,0.14,,,,,,,,,,"Re-accumulating 39d, still 16.2% below P1=264.64"
HAL,BASING,59.0,C - Moderate / Watch,4700.7,2026-09-16,4836.3,2026-08-06,4920.0,5149.9,2026-09-02,4707.0,9,2026-09-04,4856.0,1,False,0.99,8.72,,,,3/9,3/3,False,,,15105.0,730147.0,0.02,,,,,,,,,,"Re-accumulating 9d, still 8.7% below P1=5149.90"
UNIPARTS,BASING,59.0,C - Moderate / Watch,865.0,2026-09-16,839.0,2026-08-28,873.15,915.95,2026-09-02,878.0,9,,,0,False,0.98,5.56,,,,6/9,3/3,False,,,1739.0,167422.0,0.01,,,,,,,,,,"Re-accumulating 9d, still 5.6% below P1=915.95"
MANAPPURAM,BASING,58.7,C - Moderate / Watch,321.3,2026-09-16,347.9,2026-07-21,351.75,381.55,2026-08-03,357.3,30,2026-08-20,349.25,2,False,1.05,15.79,,,,2/9,3/3,False,,,77783.0,5139734.0,0.02,,,,,,,,,,"Re-accumulating 30d, still 15.8% below P1=381.55"
VIMTALABS,BASING,58.7,C - Moderate / Watch,615.9,2026-09-16,634.0,2026-08-04,642.25,675.0,2026-08-07,633.05,25,2026-08-31,643.45,2,False,0.89,8.76,,,,3/9,2/3,False,,,5937.0,270916.0,0.02,,,,,,,,,,"Re-accumulating 25d, still 8.8% below P1=675.00"
TORNTPHARM,BASING,58.0,C - Moderate / Watch,4859.5,2026-09-16,5085.8,2026-07-31,5122.8,5250.0,2026-08-17,4814.0,22,2026-09-08,4960.0,3,False,0.77,7.44,,,,3/9,3/3,False,,,896.0,246140.0,0.0,,,,,,,,,,"Re-accumulating 22d, still 7.4% below P1=5250.00"
NAVINFLUOR,BASING,58.0,C - Moderate / Watch,8255.5,2026-09-16,7936.0,2026-08-06,8650.0,8775.5,2026-08-12,8125.5,23,2026-09-03,8697.0,3,False,0.86,5.93,,,,3/9,3/3,False,,,1242.0,122380.0,0.01,,,,,,,,,,"Re-accumulating 23d, still 5.9% below P1=8775.50"
NAUKRI,BASING,56.0,C - Moderate / Watch,1262.6,2026-09-16,1277.9,2026-08-10,1282.0,1391.0,2026-08-12,1329.6,23,,,0,False,0.93,9.23,,,,4/9,2/3,False,,,6807.0,1115327.0,0.01,,,,,,,,,,"Re-accumulating 23d, still 9.2% below P1=1391.00"
SHRIPISTON,BASING,56.0,C - Moderate / Watch,4259.7,2026-09-16,4588.0,2026-08-21,4600.1,4785.8,2026-08-27,4434.2,11,,,0,False,0.99,10.99,,,,3/9,3/3,False,,,492.0,75381.0,0.01,,,,,,,,,,"Re-accumulating 11d, still 11.0% below P1=4785.80"
KRBL,BASING,56.0,C - Moderate / Watch,398.0,2026-09-16,402.0,2026-08-21,406.95,444.0,2026-08-25,419.0,13,,,0,False,1.11,10.36,,,,3/9,3/3,False,,,14231.0,992675.0,0.01,,,,,,,,,,"Re-accumulating 13d, still 10.4% below P1=444.00"
IOLCP,BASING,56.0,C - Moderate / Watch,185.2,2026-09-16,179.6,2026-08-26,186.01,198.4,2026-09-02,186.0,10,,,0,False,1.1,6.65,,,,3/9,3/3,False,,,189148.0,5119204.0,0.04,,,,,,,,,,"Re-accumulating 10d, still 6.7% below P1=198.40"
BAJAJHIND,BASING,56.0,C - Moderate / Watch,19.68,2026-09-16,21.02,2026-08-20,23.33,23.98,2026-08-21,22.13,18,2026-09-07,22.77,1,False,1.15,17.93,,,,1/9,2/3,False,,,1068529.0,65340443.0,0.02,,,,,,,,,,"Re-accumulating 18d, still 17.9% below P1=23.98"
GIPCL,BASING,56.0,C - Moderate / Watch,189.18,2026-09-16,181.4,2026-08-25,190.72,207.2,2026-09-01,196.0,10,,,0,False,1.02,8.7,,,,3/9,3/3,False,,,14294.0,971474.0,0.01,,,,,,,,,,"Re-accumulating 10d, still 8.7% below P1=207.20"
MANGLMCEM,BASING,56.0,C - Moderate / Watch,984.3,2026-09-16,1023.45,2026-08-21,1027.95,1084.95,2026-08-25,1002.05,13,,,0,False,1.13,9.28,,,,3/9,3/3,False,,,1038.0,289632.0,0.0,,,,,,,,,,"Re-accumulating 13d, still 9.3% below P1=1084.95"
ALLCARGO,BASING,56.0,C - Moderate / Watch,11.5,2026-09-16,10.79,2026-08-21,12.17,13.72,2026-08-26,11.81,15,2026-09-03,12.51,1,False,1.14,16.18,,,,1/9,2/3,False,,,712966.0,29390758.0,0.02,,,,,,,,,,"Re-accumulating 15d, still 16.2% below P1=13.72"
NAZARA,BASING,55.7,C - Moderate / Watch,360.5,2026-09-16,365.0,2026-08-28,374.6,379.4,2026-09-02,360.1,7,,,0,False,0.98,4.98,,,,5/9,3/3,False,,,42917.0,1740477.0,0.02,,,,,,,,,,"Re-accumulating 7d, still 5.0% below P1=379.40"
SSWL,BASING,55.7,C - Moderate / Watch,343.35,2026-09-16,328.4,2026-09-01,357.25,365.95,2026-09-02,338.4,9,,,0,False,1.03,6.18,,,,5/9,3/3,False,,,30125.0,2281876.0,0.01,,,,,,,,,,"Re-accumulating 9d, still 6.2% below P1=365.95"
GMMPFAUDLR,BASING,55.7,C - Moderate / Watch,1342.8,2026-09-16,1079.4,2026-09-01,1083.8,1109.0,2026-09-02,1050.1,7,,,0,False,1.2,-21.08,,,,6/9,2/3,False,,,21361.0,299677.0,0.07,,,,,,,,,,"Re-accumulating 7d, still -21.1% below P1=1109.00"
RML,BASING,55.7,C - Moderate / Watch,1295.0,2026-09-16,1333.0,2026-09-08,1390.0,1423.5,2026-09-09,1356.2,5,,,0,False,0.99,9.03,,,,5/9,3/3,False,,,1298.0,154338.0,0.01,,,,,,,,,,"Re-accumulating 5d, still 9.0% below P1=1423.50"
OAL,BASING,55.7,C - Moderate / Watch,510.95,2026-09-16,400.0,2026-08-26,401.25,492.7,2026-09-02,432.25,9,,,0,False,1.36,-3.7,,,,5/9,3/3,False,,,1165.0,149008.0,0.01,,,,,,,,,,"Re-accumulating 9d, still -3.7% below P1=492.70"
MANALIPETC,BASING,55.7,C - Moderate / Watch,82.58,2026-09-16,78.72,2026-08-31,81.75,88.0,2026-09-02,81.6,8,,,0,False,1.13,6.16,,,,5/9,3/3,False,,,150303.0,11181074.0,0.01,,,,,,,,,,"Re-accumulating 8d, still 6.2% below P1=88.00"
MBAPL,BASING,55.4,C - Moderate / Watch,156.57,2026-09-16,167.95,2026-08-13,168.12,172.85,2026-08-19,160.56,20,2026-09-04,166.12,2,False,0.9,9.42,,,,2/9,2/3,False,,,7252.0,812605.0,0.01,,,,,,,,,,"Re-accumulating 20d, still 9.4% below P1=172.85"
STEELXIND,BASING,55.3,C - Moderate / Watch,11.37,2026-09-16,11.04,2026-05-27,11.96,13.39,2026-06-03,11.72,74,2026-06-17,12.57,2,False,0.93,15.09,,,,4/9,3/3,False,,,151038.0,7235207.0,0.02,,,,,,,,,,"Re-accumulating 74d, still 15.1% below P1=13.39"
SUPRIYA,BASING,55.0,C - Moderate / Watch,877.75,2026-09-16,794.0,2026-05-27,807.25,1085.0,2026-07-07,835.5,48,2026-08-28,804.15,5,False,1.18,19.1,,,,6/9,3/3,False,,,10317.0,240215.0,0.04,,,,,,,,,,"Re-accumulating 48d, still 19.1% below P1=1085.00"
KPRMILL,BASING,54.4,C - Moderate / Watch,1115.4,2026-09-16,1123.0,2026-06-18,1186.4,1208.7,2026-06-19,1125.0,60,2026-08-26,1136.0,1,False,0.95,7.72,,,,2/9,2/3,False,,,226.0,233369.0,0.0,,,,,,,,,,"Re-accumulating 60d, still 7.7% below P1=1208.70"
KIRLOSBROS,BASING,54.4,C - Moderate / Watch,1748.9,2026-09-16,1869.8,2026-06-18,1903.2,2189.2,2026-06-24,1956.6,57,2026-07-13,1950.0,1,False,1.01,20.11,,,,2/9,2/3,False,,,1060.0,32992.0,0.03,,,,,,,,,,"Re-accumulating 57d, still 20.1% below P1=2189.20"
PHOENIXLTD,BASING,54.3,C - Moderate / Watch,1831.3,2026-09-16,1993.0,2026-07-01,2018.5,2134.7,2026-07-08,2013.4,50,2026-08-03,1955.0,1,False,0.93,14.21,,,,1/9,3/3,False,,,4465.0,340655.0,0.01,,,,,,,,,,"Re-accumulating 50d, still 14.2% below P1=2134.70"
IKS,BASING,54.3,C - Moderate / Watch,1773.7,2026-09-16,1772.5,2026-07-01,1800.2,1909.0,2026-07-09,1831.9,47,,,0,False,1.05,7.09,,,,4/9,3/3,False,,,877.0,124196.0,0.01,,,,,,,,,,"Re-accumulating 47d, still 7.1% below P1=1909.00"
OBEROIRLTY,BASING,53.7,C - Moderate / Watch,1682.1,2026-09-16,1784.0,2026-07-01,1804.6,1986.1,2026-07-09,1820.7,49,2026-08-03,1861.1,2,False,1.05,15.31,,,,2/9,3/3,False,,,7413.0,351398.0,0.02,,,,,,,,,,"Re-accumulating 49d, still 15.3% below P1=1986.10"
INDHOTEL,BASING,53.6,C - Moderate / Watch,718.15,2026-09-16,748.0,2026-07-10,752.3,754.0,2026-07-14,726.35,46,2026-08-19,723.35,2,False,0.92,4.75,,,,4/9,1/3,False,,,13957.0,1466497.0,0.01,,,,,,,,,,"Re-accumulating 46d, still 4.8% below P1=754.00"
UNITDSPR,BASING,52.7,C - Moderate / Watch,1382.0,2026-09-16,1441.0,2026-07-24,1467.2,1563.4,2026-09-02,1446.3,10,,,0,False,0.95,11.6,,,,3/9,2/3,False,,,3093.0,547084.0,0.01,,,,,,,,,,"Re-accumulating 10d, still 11.6% below P1=1563.40"
AETHER,BASING,52.7,C - Moderate / Watch,1603.1,2026-09-16,1692.0,2026-08-28,1696.8,1717.0,2026-08-31,1636.5,11,,,0,False,1.02,6.63,,,,3/9,2/3,False,,,6127.0,220000.0,0.03,,,,,,,,,,"Re-accumulating 11d, still 6.6% below P1=1717.00"
LMW,BASING,52.7,C - Moderate / Watch,17025.0,2026-09-16,17699.0,2026-08-13,18747.0,20151.0,2026-08-20,19363.0,16,,,0,False,0.98,15.51,,,,2/9,3/3,False,,,43.0,6159.0,0.01,,,,,,,,,,"Re-accumulating 16d, still 15.5% below P1=20151.00"
AZAD,BASING,52.7,C - Moderate / Watch,2645.7,2026-09-16,2530.0,2026-08-10,2549.7,2589.0,2026-08-12,2450.4,25,,,0,False,1.04,-2.19,,,,2/9,3/3,False,,,21697.0,342993.0,0.06,,,,,,,,,,"Re-accumulating 25d, still -2.2% below P1=2589.00"
AEROFLEX,BASING,52.7,C - Moderate / Watch,476.5,2026-09-16,521.9,2026-08-26,536.35,542.0,2026-08-27,515.3,13,,,0,False,1.05,12.08,,,,2/9,3/3,False,,,440091.0,1361685.0,0.32,,,,,,,,,,"Re-accumulating 13d, still 12.1% below P1=542.00"
SUPRAJIT,BASING,52.7,C - Moderate / Watch,478.65,2026-09-16,514.5,2026-08-05,524.1,541.0,2026-08-10,516.85,25,,,0,False,0.97,11.52,,,,2/9,3/3,False,,,1036.0,68055.0,0.02,,,,,,,,,,"Re-accumulating 25d, still 11.5% below P1=541.00"
HIRECT,BASING,52.7,C - Moderate / Watch,1197.3,2026-09-16,1212.1,2026-07-15,1273.6,1399.0,2026-07-20,1216.8,39,,,0,False,0.91,14.42,,,,2/9,3/3,False,,,2519.0,57784.0,0.04,,,,,,,,,,"Re-accumulating 39d, still 14.4% below P1=1399.00"
APOLLOPIPE,BASING,52.7,C - Moderate / Watch,517.05,2026-09-16,554.0,2026-08-19,576.45,630.65,2026-08-25,605.1,14,,,0,False,1.13,18.01,,,,2/9,3/3,False,,,4427.0,398768.0,0.01,,,,,,,,,,"Re-accumulating 14d, still 18.0% below P1=630.65"
JYOTICNC,BASING,52.4,C - Moderate / Watch,956.7,2026-09-16,877.8,2026-08-18,929.2,1048.0,2026-09-02,948.05,8,2026-09-03,1026.85,1,False,1.08,8.71,,,,2/9,2/3,False,,,32697.0,1315825.0,0.02,,,,,,,,,,"Re-accumulating 8d, still 8.7% below P1=1048.00"
RAMRAT,BASING,52.3,C - Moderate / Watch,517.0,2026-09-16,520.0,2026-08-26,523.7,602.45,2026-09-01,555.05,9,,,0,False,1.16,14.18,,,,4/9,3/3,False,,,3333.0,505082.0,0.01,,,,,,,,,,"Re-accumulating 9d, still 14.2% below P1=602.45"
UFLEX,BASING,52.3,C - Moderate / Watch,633.55,2026-09-16,660.5,2026-09-02,701.8,723.5,2026-09-03,671.05,8,,,0,False,0.95,12.43,,,,4/9,3/3,False,,,3923.0,408962.0,0.01,,,,,,,,,,"Re-accumulating 8d, still 12.4% below P1=723.50"
KIRLOSENG,BASING,51.4,C - Moderate / Watch,1986.7,2026-09-16,1990.8,2026-06-19,1991.5,2720.0,2026-07-22,2144.1,39,2026-08-28,2123.1,3,False,0.98,26.96,,,,2/9,2/3,False,,,20323.0,407398.0,0.05,,,,,,,,,,"Re-accumulating 39d, still 27.0% below P1=2720.00"
BFINVEST,BASING,51.4,C - Moderate / Watch,435.0,2026-09-16,472.0,2026-07-10,487.25,584.7,2026-07-24,438.5,35,2026-09-02,452.95,3,False,0.86,25.6,,,,2/9,2/3,False,,,719.0,30333.0,0.02,,,,,,,,,,"Re-accumulating 35d, still 25.6% below P1=584.70"
LANDMARK,BASING,50.4,C - Moderate / Watch,467.8,2026-09-16,467.4,2026-07-14,496.4,566.95,2026-07-16,487.5,41,2026-08-24,541.75,2,False,1.04,17.49,,,,2/9,2/3,False,,,1649.0,87090.0,0.02,,,,,,,,,,"Re-accumulating 41d, still 17.5% below P1=566.95"
GLAXO,BASING,49.4,D - Weak / Low-Quality,2815.1,2026-09-16,2697.0,2026-08-17,2702.9,3054.9,2026-08-24,2865.4,14,,,0,False,1.14,7.85,,,,2/9,2/3,False,,,217.0,183715.0,0.0,,,,,,,,,,"Re-accumulating 14d, still 7.8% below P1=3054.90"
VMART,BASING,49.4,D - Weak / Low-Quality,782.55,2026-09-16,824.45,2026-08-21,838.85,868.9,2026-08-25,840.1,13,,,0,False,0.97,9.94,,,,2/9,2/3,False,,,972.0,106981.0,0.01,,,,,,,,,,"Re-accumulating 13d, still 9.9% below P1=868.90"
SURAKSHA,BASING,49.4,D - Weak / Low-Quality,320.75,2026-09-16,324.95,2026-08-21,325.8,333.0,2026-08-25,313.1,14,,,0,False,0.92,3.68,,,,2/9,2/3,False,,,3335.0,112990.0,0.03,,,,,,,,,,"Re-accumulating 14d, still 3.7% below P1=333.00"
TMB,BASING,49.0,D - Weak / Low-Quality,896.25,2026-09-16,917.0,2026-08-31,932.6,941.85,2026-09-02,895.05,9,,,0,False,0.95,4.84,,,,4/9,2/3,False,,,12397.0,160708.0,0.08,,,,,,,,,,"Re-accumulating 9d, still 4.8% below P1=941.85"
EDELWEISS,BASING,49.0,D - Weak / Low-Quality,128.21,2026-09-16,133.9,2026-09-03,134.76,138.24,2026-09-08,127.48,6,,,0,False,1.14,7.26,,,,3/9,3/3,False,,,107862.0,9114844.0,0.01,,,,,,,,,,"Re-accumulating 6d, still 7.3% below P1=138.24"
GODREJAGRO,BASING,49.0,D - Weak / Low-Quality,642.85,2026-09-16,634.45,2026-09-01,654.4,695.6,2026-09-02,650.0,9,,,0,False,1.02,7.58,,,,4/9,2/3,False,,,4394.0,1037126.0,0.0,,,,,,,,,,"Re-accumulating 9d, still 7.6% below P1=695.60"
CYIENT,BASING,49.0,D - Weak / Low-Quality,1067.0,2026-09-16,998.8,2026-08-26,1047.7,1219.0,2026-09-07,1074.2,5,,,0,False,1.06,12.47,,,,4/9,2/3,False,,,20832.0,1716326.0,0.01,,,,,,,,,,"Re-accumulating 5d, still 12.5% below P1=1219.00"
OMAXE,BASING,49.0,D - Weak / Low-Quality,117.69,2026-09-16,108.61,2026-08-26,109.37,134.3,2026-09-01,116.1,8,,,0,False,1.34,12.37,,,,3/9,3/3,False,,,21016.0,7361942.0,0.0,,,,,,,,,,"Re-accumulating 8d, still 12.4% below P1=134.30"
ICICIBANK,BASING,48.6,D - Weak / Low-Quality,1358.5,2026-09-16,1443.9,2026-07-17,1444.3,1480.0,2026-07-24,1415.4,38,2026-08-21,1420.0,2,False,0.87,8.21,,,,1/9,1/3,False,,,148473.0,8230510.0,0.02,,,,,,,,,,"Re-accumulating 38d, still 8.2% below P1=1480.00"
MAHSEAMLES,BASING,46.7,D - Weak / Low-Quality,698.85,2026-09-16,609.5,2026-04-08,610.0,690.0,2026-05-06,625.85,94,2026-08-03,573.7,6,False,0.89,-1.28,,,,6/9,2/3,False,,,4491.0,435744.0,0.01,,,,,,,,,,"Re-accumulating 94d, still -1.3% below P1=690.00"
ASTRAMICRO,BASING,46.4,D - Weak / Low-Quality,1588.9,2026-09-16,1735.5,2026-06-30,1761.6,1871.0,2026-07-08,1773.0,50,2026-08-18,1767.4,3,False,1.09,15.08,,,,2/9,2/3,False,,,10104.0,307834.0,0.03,,,,,,,,,,"Re-accumulating 50d, still 15.1% below P1=1871.00"
PERSISTENT,BASING,46.0,D - Weak / Low-Quality,5458.5,2026-09-16,5722.0,2026-08-28,5875.0,5910.0,2026-08-31,5593.0,10,,,0,False,1.07,7.64,,,,2/9,1/3,False,,,8892.0,463116.0,0.02,,,,,,,,,,"Re-accumulating 10d, still 7.6% below P1=5910.00"
JLHL,BASING,46.0,D - Weak / Low-Quality,279.0,2026-09-16,295.78,2026-07-14,296.7,340.0,2026-08-03,310.3,29,,,0,False,1.35,17.94,,,,2/9,1/3,False,,,6227.0,130763.0,0.05,,,,,,,,,,"Re-accumulating 29d, still 17.9% below P1=340.00"
COFORGE,BASING,45.7,D - Weak / Low-Quality,1775.1,2026-09-16,1836.4,2026-08-20,1882.0,2021.2,2026-09-03,1921.8,9,,,0,False,1.09,12.18,,,,3/9,2/3,False,,,49262.0,2510466.0,0.02,,,,,,,,,,"Re-accumulating 9d, still 12.2% below P1=2021.20"
BRIGADE,BASING,45.7,D - Weak / Low-Quality,612.25,2026-09-16,671.0,2026-09-03,712.3,735.0,2026-09-08,669.0,6,,,0,False,0.97,16.7,,,,3/9,2/3,False,,,7988.0,782309.0,0.01,,,,,,,,,,"Re-accumulating 6d, still 16.7% below P1=735.00"
BEML,BASING,45.7,D - Weak / Low-Quality,1923.8,2026-09-16,2037.1,2026-09-03,2079.4,2127.0,2026-09-07,2060.7,7,,,0,False,1.06,9.55,,,,2/9,3/3,False,,,5683.0,408253.0,0.01,,,,,,,,,,"Re-accumulating 7d, still 9.6% below P1=2127.00"
RKFORGE,BASING,45.7,D - Weak / Low-Quality,686.4,2026-09-16,632.0,2026-07-29,642.25,763.5,2026-09-04,689.45,8,,,0,False,1.1,10.1,,,,3/9,2/3,False,,,20566.0,680794.0,0.03,,,,,,,,,,"Re-accumulating 8d, still 10.1% below P1=763.50"
PRECWIRE,BASING,45.7,D - Weak / Low-Quality,439.35,2026-09-16,474.9,2026-08-28,507.35,524.9,2026-09-03,471.65,8,,,0,False,0.95,16.3,,,,2/9,3/3,False,,,14335.0,1047467.0,0.01,,,,,,,,,,"Re-accumulating 8d, still 16.3% below P1=524.90"
AYMSYNTEX,BASING,45.7,D - Weak / Low-Quality,267.0,2026-09-16,281.22,2026-09-01,294.2,325.0,2026-09-04,305.1,5,,,0,False,1.05,17.85,,,,2/9,3/3,False,,,1465.0,195187.0,0.01,,,,,,,,,,"Re-accumulating 5d, still 17.8% below P1=325.00"
VIDHIING,BASING,45.7,D - Weak / Low-Quality,320.05,2026-09-16,349.9,2026-08-27,350.1,360.0,2026-09-01,345.1,8,,,0,False,0.92,11.1,,,,3/9,2/3,False,,,1334.0,48908.0,0.03,,,,,,,,,,"Re-accumulating 8d, still 11.1% below P1=360.00"
GHCLTEXTIL,BASING,45.7,D - Weak / Low-Quality,120.1,2026-09-16,129.44,2026-08-28,130.79,144.59,2026-09-09,130.73,5,,,0,False,0.97,16.94,,,,3/9,2/3,False,,,47985.0,711134.0,0.07,,,,,,,,,,"Re-accumulating 5d, still 16.9% below P1=144.59"
BANSALWIRE,BASING,44.4,D - Weak / Low-Quality,305.15,2026-09-16,331.55,2026-06-29,333.8,361.9,2026-07-02,342.1,54,,,0,False,1.05,15.68,,,,2/9,2/3,False,,,550.0,58211.0,0.01,,,,,,,,,,"Re-accumulating 54d, still 15.7% below P1=361.90"
ABB,BASING,44.0,D - Weak / Low-Quality,7016.5,2026-09-16,6554.0,2026-04-08,6565.0,7822.5,2026-04-30,7102.0,98,2026-08-25,7627.0,4,False,0.96,10.3,,,,3/9,3/3,False,,,1293.0,158009.0,0.01,,,,,,,,,,"Re-accumulating 98d, still 10.3% below P1=7822.50"
AUBANK,BASING,42.4,D - Weak / Low-Quality,1029.4,2026-09-16,1105.9,2026-08-21,1108.2,1144.1,2026-08-31,1064.3,9,,,0,False,0.96,10.03,,,,2/9,2/3,False,,,2832.0,1362325.0,0.0,,,,,,,,,,"Re-accumulating 9d, still 10.0% below P1=1144.10"
GANESHHOU,BASING,41.0,D - Weak / Low-Quality,743.05,2026-09-16,817.9,2026-07-07,845.2,887.8,2026-07-08,811.5,47,,,0,False,1.07,16.3,,,,1/9,2/3,False,,,175.0,28318.0,0.01,,,,,,,,,,"Re-accumulating 47d, still 16.3% below P1=887.80"
INDIGO,BASING,39.0,D - Weak / Low-Quality,4787.0,2026-09-16,5184.0,2026-06-24,5207.2,5476.5,2026-07-08,5094.0,49,2026-08-25,5218.0,4,False,0.94,12.59,,,,1/9,2/3,False,,,12163.0,573027.0,0.02,,,,,,,,,,"Re-accumulating 49d, still 12.6% below P1=5476.50"
VOLTAMP,BASING,36.7,D - Weak / Low-Quality,10522.0,2026-09-16,9294.0,2026-04-10,9311.5,11295.0,2026-05-06,9653.0,92,2026-09-03,11182.0,6,False,1.02,6.84,,,,3/9,2/3,False,,,847.0,38188.0,0.02,,,,,,,,,,"Re-accumulating 92d, still 6.8% below P1=11295.00"
HARSHA,BASING,36.7,D - Weak / Low-Quality,426.3,2026-09-16,418.0,2026-05-07,438.75,469.0,2026-05-11,404.0,89,2026-08-31,455.9,7,False,0.85,9.1,,,,3/9,2/3,False,,,1350.0,169590.0,0.01,,,,,,,,,,"Re-accumulating 89d, still 9.1% below P1=469.00"
LINCOLN,BASING,33.4,D - Weak / Low-Quality,604.95,2026-09-16,565.75,2026-02-12,615.8,677.0,2026-02-16,608.7,143,2026-09-02,618.35,10,False,0.97,10.64,,,,2/9,2/3,False,,,2830.0,31222.0,0.09,,,,,,,,,,"Re-accumulating 143d, still 10.6% below P1=677.00"
POWERGRID,BASING,33.3,D - Weak / Low-Quality,265.3,2026-09-16,297.65,2026-02-16,300.5,311.7,2026-03-02,289.5,136,2026-09-02,266.8,10,False,1.02,14.89,,,,3/9,1/3,False,,,38883.0,8277934.0,0.0,,,,,,,,,,"Re-accumulating 136d, still 14.9% below P1=311.70"
SANDHAR,BASING,33.3,D - Weak / Low-Quality,605.1,2026-09-16,598.0,2026-05-22,622.5,733.9,2026-06-01,653.05,76,2026-08-24,680.6,5,False,0.94,17.55,,,,1/9,3/3,False,,,4752.0,154782.0,0.03,,,,,,,,,,"Re-accumulating 76d, still 17.6% below P1=733.90"
CIEINDIA,BASING,30.0,D - Weak / Low-Quality,369.8,2026-09-16,463.95,2026-02-20,469.35,526.0,2026-02-24,484.5,137,2026-08-03,419.65,9,False,1.04,29.7,,,,1/9,2/3,False,,,11105.0,227799.0,0.05,,,,,,,,,,"Re-accumulating 137d, still 29.7% below P1=526.00"
KSB,BASING,30.0,D - Weak / Low-Quality,784.55,2026-09-16,837.6,2026-04-02,838.3,1011.5,2026-05-06,873.05,92,2026-09-01,828.2,5,False,0.84,22.44,,,,2/9,1/3,False,,,663.0,153999.0,0.0,,,,,,,,,,"Re-accumulating 92d, still 22.4% below P1=1011.50"
CAPITALSFB,BASING,30.0,D - Weak / Low-Quality,270.0,2026-09-16,285.45,2026-05-08,295.0,323.7,2026-05-12,275.0,89,2026-08-18,287.75,5,False,0.78,16.59,,,,1/9,2/3,False,,,350.0,19703.0,0.02,,,,,,,,,,"Re-accumulating 89d, still 16.6% below P1=323.70"
NRAIL,IN_RETEST,63.7,C - Moderate / Watch,653.25,2026-09-16,574.0,2026-09-04,584.0,650.0,2026-09-11,561.65,3,,,0,False,1.17,-0.5,,,,8/9,3/3,False,,,1733.0,30883.0,0.06,,,,,,,,,,Just bounced off the retest zone; too early to call re-accumulation
INNOVACAP,IN_RETEST,60.3,C - Moderate / Watch,1154.9,2026-09-16,1120.0,2026-09-03,1125.4,1200.0,2026-09-16,1124.2,0,,,0,False,0.92,3.76,,,,7/9,3/3,False,,,3709.0,87880.0,0.04,,,,,,,,,,Just bounced off the retest zone; too early to call re-accumulation
VENUSPIPES,IN_RETEST,60.3,C - Moderate / Watch,1942.2,2026-09-16,1875.0,2026-09-08,1949.9,1998.0,2026-09-10,1909.6,4,,,0,False,1.0,2.79,,,,7/9,3/3,False,,,4618.0,173791.0,0.03,,,,,,,,,,Just bounced off the retest zone; too early to call re-accumulation
WSTCSTPAPR,IN_RETEST,60.3,C - Moderate / Watch,717.35,2026-09-16,662.65,2026-09-07,687.5,699.15,2026-09-09,664.0,3,,,0,False,1.02,-2.6,,,,7/9,3/3,False,,,7644.0,287646.0,0.03,,,,,,,,,,Just bounced off the retest zone; too early to call re-accumulation
MMP,IN_RETEST,60.3,C - Moderate / Watch,457.9,2026-09-16,429.95,2026-09-08,478.5,485.0,2026-09-10,436.8,2,,,0,False,1.04,5.59,,,,7/9,3/3,False,,,720.0,131757.0,0.01,,,,,,,,,,Just bounced off the retest zone; too early to call re-accumulation
REDINGTON,IN_RETEST,57.0,C - Moderate / Watch,383.5,2026-09-16,378.8,2026-09-10,392.0,403.25,2026-09-11,384.2,3,,,0,False,0.95,4.9,,,,6/9,3/3,False,,,171614.0,6567190.0,0.03,,,,,,,,,,Just bounced off the retest zone; too early to call re-accumulation
CENTUM,IN_RETEST,57.0,C - Moderate / Watch,4061.8,2026-09-16,3968.8,2026-09-07,4376.9,4420.0,2026-09-11,4082.5,1,,,0,False,0.98,8.1,,,,6/9,3/3,False,,,928.0,98023.0,0.01,,,,,,,,,,Just bounced off the retest zone; too early to call re-accumulation
ROSSTECH,IN_RETEST,57.0,C - Moderate / Watch,1261.0,2026-09-16,1172.0,2026-09-08,1218.0,1241.7,2026-09-10,1177.1,2,,,0,False,0.99,-1.55,,,,7/9,2/3,False,,,11859.0,207417.0,0.06,,,,,,,,,,Just bounced off the retest zone; too early to call re-accumulation
VSSL,IN_RETEST,57.0,C - Moderate / Watch,391.45,2026-09-16,375.95,2026-09-10,392.0,423.85,2026-09-11,381.25,1,,,0,False,1.01,7.64,,,,6/9,3/3,False,,,11360.0,565742.0,0.02,,,,,,,,,,Just bounced off the retest zone; too early to call re-accumulation
RISHABH,IN_RETEST,57.0,C - Moderate / Watch,780.1,2026-09-16,729.85,2026-09-02,746.0,852.0,2026-09-10,793.55,2,,,0,False,1.08,8.44,,,,6/9,3/3,False,,,8726.0,439810.0,0.02,,,,,,,,,,Just bounced off the retest zone; too early to call re-accumulation
WELSPUNLIV,IN_RETEST,53.7,C - Moderate / Watch,204.14,2026-09-16,195.35,2026-08-31,196.21,216.0,2026-09-08,204.52,4,,,0,False,1.0,5.49,,,,6/9,2/3,False,,,64255.0,7606674.0,0.01,,,,,,,,,,Just bounced off the retest zone; too early to call re-accumulation
SMLMAH,IN_RETEST,53.7,C - Moderate / Watch,6066.5,2026-09-16,5987.9,2026-09-04,6298.5,6654.0,2026-09-11,6064.5,3,,,0,False,1.04,8.83,,,,5/9,3/3,False,,,4013.0,104694.0,0.04,,,,,,,,,,Just bounced off the retest zone; too early to call re-accumulation
UNIMECH,IN_RETEST,53.7,C - Moderate / Watch,1539.3,2026-09-16,1555.0,2026-09-08,1629.6,1652.8,2026-09-11,1531.0,3,,,0,False,0.98,6.87,,,,5/9,3/3,False,,,10390.0,211008.0,0.05,,,,,,,,,,Just bounced off the retest zone; too early to call re-accumulation
FILATEX,IN_RETEST,53.7,C - Moderate / Watch,81.78,2026-09-16,87.27,2026-09-11,87.41,90.9,2026-09-15,80.05,1,,,0,False,1.02,10.03,,,,5/9,3/3,False,,,136224.0,4173693.0,0.03,,,,,,,,,,Just bounced off the retest zone; too early to call re-accumulation
CONFIPET,IN_RETEST,53.7,C - Moderate / Watch,84.96,2026-09-16,88.27,2026-09-09,90.66,91.3,2026-09-11,86.95,1,,,0,False,0.98,6.94,,,,5/9,3/3,False,,,153355.0,4212258.0,0.04,,,,,,,,,,Just bounced off the retest zone; too early to call re-accumulation
KABRAEXTRU,IN_RETEST,53.7,C - Moderate / Watch,620.4,2026-09-16,625.15,2026-09-07,634.5,677.75,2026-09-09,636.15,3,,,0,False,1.13,8.46,,,,5/9,3/3,False,,,42774.0,355621.0,0.12,,,,,,,,,,Just bounced off the retest zone; too early to call re-accumulation
WINDLAS,IN_RETEST,53.7,C - Moderate / Watch,1088.0,2026-09-16,1035.9,2026-09-02,1096.6,1181.9,2026-09-08,1123.25,4,,,0,False,0.98,7.94,,,,5/9,3/3,False,,,2859.0,205377.0,0.01,,,,,,,,,,Just bounced off the retest zone; too early to call re-accumulation
ANDHRAPAP,IN_RETEST,53.7,C - Moderate / Watch,72.02,2026-09-16,70.15,2026-09-07,72.2,79.79,2026-09-09,67.5,3,,,0,False,1.15,9.74,,,,6/9,2/3,False,,,24711.0,3477327.0,0.01,,,,,,,,,,Just bounced off the retest zone; too early to call re-accumulation
NITINSPIN,IN_RETEST,50.4,C - Moderate / Watch,635.7,2026-09-16,649.55,2026-09-08,655.1,665.5,2026-09-11,636.55,1,,,0,False,0.99,4.48,,,,5/9,2/3,False,,,2004.0,343677.0,0.01,,,,,,,,,,Just bounced off the retest zone; too early to call re-accumulation
DOLPHIN,IN_RETEST,50.4,C - Moderate / Watch,648.45,2026-09-16,669.95,2026-09-04,674.0,731.0,2026-09-11,627.2,1,,,0,False,1.01,11.29,,,,5/9,2/3,False,,,553.0,101924.0,0.01,,,,,,,,,,Just bounced off the retest zone; too early to call re-accumulation
DEEPINDS,IN_RETEST,47.0,D - Weak / Low-Quality,718.0,2026-09-16,720.0,2026-09-03,744.85,825.0,2026-09-16,690.0,0,,,0,False,0.98,12.97,,,,3/9,3/3,False,,,46547.0,484701.0,0.1,,,,,,,,,,Just bounced off the retest zone; too early to call re-accumulation
IGPL,IN_RETEST,47.0,D - Weak / Low-Quality,519.0,2026-09-16,541.0,2026-09-01,548.35,590.0,2026-09-11,535.7,1,,,0,False,1.03,12.03,,,,3/9,3/3,False,,,1434.0,124058.0,0.01,,,,,,,,,,Just bounced off the retest zone; too early to call re-accumulation
SMCGLOBAL,IN_RETEST,47.0,D - Weak / Low-Quality,81.78,2026-09-16,83.59,2026-09-08,85.31,86.77,2026-09-10,82.5,4,,,0,False,1.23,5.75,,,,3/9,3/3,False,,,7022.0,2409157.0,0.0,,,,,,,,,,Just bounced off the retest zone; too early to call re-accumulation
OFSS,IN_RETEST,43.7,D - Weak / Low-Quality,11840.0,2026-09-16,11979.0,2026-08-28,12190.0,12540.0,2026-09-09,11550.0,3,,,0,False,0.91,5.58,,,,3/9,2/3,False,,,4359.0,203954.0,0.02,,,,,,,,,,Just bounced off the retest zone; too early to call re-accumulation
ASAHIINDIA,IN_RETEST,43.7,D - Weak / Low-Quality,946.8,2026-09-16,974.0,2026-09-10,976.2,993.4,2026-09-11,963.6,1,,,0,False,1.05,4.69,,,,3/9,2/3,False,,,5309.0,181199.0,0.03,,,,,,,,,,Just bounced off the retest zone; too early to call re-accumulation
SYRMA,IN_RETEST,40.4,D - Weak / Low-Quality,1484.2,2026-09-16,1543.0,2026-09-08,1639.2,1660.0,2026-09-11,1556.1,3,,,0,False,0.95,10.59,,,,2/9,2/3,False,,,56063.0,842994.0,0.07,,,,,,,,,,Just bounced off the retest zone; too early to call re-accumulation
MARINE,IN_RETEST,40.4,D - Weak / Low-Quality,378.4,2026-09-16,395.0,2026-08-28,406.8,450.0,2026-09-11,390.0,3,,,0,False,1.07,15.91,,,,2/9,2/3,False,,,37688.0,927396.0,0.04,,,,,,,,,,Just bounced off the retest zone; too early to call re-accumulation
DYCL,IN_RETEST,40.4,D - Weak / Low-Quality,432.95,2026-09-16,472.95,2026-08-28,487.6,560.0,2026-09-11,442.05,1,,,0,False,1.16,22.69,,,,2/9,2/3,False,,,15128.0,1256692.0,0.01,,,,,,,,,,Just bounced off the retest zone; too early to call re-accumulation
HUHTAMAKI,IN_RETEST,40.4,D - Weak / Low-Quality,242.6,2026-09-16,226.0,2026-07-16,232.69,307.5,2026-09-08,247.5,4,,,0,False,1.19,21.11,,,,2/9,2/3,False,,,6456.0,200637.0,0.03,,,,,,,,,,Just bounced off the retest zone; too early to call re-accumulation
LALPATHLAB,STALE_BOS2,76.3,B - Good Setup,1965.6,2026-09-16,1803.0,2026-07-27,1827.2,1894.9,2026-07-28,1790.1,25,2026-08-26,1937.3,1,False,0.91,0.0,2026-09-01,1904.4,8.0,7/9,3/3,False,,,25424.0,176941.0,0.14,,,,,,,,,,Breakout already played out (beyond recency window)
GOODLUCK,STALE_BOS2,72.3,B - Good Setup,518.7,2026-09-16,429.73,2026-05-04,433.47,491.67,2026-05-13,430.0,28,2026-06-03,447.87,2,False,1.21,0.0,2026-06-22,494.43,62.0,7/9,3/3,False,,,9375.0,692636.0,0.01,,,,,,,,,,Breakout already played out (beyond recency window)
SAKAR,STALE_BOS2,69.7,B - Good Setup,1119.95,2026-09-16,577.95,2026-04-10,589.45,639.8,2026-04-16,568.0,21,2026-05-12,569.65,1,False,1.41,0.0,2026-05-15,696.7,87.0,6/9,2/3,False,,,6259.0,178519.0,0.04,,,,,,,,,,Breakout already played out (beyond recency window)
CHENNPETRO,STALE_BOS2,69.0,B - Good Setup,1480.3,2026-09-16,1159.7,2026-06-03,1189.8,1225.0,2026-06-05,1131.6,29,2026-06-29,1153.8,2,False,1.32,0.0,2026-07-16,1240.8,44.0,6/9,3/3,False,,,46288.0,1698034.0,0.03,,,,,,,,,,Breakout already played out (beyond recency window)
RAYMOND,STALE_BOS2,69.0,B - Good Setup,1026.45,2026-09-16,617.9,2026-07-06,622.85,632.0,2026-07-08,590.6,26,2026-08-03,602.0,2,False,1.25,0.0,2026-08-13,642.0,23.0,8/9,1/3,False,,,796975.0,4328481.0,0.18,,,,,,,,,,Breakout already played out (beyond recency window)
VBL,STALE_BOS2,67.7,B - Good Setup,410.5,2026-09-16,511.65,2026-04-27,518.85,534.7,2026-05-05,499.8,13,2026-05-14,505.15,1,True,0.75,0.0,2026-05-22,539.45,83.0,3/9,2/3,False,,,22961.0,6900724.0,0.0,,,,,,,,,,Breakout already played out (beyond recency window)
COALINDIA,STALE_BOS2,66.3,B - Good Setup,419.95,2026-09-16,461.55,2026-03-12,470.1,476.0,2026-03-18,449.2,26,2026-03-30,450.45,1,False,0.89,0.0,2026-04-29,479.9,100.0,4/9,3/3,False,,,31334.0,10495013.0,0.0,,,,,,,,,,Breakout already played out (beyond recency window)
ANGELONE,STALE_BOS2,66.3,B - Good Setup,297.1,2026-09-16,334.95,2026-05-21,339.65,351.0,2026-06-02,331.9,12,2026-06-15,352.3,1,False,0.88,0.0,2026-06-18,352.8,63.0,4/9,3/3,False,,,102787.0,6143510.0,0.02,,,,,,,,,,Breakout already played out (beyond recency window)
J&KBANK,STALE_BOS2,66.3,B - Good Setup,146.11,2026-09-16,145.0,2026-06-03,148.65,158.4,2026-06-11,151.4,15,2026-07-02,164.7,1,False,1.23,0.0,2026-07-02,164.7,53.0,4/9,3/3,False,,,38626.0,1672922.0,0.02,,,,,,,,,,Breakout already played out (beyond recency window)
GANDHAR,STALE_BOS2,66.3,B - Good Setup,261.75,2026-09-16,218.0,2026-07-20,228.32,238.0,2026-07-22,228.76,29,2026-08-03,231.64,1,False,1.33,0.0,2026-09-01,261.8,9.0,4/9,3/3,False,,,45960.0,961855.0,0.05,,,,,,,,,,Breakout already played out (beyond recency window)
MACPOWER,STALE_BOS2,66.3,B - Good Setup,1860.2,2026-09-16,1578.8,2026-08-06,1581.0,1850.0,2026-08-13,1666.1,11,2026-08-28,2007.1,1,False,1.16,0.0,2026-08-28,2007.1,12.0,4/9,3/3,False,,,1478.0,42638.0,0.03,,,,,,,,,,Breakout already played out (beyond recency window)
NINSYS,STALE_BOS2,66.3,B - Good Setup,714.9,2026-09-16,757.2,2026-06-23,775.1,811.0,2026-06-25,750.0,17,2026-07-16,893.55,1,False,0.97,0.0,2026-07-20,898.2,39.0,4/9,3/3,False,,,41.0,3368.0,0.01,,,,,,,,,,Breakout already played out (beyond recency window)
SUBEXLTD,STALE_BOS2,66.3,B - Good Setup,20.65,2026-09-16,14.4,2026-08-18,16.49,17.39,2026-08-20,15.26,12,,,0,False,1.34,0.0,2026-09-08,19.23,6.0,7/9,3/3,False,,,1114670.0,11276446.0,0.1,,,,,,,,,,Breakout already played out (beyond recency window)
EMIL,STALE_BOS2,65.7,B - Good Setup,185.2,2026-09-16,129.1,2026-07-02,136.9,143.65,2026-07-08,128.51,20,2026-08-04,133.17,2,False,1.28,0.0,2026-08-05,147.56,27.0,6/9,2/3,False,,,41553.0,1968513.0,0.02,,,,,,,,,,Breakout already played out (beyond recency window)
SEAMECLTD,STALE_BOS2,65.7,B - Good Setup,1718.8,2026-09-16,1463.9,2026-04-02,1495.7,1549.9,2026-04-07,1480.2,16,2026-04-29,1571.9,2,False,0.92,0.0,2026-04-30,1592.3,95.0,5/9,3/3,False,,,1277.0,122941.0,0.01,,,,,,,,,,Breakout already played out (beyond recency window)
PFOCUS,STALE_BOS2,65.0,B - Good Setup,317.85,2026-09-16,250.0,2026-02-03,257.46,267.5,2026-02-05,254.04,30,2026-03-20,276.65,3,False,1.12,0.0,2026-03-20,276.65,121.0,6/9,3/3,False,,,23408.0,1065712.0,0.02,,,,,,,,,,Breakout already played out (beyond recency window)
NUVAMA,STALE_BOS2,63.0,C - Moderate / Watch,1675.9,2026-09-16,1779.9,2026-06-30,1806.4,1955.0,2026-07-06,1846.0,14,2026-07-21,1891.6,1,False,1.25,0.0,2026-07-24,1980.1,37.0,3/9,3/3,False,,,3557.0,276853.0,0.01,,,,,,,,,,Breakout already played out (beyond recency window)
BALAMINES,STALE_BOS2,63.0,C - Moderate / Watch,2152.3,2026-09-16,1956.0,2026-06-02,2016.1,2185.0,2026-06-05,1992.0,19,2026-06-30,2035.9,1,False,1.02,0.0,2026-07-02,2231.3,54.0,3/9,3/3,False,,,9388.0,264570.0,0.04,,,,,,,,,,Breakout already played out (beyond recency window)
BAJAJCON,STALE_BOS2,63.0,C - Moderate / Watch,506.5,2026-09-16,581.0,2026-06-09,582.2,591.9,2026-06-10,560.75,21,2026-07-01,614.55,1,False,0.96,0.0,2026-07-09,643.55,46.0,4/9,2/3,False,,,14309.0,978775.0,0.01,,,,,,,,,,Breakout already played out (beyond recency window)
JSFB,STALE_BOS2,63.0,C - Moderate / Watch,491.5,2026-09-16,521.05,2026-07-20,531.6,569.8,2026-07-24,525.0,20,2026-08-13,571.15,1,False,1.13,0.0,2026-08-21,582.35,16.0,3/9,3/3,False,,,7478.0,988590.0,0.01,,,,,,,,,,Breakout already played out (beyond recency window)
BLSE,STALE_BOS2,63.0,C - Moderate / Watch,310.95,2026-09-16,287.7,2026-07-27,288.32,293.0,2026-07-28,280.24,17,2026-08-20,321.1,1,False,0.95,0.0,2026-08-20,321.1,17.0,3/9,3/3,False,,,10294.0,362316.0,0.03,,,,,,,,,,Breakout already played out (beyond recency window)
EXICOM,STALE_BOS2,63.0,C - Moderate / Watch,169.99,2026-09-16,132.89,2026-05-21,137.91,163.2,2026-05-29,142.89,12,2026-06-15,161.57,1,False,1.16,0.0,2026-06-16,167.9,66.0,4/9,2/3,False,,,86180.0,1668567.0,0.05,,,,,,,,,,Breakout already played out (beyond recency window)
SHREEPUSHK,STALE_BOS2,62.7,C - Moderate / Watch,503.45,2026-09-16,448.0,2026-08-25,454.1,467.45,2026-08-31,440.8,5,,,0,False,1.21,0.0,2026-09-07,514.9,7.0,8/9,3/3,False,,,3711.0,145652.0,0.03,,,,,,,,,,Breakout already played out (beyond recency window)
YUKEN,STALE_BOS2,62.7,C - Moderate / Watch,1071.65,2026-09-16,827.4,2026-08-12,846.2,869.0,2026-08-17,812.0,9,2026-08-28,993.4,1,False,1.32,0.0,2026-08-28,993.4,10.0,6/9,2/3,False,,,647.0,28762.0,0.02,,,,,,,,,,Breakout already played out (beyond recency window)
XPROINDIA,STALE_BOS2,62.3,C - Moderate / Watch,1246.0,2026-09-16,1233.0,2026-06-16,1393.8,1492.9,2026-06-19,1288.2,30,2026-07-31,1500.4,2,False,0.91,0.0,2026-07-31,1500.4,31.0,4/9,3/3,False,,,364.0,166351.0,0.0,,,,,,,,,,Breakout already played out (beyond recency window)
GNA,STALE_BOS2,62.3,C - Moderate / Watch,537.45,2026-09-16,482.0,2026-07-13,529.25,578.0,2026-07-17,524.65,22,2026-08-18,581.5,2,False,1.11,0.0,2026-08-18,581.5,18.0,4/9,3/3,False,,,3483.0,305512.0,0.01,,,,,,,,,,Breakout already played out (beyond recency window)
PREMEXPLN,STALE_BOS2,61.7,C - Moderate / Watch,667.0,2026-09-16,614.4,2026-05-25,714.6,779.5,2026-05-29,675.0,21,2026-06-29,808.5,3,False,0.79,0.0,2026-06-29,808.5,54.0,5/9,3/3,False,,,15789.0,230222.0,0.07,,,,,,,,,,Breakout already played out (beyond recency window)
MEDANTA,STALE_BOS2,59.7,C - Moderate / Watch,1417.0,2026-09-16,1369.7,2026-07-23,1378.2,1475.8,2026-08-05,1405.1,16,2026-08-26,1458.9,1,False,1.22,0.0,2026-08-27,1508.9,11.0,2/9,3/3,False,,,1812.0,282701.0,0.01,,,,,,,,,,Breakout already played out (beyond recency window)
NH,STALE_BOS2,59.7,C - Moderate / Watch,1865.1,2026-09-16,2002.3,2026-07-03,2002.8,2049.5,2026-07-08,1957.0,14,2026-07-27,2054.0,1,False,0.88,0.0,2026-07-28,2072.8,35.0,2/9,3/3,False,,,6577.0,213349.0,0.03,,,,,,,,,,Breakout already played out (beyond recency window)
CGCL,STALE_BOS2,59.7,C - Moderate / Watch,257.45,2026-09-16,225.99,2026-06-30,227.66,246.95,2026-07-08,234.1,35,,,0,False,1.45,0.0,2026-08-26,256.35,13.0,5/9,3/3,False,,,112749.0,7627840.0,0.01,,,,,,,,,,Breakout already played out (beyond recency window)
INDGN,STALE_BOS2,59.7,C - Moderate / Watch,572.45,2026-09-16,554.0,2026-08-07,554.45,583.6,2026-08-14,552.05,11,2026-08-28,578.95,1,False,0.86,0.0,2026-08-31,611.65,10.0,3/9,2/3,False,,,7590.0,676834.0,0.01,,,,,,,,,,Breakout already played out (beyond recency window)
SPARC,STALE_BOS2,59.7,C - Moderate / Watch,188.8,2026-09-16,182.59,2026-05-20,183.68,189.29,2026-05-22,179.82,23,2026-06-03,208.5,1,False,1.09,0.0,2026-06-24,226.86,60.0,2/9,3/3,False,,,19390.0,830866.0,0.02,,,,,,,,,,Breakout already played out (beyond recency window)
OPTIEMUS,STALE_BOS2,59.7,C - Moderate / Watch,593.6,2026-09-16,517.85,2026-07-03,521.55,538.75,2026-07-07,512.1,11,,,0,False,1.09,0.0,2026-07-22,615.45,39.0,6/9,2/3,False,,,16111.0,337368.0,0.05,,,,,,,,,,Breakout already played out (beyond recency window)
AGIIL,STALE_BOS2,59.7,C - Moderate / Watch,264.0,2026-09-16,322.4,2026-04-08,339.75,386.7,2026-04-13,352.0,11,2026-04-29,393.95,1,False,0.87,0.0,2026-04-29,393.95,98.0,2/9,3/3,False,,,21226.0,1143963.0,0.02,,,,,,,,,,Breakout already played out (beyond recency window)
SANGHVIMOV,STALE_BOS2,59.7,C - Moderate / Watch,403.85,2026-09-16,442.6,2026-07-02,454.25,471.9,2026-07-07,440.0,24,2026-07-20,436.65,1,False,1.21,0.0,2026-08-10,511.4,25.0,3/9,2/3,False,,,8574.0,306224.0,0.03,,,,,,,,,,Breakout already played out (beyond recency window)
MAYURUNIQ,STALE_BOS2,59.7,C - Moderate / Watch,745.35,2026-09-16,648.0,2026-05-20,692.25,738.3,2026-05-22,682.0,12,2026-06-09,798.85,1,False,1.13,0.0,2026-06-09,798.85,68.0,2/9,3/3,False,,,1575.0,99415.0,0.02,,,,,,,,,,Breakout already played out (beyond recency window)
ADVENZYMES,STALE_BOS2,59.7,C - Moderate / Watch,288.55,2026-09-16,353.3,2026-05-04,353.65,372.0,2026-05-11,374.85,31,2026-05-19,386.3,1,False,1.14,0.0,2026-06-23,374.4,58.0,3/9,2/3,False,,,5886.0,209898.0,0.03,,,,,,,,,,Breakout already played out (beyond recency window)
TORNTPOWER,STALE_BOS2,59.4,C - Moderate / Watch,1301.2,2026-09-16,1411.9,2026-02-05,1417.6,1506.0,2026-02-11,1385.1,5,2026-02-17,1486.4,1,False,1.27,0.0,2026-02-18,1527.9,142.0,5/9,2/3,False,,,1367.0,443838.0,0.0,,,,,,,,,,Breakout already played out (beyond recency window)
QUADFUTURE,STALE_BOS2,59.4,C - Moderate / Watch,484.8,2026-09-16,369.7,2026-06-15,379.9,424.5,2026-06-19,404.05,46,2026-08-21,405.35,4,False,1.19,0.0,2026-08-24,447.3,17.0,8/9,2/3,False,,,126984.0,2936410.0,0.04,,,,,,,,,,Breakout already played out (beyond recency window)
HATSUN,STALE_BOS2,59.3,C - Moderate / Watch,1263.0,2026-09-16,1023.95,2026-08-24,1044.5,1067.4,2026-08-26,1017.8,5,,,0,False,1.3,0.0,2026-09-02,1193.6,10.0,7/9,3/3,False,,,3027.0,147334.0,0.02,,,,,,,,,,Breakout already played out (beyond recency window)
GESHIP,STALE_BOS2,59.3,C - Moderate / Watch,1389.7,2026-09-16,1509.0,2026-04-29,1554.6,1600.0,2026-05-05,1514.8,9,2026-05-18,1696.5,1,False,1.03,0.0,2026-05-18,1696.5,87.0,4/9,3/3,False,,,10862.0,870109.0,0.01,,,,,,,,,,Breakout already played out (beyond recency window)
AXISCADES,STALE_BOS2,59.3,C - Moderate / Watch,1711.7,2026-09-16,1751.9,2026-04-16,1797.4,1919.0,2026-04-21,1845.1,9,2026-04-30,2008.5,1,False,1.01,0.0,2026-05-04,2054.8,94.0,4/9,3/3,False,,,2352.0,168121.0,0.01,,,,,,,,,,Breakout already played out (beyond recency window)
ENTERO,STALE_BOS2,59.3,C - Moderate / Watch,1783.7,2026-09-16,1390.0,2026-08-11,1427.2,1467.8,2026-08-19,1380.6,6,2026-08-21,1423.6,1,False,1.14,0.0,2026-08-27,1753.5,12.0,4/9,3/3,False,,,5894.0,409145.0,0.01,,,,,,,,,,Breakout already played out (beyond recency window)
ABCAPITAL,STALE_BOS2,59.0,C - Moderate / Watch,383.7,2026-09-16,377.25,2026-06-22,391.95,399.35,2026-06-29,384.05,24,2026-07-27,400.45,2,False,0.91,0.0,2026-07-31,404.3,32.0,3/9,3/3,False,,,14603.0,2647855.0,0.01,,,,,,,,,,Breakout already played out (beyond recency window)
MRPL,STALE_BOS2,59.0,C - Moderate / Watch,168.12,2026-09-16,185.0,2026-02-06,185.25,197.0,2026-02-16,182.5,13,2026-03-05,196.24,2,False,0.97,0.0,2026-03-06,206.55,134.0,3/9,3/3,False,,,169220.0,9673566.0,0.02,,,,,,,,,,Breakout already played out (beyond recency window)
TIMKEN,STALE_BOS2,59.0,C - Moderate / Watch,3145.9,2026-09-16,3356.0,2026-02-26,3358.2,3500.0,2026-03-04,3172.1,26,2026-03-25,3308.9,2,False,1.14,0.0,2026-04-15,3571.2,108.0,4/9,2/3,False,,,1183.0,33334.0,0.04,,,,,,,,,,Breakout already played out (beyond recency window)
GOLDIAM,STALE_BOS2,59.0,C - Moderate / Watch,328.0,2026-09-16,336.49,2026-06-12,359.1,369.0,2026-06-16,347.48,18,2026-07-10,378.0,2,False,0.94,0.0,2026-07-10,378.0,47.0,3/9,3/3,False,,,43925.0,385164.0,0.11,,,,,,,,,,Breakout already played out (beyond recency window)
GUFICBIO,STALE_BOS2,59.0,C - Moderate / Watch,422.7,2026-09-16,360.0,2026-06-03,361.95,373.9,2026-06-04,350.5,17,2026-06-23,370.25,2,False,1.11,0.0,2026-06-29,386.3,54.0,4/9,2/3,False,,,697.0,126296.0,0.01,,,,,,,,,,Breakout already played out (beyond recency window)
RANEHOLDIN,STALE_BOS2,59.0,C - Moderate / Watch,1660.7,2026-09-16,1584.0,2026-06-17,1610.6,1795.0,2026-06-24,1571.0,28,2026-07-27,1762.7,2,False,0.88,0.0,2026-08-03,1872.6,32.0,5/9,1/3,False,,,59.0,16147.0,0.0,,,,,,,,,,Breakout already played out (beyond recency window)
IZMO,STALE_BOS2,59.0,C - Moderate / Watch,889.35,2026-09-16,923.35,2026-06-08,963.25,1011.4,2026-06-11,896.15,23,2026-07-10,1009.9,2,False,1.3,0.0,2026-07-14,1072.3,43.0,3/9,3/3,False,,,4005.0,142723.0,0.03,,,,,,,,,,Breakout already played out (beyond recency window)
BHAGYANGR,STALE_BOS2,58.4,C - Moderate / Watch,406.45,2026-09-16,351.9,2026-06-17,359.5,415.2,2026-06-25,357.2,22,2026-07-16,389.95,3,False,1.08,0.0,2026-07-27,426.7,36.0,5/9,2/3,False,,,8989.0,158999.0,0.06,,,,,,,,,,Breakout already played out (beyond recency window)
ADANIPORTS,STALE_BOS2,58.3,C - Moderate / Watch,1729.6,2026-09-16,1584.0,2026-04-21,1594.1,1792.0,2026-05-12,1683.2,21,2026-06-05,1824.2,3,False,0.84,0.0,2026-06-10,1821.2,69.0,4/9,3/3,False,,,18252.0,2340676.0,0.01,,,,,,,,,,Breakout already played out (beyond recency window)
ICIL,STALE_BOS2,58.0,C - Moderate / Watch,430.95,2026-09-16,360.4,2026-06-18,405.85,410.5,2026-06-19,383.75,42,2026-07-21,396.55,1,False,1.14,0.0,2026-08-18,437.7,20.0,3/9,3/3,False,,,13840.0,803749.0,0.02,,,,,,,,,,Breakout already played out (beyond recency window)
METROPOLIS,STALE_BOS2,56.7,C - Moderate / Watch,579.75,2026-09-16,529.58,2026-05-08,549.5,574.9,2026-05-11,544.0,57,2026-07-28,585.5,3,False,1.05,0.0,2026-07-29,591.6,32.0,6/9,2/3,False,,,7339.0,278962.0,0.03,,,,,,,,,,Breakout already played out (beyond recency window)
IOC,STALE_BOS2,56.4,C - Moderate / Watch,132.81,2026-09-16,174.5,2026-02-05,175.77,180.9,2026-02-09,175.0,12,2026-02-18,178.74,1,False,1.02,0.0,2026-02-25,183.03,140.0,2/9,2/3,False,,,136211.0,6580313.0,0.02,,,,,,,,,,Breakout already played out (beyond recency window)
JSWINFRA,STALE_BOS2,56.4,C - Moderate / Watch,325.95,2026-09-16,295.8,2026-06-17,299.3,343.45,2026-06-29,318.1,10,2026-07-09,323.9,1,False,1.04,0.0,2026-07-13,351.2,47.0,2/9,2/3,False,,,41564.0,2078256.0,0.02,,,,,,,,,,Breakout already played out (beyond recency window)
IIFL,STALE_BOS2,56.4,C - Moderate / Watch,580.15,2026-09-16,623.0,2026-08-10,625.9,641.65,2026-08-19,617.4,13,2026-08-21,679.8,1,False,1.32,0.0,2026-09-07,654.05,7.0,2/9,2/3,False,,,22991.0,3448693.0,0.01,,,,,,,,,,Breakout already played out (beyond recency window)
KMEW,STALE_BOS2,56.4,C - Moderate / Watch,2686.0,2026-09-16,2408.8,2026-07-10,2412.7,2465.0,2026-07-14,2330.1,11,2026-07-28,2516.0,1,False,0.97,0.0,2026-07-29,2679.8,35.0,2/9,2/3,False,,,3997.0,84804.0,0.05,,,,,,,,,,Breakout already played out (beyond recency window)
SENORES,STALE_BOS2,56.4,C - Moderate / Watch,1415.3,2026-09-16,1360.0,2026-07-03,1381.9,1408.0,2026-07-06,1313.6,25,2026-08-03,1355.3,1,False,1.07,0.0,2026-08-10,1422.2,27.0,2/9,2/3,False,,,2048.0,195246.0,0.01,,,,,,,,,,Breakout already played out (beyond recency window)
SASKEN,STALE_BOS2,56.4,C - Moderate / Watch,1722.4,2026-09-16,1959.0,2026-05-26,2006.5,2358.7,2026-06-03,2154.8,12,2026-06-17,2407.2,1,False,1.0,0.0,2026-06-19,2586.1,60.0,2/9,2/3,False,,,1245.0,15998.0,0.08,,,,,,,,,,Breakout already played out (beyond recency window)
CNL,STALE_BOS2,56.4,C - Moderate / Watch,1063.8,2026-09-16,1080.25,2026-08-05,1131.65,1145.0,2026-08-06,1062.0,17,2026-08-31,1279.6,1,False,0.97,0.0,2026-08-31,1279.6,9.0,2/9,2/3,False,,,1153.0,35620.0,0.03,,,,,,,,,,Breakout already played out (beyond recency window)
DHANBANK,STALE_BOS2,56.4,C - Moderate / Watch,29.96,2026-09-16,27.98,2026-04-28,31.82,33.49,2026-04-30,29.66,24,2026-05-21,34.42,1,False,0.97,0.0,2026-06-03,33.99,73.0,2/9,2/3,False,,,10670.0,592271.0,0.02,,,,,,,,,,Breakout already played out (beyond recency window)
GVT&D,STALE_BOS2,56.3,C - Moderate / Watch,4215.4,2026-09-16,4849.0,2026-05-22,4849.5,4945.9,2026-05-26,4776.0,18,2026-06-03,4964.5,1,False,0.99,0.0,2026-06-19,5533.5,63.0,1/9,3/3,False,,,9141.0,962257.0,0.01,,,,,,,,,,Breakout already played out (beyond recency window)
THERMAX,STALE_BOS2,56.3,C - Moderate / Watch,3506.2,2026-09-16,4880.0,2026-05-29,4982.7,5075.0,2026-06-01,4800.0,20,2026-06-12,4726.3,1,False,0.92,0.0,2026-06-29,5125.1,57.0,1/9,3/3,False,,,3078.0,101929.0,0.03,,,,,,,,,,Breakout already played out (beyond recency window)
THANGAMAYL,STALE_BOS2,56.3,C - Moderate / Watch,4857.0,2026-09-16,5764.2,2026-06-29,5875.1,6572.0,2026-07-02,5750.5,15,2026-07-23,6871.0,1,False,1.08,0.0,2026-07-23,6871.0,39.0,1/9,3/3,False,,,1861.0,85607.0,0.02,,,,,,,,,,Breakout already played out (beyond recency window)
SFL,STALE_BOS2,56.3,C - Moderate / Watch,675.35,2026-09-16,724.95,2026-06-22,741.75,755.8,2026-06-24,710.3,13,2026-07-13,806.95,1,False,1.1,0.0,2026-07-13,806.95,46.0,3/9,1/3,False,,,3276.0,274899.0,0.01,,,,,,,,,,Breakout already played out (beyond recency window)
WABAG,STALE_BOS2,56.0,C - Moderate / Watch,2071.4,2026-09-16,1584.9,2026-06-05,1600.4,1609.9,2026-06-08,1530.1,5,2026-06-12,1577.8,1,False,1.69,0.0,2026-06-15,1629.1,67.0,4/9,2/3,False,,,31120.0,826864.0,0.04,,,,,,,,,,Breakout already played out (beyond recency window)
DYNAMATECH,STALE_BOS2,56.0,C - Moderate / Watch,11928.0,2026-09-16,10950.0,2026-04-22,11541.0,12240.0,2026-04-27,11561.0,6,,,0,False,0.95,0.0,2026-05-06,12383.0,95.0,6/9,3/3,False,,,423.0,14548.0,0.03,,,,,,,,,,Breakout already played out (beyond recency window)
CEIGALL,STALE_BOS2,56.0,C - Moderate / Watch,378.35,2026-09-16,312.45,2026-04-21,322.5,335.0,2026-04-24,322.0,5,,,0,False,1.25,0.0,2026-05-04,342.05,95.0,6/9,3/3,False,,,5043.0,777322.0,0.01,,,,,,,,,,Breakout already played out (beyond recency window)
NELCO,STALE_BOS2,56.0,C - Moderate / Watch,932.0,2026-09-16,993.8,2026-07-31,1015.65,1026.0,2026-08-05,975.0,6,2026-08-13,1047.5,1,False,1.03,0.0,2026-08-13,1047.5,23.0,3/9,3/3,False,,,9690.0,336701.0,0.03,,,,,,,,,,Breakout already played out (beyond recency window)
ASIANENE,STALE_BOS2,56.0,C - Moderate / Watch,486.45,2026-09-16,420.0,2026-08-17,425.25,491.0,2026-08-25,448.6,9,2026-08-26,478.55,1,False,1.11,0.0,2026-09-08,553.55,6.0,3/9,3/3,False,,,21755.0,592523.0,0.04,,,,,,,,,,Breakout already played out (beyond recency window)
WELCORP,STALE_BOS2,55.7,C - Moderate / Watch,2403.8,2026-09-16,1539.0,2026-07-06,1543.6,1698.8,2026-07-17,1576.0,14,2026-07-28,1643.1,2,False,1.33,0.0,2026-08-06,1819.6,29.0,2/9,3/3,False,,,28929.0,3262473.0,0.01,,,,,,,,,,Breakout already played out (beyond recency window)
HSCL,STALE_BOS2,55.7,C - Moderate / Watch,641.7,2026-09-16,654.45,2026-06-05,685.05,698.0,2026-06-08,633.8,28,2026-07-09,650.05,2,False,0.95,0.0,2026-07-16,722.35,44.0,2/9,3/3,False,,,62403.0,6005327.0,0.01,,,,,,,,,,Breakout already played out (beyond recency window)
SUVEN,STALE_BOS2,55.7,C - Moderate / Watch,333.8,2026-09-16,297.95,2026-07-03,327.6,336.0,2026-07-07,308.5,32,2026-08-20,373.6,2,False,1.11,0.0,2026-08-20,373.6,16.0,2/9,3/3,False,,,14803.0,882524.0,0.02,,,,,,,,,,Breakout already played out (beyond recency window)
PGHL,STALE_BOS2,55.7,C - Moderate / Watch,5432.0,2026-09-16,5917.0,2026-05-27,6247.5,6700.0,2026-06-02,5921.5,28,2026-07-09,6612.0,2,False,0.78,0.0,2026-07-10,6839.0,45.0,3/9,2/3,False,,,173.0,10010.0,0.02,,,,,,,,,,Breakout already played out (beyond recency window)
SPORTKING,STALE_BOS2,55.7,C - Moderate / Watch,203.1,2026-09-16,209.9,2026-07-24,213.74,218.9,2026-07-30,194.4,18,2026-08-18,214.34,2,False,1.21,0.0,2026-08-25,228.26,13.0,3/9,2/3,False,,,10682.0,401699.0,0.03,,,,,,,,,,Breakout already played out (beyond recency window)
JGCHEM,STALE_BOS2,55.7,C - Moderate / Watch,567.25,2026-09-16,527.0,2026-08-05,548.25,560.0,2026-08-07,534.55,15,2026-08-28,651.3,2,False,1.45,0.0,2026-08-28,651.3,11.0,2/9,3/3,False,,,5388.0,620185.0,0.01,,,,,,,,,,Breakout already played out (beyond recency window)
PARACABLES,STALE_BOS2,55.7,C - Moderate / Watch,61.65,2026-09-16,61.07,2026-05-25,65.35,69.78,2026-05-27,64.61,17,2026-06-16,66.73,2,False,0.93,0.0,2026-06-19,73.06,63.0,3/9,2/3,False,,,42629.0,1906210.0,0.02,,,,,,,,,,Breakout already played out (beyond recency window)
SKMEGGPROD,STALE_BOS2,55.7,C - Moderate / Watch,233.4,2026-09-16,227.38,2026-06-02,232.77,247.9,2026-06-04,231.0,14,2026-06-22,248.59,2,False,1.24,0.0,2026-06-24,268.0,58.0,2/9,3/3,False,,,5247.0,254086.0,0.02,,,,,,,,,,Breakout already played out (beyond recency window)
JASH,STALE_BOS2,55.6,C - Moderate / Watch,495.4,2026-09-16,457.85,2026-06-12,466.55,514.8,2026-06-17,480.6,17,2026-07-09,511.35,2,False,1.01,0.0,2026-07-10,532.75,45.0,4/9,1/3,False,,,2797.0,104302.0,0.03,,,,,,,,,,Breakout already played out (beyond recency window)
STOVEKRAFT,STALE_BOS2,55.6,C - Moderate / Watch,815.2,2026-09-16,681.0,2026-06-18,687.75,800.0,2026-07-23,733.65,12,2026-08-06,800.2,2,False,1.22,0.0,2026-08-10,808.85,24.0,4/9,1/3,False,,,2056.0,158598.0,0.01,,,,,,,,,,Breakout already played out (beyond recency window)
LUPIN,STALE_BOS2,55.0,C - Moderate / Watch,2070.7,2026-09-16,2263.0,2026-02-25,2292.2,2377.6,2026-03-12,2306.0,35,2026-05-04,2348.8,3,False,1.1,0.0,2026-05-06,2442.9,95.0,3/9,3/3,False,,,21906.0,661208.0,0.03,,,,,,,,,,Breakout already played out (beyond recency window)
BANDHANBNK,STALE_BOS2,55.0,C - Moderate / Watch,172.7,2026-09-16,190.23,2026-04-29,198.3,212.66,2026-05-05,204.1,30,2026-06-12,204.6,3,False,0.84,0.0,2026-06-16,216.74,66.0,3/9,3/3,False,,,160636.0,7872572.0,0.02,,,,,,,,,,Breakout already played out (beyond recency window)
INGERRAND,STALE_BOS2,55.0,C - Moderate / Watch,4349.9,2026-09-16,4605.0,2026-06-18,4714.1,4756.2,2026-07-03,4325.0,40,2026-08-28,4860.2,3,False,0.89,0.0,2026-08-28,4860.2,13.0,3/9,3/3,False,,,843.0,26525.0,0.03,,,,,,,,,,Breakout already played out (beyond recency window)
BAJAJ-AUTO,STALE_BOS2,54.0,C - Moderate / Watch,11458.0,2026-09-16,10187.0,2026-05-06,10319.0,10785.0,2026-05-13,10220.0,50,2026-06-17,10042.0,2,False,0.89,0.0,2026-07-22,10998.5,40.0,3/9,3/3,False,,,984.0,202001.0,0.0,,,,,,,,,,Breakout already played out (beyond recency window)
CARYSIL,STALE_BOS2,53.3,C - Moderate / Watch,1126.6,2026-09-16,1171.6,2026-06-10,1191.9,1222.9,2026-06-12,1164.5,41,2026-07-28,1152.2,3,False,0.85,0.0,2026-08-10,1251.7,25.0,4/9,3/3,False,,,2074.0,81990.0,0.03,,,,,,,,,,Breakout already played out (beyond recency window)
STEL,STALE_BOS2,53.3,C - Moderate / Watch,597.05,2026-09-16,589.4,2026-06-15,616.6,657.3,2026-06-18,571.55,52,2026-08-13,560.4,3,False,0.97,0.0,2026-08-31,661.2,9.0,4/9,3/3,False,,,4.0,5495.0,0.0,,,,,,,,,,Breakout already played out (beyond recency window)
POWERINDIA,STALE_BOS2,53.0,C - Moderate / Watch,30090.0,2026-09-16,23140.0,2026-02-18,23569.0,23717.0,2026-02-20,22700.0,11,2026-03-05,25305.0,1,False,1.42,0.0,2026-03-10,25225.0,129.0,1/9,2/3,False,,,1609.0,83824.0,0.02,,,,,,,,,,Breakout already played out (beyond recency window)
LINDEINDIA,STALE_BOS2,53.0,C - Moderate / Watch,6056.5,2026-09-16,6600.0,2026-02-13,6900.0,6980.0,2026-02-24,6556.0,11,2026-03-12,7189.5,1,False,1.11,0.0,2026-03-12,7189.5,129.0,1/9,2/3,False,,,615.0,20097.0,0.03,,,,,,,,,,Breakout already played out (beyond recency window)
KICL,STALE_BOS2,53.0,C - Moderate / Watch,4820.0,2026-09-16,5360.0,2026-06-22,5391.5,5557.5,2026-06-29,5210.0,10,2026-07-03,5459.0,1,False,1.06,0.0,2026-07-13,5679.5,44.0,1/9,2/3,False,,,49.0,819.0,0.06,,,,,,,,,,Breakout already played out (beyond recency window)
GULPOLY,STALE_BOS2,53.0,C - Moderate / Watch,169.88,2026-09-16,177.18,2026-04-17,181.12,184.75,2026-04-21,173.45,13,2026-04-29,181.95,1,False,1.14,0.0,2026-05-08,187.53,91.0,1/9,2/3,False,,,12738.0,213584.0,0.06,,,,,,,,,,Breakout already played out (beyond recency window)
JPOLYINVST,STALE_BOS2,53.0,C - Moderate / Watch,972.05,2026-09-16,1184.9,2026-02-17,1228.1,1283.95,2026-02-18,1193.9,12,,,0,False,0.93,0.0,2026-03-09,1315.0,129.0,3/9,3/3,False,,,377.0,14576.0,0.03,,,,,,,,,,Breakout already played out (beyond recency window)
DMART,STALE_BOS2,52.7,C - Moderate / Watch,3692.5,2026-09-16,4393.7,2026-04-06,4551.3,4562.6,2026-04-09,4322.3,5,2026-04-17,4628.5,1,False,0.76,0.0,2026-04-17,4628.5,108.0,3/9,2/3,False,,,2063.0,419283.0,0.0,,,,,,,,,,Breakout already played out (beyond recency window)
DIVISLAB,STALE_BOS2,52.7,C - Moderate / Watch,9143.0,2026-09-16,8674.0,2026-08-25,8744.5,9467.0,2026-09-01,9087.0,5,,,0,False,1.11,0.0,2026-09-08,9575.0,6.0,5/9,3/3,False,,,2763.0,424233.0,0.01,,,,,,,,,,Breakout already played out (beyond recency window)
SOLARINDS,STALE_BOS2,52.7,C - Moderate / Watch,19230.0,2026-09-16,19187.0,2026-08-13,20324.0,20422.0,2026-08-20,19190.0,5,2026-08-21,19900.0,1,False,0.99,0.0,2026-08-27,20580.0,14.0,2/9,3/3,False,,,13264.0,186804.0,0.07,,,,,,,,,,Breakout already played out (beyond recency window)
IFCI,STALE_BOS2,52.7,C - Moderate / Watch,76.42,2026-09-16,68.13,2026-05-27,68.38,71.45,2026-06-02,66.61,8,2026-06-12,84.57,1,False,1.52,0.0,2026-06-12,84.57,68.0,2/9,3/3,False,,,3190925.0,115463236.0,0.03,,,,,,,,,,Breakout already played out (beyond recency window)
HAPPYFORGE,STALE_BOS2,52.7,C - Moderate / Watch,2105.9,2026-09-16,1636.5,2026-07-27,1650.7,1666.0,2026-07-29,1620.9,5,2026-08-05,1817.0,1,False,1.5,0.0,2026-08-05,1817.0,28.0,3/9,2/3,False,,,1360.0,92061.0,0.01,,,,,,,,,,Breakout already played out (beyond recency window)
ARVIND,STALE_BOS2,52.7,C - Moderate / Watch,553.3,2026-09-16,514.85,2026-06-19,516.6,525.0,2026-06-23,508.7,5,,,0,False,1.13,0.0,2026-06-30,587.1,54.0,5/9,3/3,False,,,21716.0,730845.0,0.03,,,,,,,,,,Breakout already played out (beyond recency window)
CCL,STALE_BOS2,52.7,C - Moderate / Watch,1063.9,2026-09-16,1074.4,2026-03-20,1087.6,1105.0,2026-03-23,1042.2,7,2026-04-01,1082.3,1,False,1.05,0.0,2026-04-06,1116.9,113.0,2/9,3/3,False,,,5466.0,150218.0,0.04,,,,,,,,,,Breakout already played out (beyond recency window)
APOLLO,STALE_BOS2,52.7,C - Moderate / Watch,380.4,2026-09-16,337.8,2026-05-19,340.7,369.4,2026-05-22,347.6,7,2026-06-02,437.0,1,False,0.92,0.0,2026-06-02,437.0,76.0,2/9,3/3,False,,,387232.0,5844675.0,0.07,,,,,,,,,,Breakout already played out (beyond recency window)
WELENT,STALE_BOS2,52.7,C - Moderate / Watch,740.4,2026-09-16,653.7,2026-08-25,661.0,700.0,2026-08-28,661.6,5,,,0,False,1.22,0.0,2026-09-04,813.6,6.0,5/9,3/3,False,,,18401.0,873693.0,0.02,,,,,,,,,,Breakout already played out (beyond recency window)
DCBBANK,STALE_BOS2,52.7,C - Moderate / Watch,222.58,2026-09-16,205.9,2026-08-25,207.37,220.5,2026-08-31,211.0,6,,,0,False,0.99,0.0,2026-09-08,229.55,6.0,5/9,3/3,False,,,22541.0,3422653.0,0.01,,,,,,,,,,Breakout already played out (beyond recency window)
JINDWORLD,STALE_BOS2,52.7,C - Moderate / Watch,49.71,2026-09-16,35.22,2026-07-21,37.64,39.39,2026-07-24,33.34,6,,,0,False,1.2,0.0,2026-08-03,40.41,32.0,6/9,2/3,False,,,326206.0,35576113.0,0.01,,,,,,,,,,Breakout already played out (beyond recency window)
KAPSTON,STALE_BOS2,52.7,C - Moderate / Watch,561.85,2026-09-16,439.0,2026-07-21,451.95,469.0,2026-07-28,448.0,5,,,0,False,1.32,0.0,2026-08-04,533.75,28.0,5/9,3/3,False,,,1704.0,79801.0,0.02,,,,,,,,,,Breakout already played out (beyond recency window)
CUMMINSIND,STALE_BOS2,52.4,C - Moderate / Watch,4895.0,2026-09-16,5324.8,2026-05-07,5403.0,5470.5,2026-05-12,5147.5,11,2026-05-27,6027.5,2,False,1.1,0.0,2026-05-27,6027.5,77.0,2/9,2/3,False,,,5752.0,442345.0,0.01,,,,,,,,,,Breakout already played out (beyond recency window)
TRITURBINE,STALE_BOS2,52.4,C - Moderate / Watch,542.5,2026-09-16,559.85,2026-04-20,576.2,605.95,2026-04-21,557.05,20,2026-05-14,578.55,2,False,1.03,0.0,2026-05-19,638.05,83.0,2/9,2/3,False,,,12538.0,526337.0,0.02,,,,,,,,,,Breakout already played out (beyond recency window)
MIDHANI,STALE_BOS2,52.4,C - Moderate / Watch,405.5,2026-09-16,404.3,2026-05-07,413.7,438.7,2026-05-12,387.45,17,2026-05-22,413.2,2,False,1.06,0.0,2026-06-04,443.25,73.0,2/9,2/3,False,,,55943.0,2841036.0,0.02,,,,,,,,,,Breakout already played out (beyond recency window)
SIS,STALE_BOS2,52.4,C - Moderate / Watch,415.45,2026-09-16,369.9,2026-05-04,400.5,418.85,2026-05-06,387.75,21,2026-05-29,402.8,2,False,0.85,0.0,2026-06-04,424.0,71.0,2/9,2/3,False,,,766.0,285551.0,0.0,,,,,,,,,,Breakout already played out (beyond recency window)
MOREPENLAB,STALE_BOS2,52.4,C - Moderate / Watch,103.9,2026-09-16,54.2,2026-06-29,54.66,63.4,2026-07-06,58.62,21,2026-07-27,56.66,2,False,1.67,0.0,2026-08-04,69.18,31.0,2/9,2/3,False,,,1003210.0,20755870.0,0.05,,,,,,,,,,Breakout already played out (beyond recency window)
KERNEX,STALE_BOS2,52.4,C - Moderate / Watch,1662.9,2026-09-16,2145.0,2026-06-30,2159.9,2445.0,2026-07-08,1987.0,20,2026-07-20,2120.1,2,False,1.31,0.0,2026-08-05,2549.2,27.0,2/9,2/3,False,,,9242.0,387934.0,0.02,,,,,,,,,,Breakout already played out (beyond recency window)
ADFFOODS,STALE_BOS2,52.4,C - Moderate / Watch,261.4,2026-09-16,237.6,2026-04-23,249.08,280.98,2026-04-30,257.22,16,2026-05-19,269.15,2,False,0.97,0.0,2026-05-22,283.25,80.0,2/9,2/3,False,,,1627.0,115983.0,0.01,,,,,,,,,,Breakout already played out (beyond recency window)
PPLPHARMA,STALE_BOS2,52.3,C - Moderate / Watch,204.8,2026-09-16,202.26,2026-08-04,202.5,218.5,2026-08-14,202.01,16,2026-08-27,214.95,2,False,0.99,0.0,2026-09-08,226.62,6.0,3/9,1/3,False,,,51798.0,3853920.0,0.01,,,,,,,,,,Breakout already played out (beyond recency window)
VTL,STALE_BOS2,51.7,C - Moderate / Watch,556.35,2026-09-16,566.0,2026-04-22,566.05,647.0,2026-05-08,562.3,29,2026-06-12,627.85,3,False,1.01,0.0,2026-06-18,661.4,63.0,2/9,3/3,False,,,4355.0,1533828.0,0.0,,,,,,,,,,Breakout already played out (beyond recency window)
LLOYDSENT,STALE_BOS2,51.7,C - Moderate / Watch,67.64,2026-09-16,76.0,2026-06-18,76.88,80.24,2026-06-23,75.12,19,2026-07-20,82.23,3,False,0.95,0.0,2026-07-20,82.23,40.0,2/9,3/3,False,,,62988.0,2530340.0,0.02,,,,,,,,,,Breakout already played out (beyond recency window)
ALKYLAMINE,STALE_BOS2,51.7,C - Moderate / Watch,1791.2,2026-09-16,1898.0,2026-07-09,1954.6,2007.0,2026-07-14,1855.4,28,2026-08-21,2052.7,3,False,0.89,0.0,2026-08-21,2052.7,15.0,3/9,2/3,False,,,2234.0,100132.0,0.02,,,,,,,,,,Breakout already played out (beyond recency window)
RPEL,STALE_BOS2,51.7,C - Moderate / Watch,1615.1,2026-09-16,1234.0,2026-07-01,1245.2,1308.8,2026-07-06,1255.4,28,2026-08-10,1313.8,3,False,1.32,0.0,2026-08-13,1388.8,22.0,3/9,2/3,False,,,3803.0,136093.0,0.03,,,,,,,,,,Breakout already played out (beyond recency window)
MUFIN,STALE_BOS2,51.7,C - Moderate / Watch,132.18,2026-09-16,133.5,2026-06-30,133.86,138.0,2026-07-08,126.5,31,2026-08-20,139.51,3,False,0.95,0.0,2026-08-20,139.51,17.0,2/9,3/3,False,,,10818.0,719306.0,0.02,,,,,,,,,,Breakout already played out (beyond recency window)
NGLFINE,STALE_BOS2,51.7,C - Moderate / Watch,2595.5,2026-09-16,3005.0,2026-06-12,3048.8,3200.0,2026-06-16,2852.8,25,2026-07-21,3237.4,3,False,0.84,0.0,2026-07-21,3237.4,38.0,2/9,3/3,False,,,227.0,18949.0,0.01,,,,,,,,,,Breakout already played out (beyond recency window)
HINDALCO,STALE_BOS2,49.7,D - Weak / Low-Quality,961.2,2026-09-16,1029.8,2026-04-16,1039.9,1048.7,2026-04-20,1011.4,19,,,0,False,0.79,0.0,2026-05-15,1067.5,87.0,2/9,3/3,False,,,94664.0,2771903.0,0.03,,,,,,,,,,Breakout already played out (beyond recency window)
AEROENTER,STALE_BOS2,49.7,D - Weak / Low-Quality,116.08,2026-09-16,114.8,2026-06-17,115.65,131.0,2026-06-19,121.5,32,,,0,False,1.2,0.0,2026-08-04,132.67,29.0,2/9,3/3,False,,,73231.0,1065896.0,0.07,,,,,,,,,,Breakout already played out (beyond recency window)
SUMICHEM,STALE_BOS2,49.6,D - Weak / Low-Quality,450.55,2026-09-16,516.0,2026-07-13,531.9,549.75,2026-07-24,515.0,11,2026-08-03,515.85,1,False,0.91,0.0,2026-08-10,561.25,24.0,1/9,1/3,False,,,1567.0,217886.0,0.01,,,,,,,,,,Breakout already played out (beyond recency window)
NATCOPHARM,STALE_BOS2,49.6,D - Weak / Low-Quality,807.75,2026-09-16,1053.0,2026-04-07,1082.4,1134.85,2026-04-13,1070.0,16,2026-04-24,1093.2,1,False,0.84,0.0,2026-05-06,1150.1,94.0,1/9,1/3,False,,,13045.0,332694.0,0.04,,,,,,,,,,Breakout already played out (beyond recency window)
GREENPLY,STALE_BOS2,49.6,D - Weak / Low-Quality,281.75,2026-09-16,307.79,2026-07-02,308.35,326.85,2026-07-08,309.25,10,,,0,False,1.01,0.0,2026-07-22,329.65,37.0,4/9,1/3,True,nse,0.19,29660.0,124833.0,0.24,,,,,,,,,,Breakout already played out (beyond recency window)
BOROSCI,STALE_BOS2,49.6,D - Weak / Low-Quality,119.82,2026-09-16,148.8,2026-05-29,150.01,157.5,2026-06-05,150.0,16,2026-06-29,173.29,1,False,0.94,0.0,2026-06-29,173.29,57.0,1/9,1/3,False,,,2012.0,52486.0,0.04,,,,,,,,,,Breakout already played out (beyond recency window)
POLYCAB,STALE_BOS2,49.4,D - Weak / Low-Quality,8144.0,2026-09-16,9316.5,2026-05-25,9398.5,9833.0,2026-06-09,9423.5,6,2026-06-12,9554.0,1,False,1.02,0.0,2026-06-17,9926.5,63.0,2/9,2/3,False,,,1836.0,394152.0,0.0,,,,,,,,,,Breakout already played out (beyond recency window)
NIBE,STALE_BOS2,49.4,D - Weak / Low-Quality,1225.6,2026-09-16,1584.8,2026-06-05,1590.4,1634.0,2026-06-08,1451.5,8,2026-06-12,1578.6,1,False,0.88,0.0,2026-06-18,1748.4,62.0,2/9,2/3,False,,,751.0,57689.0,0.01,,,,,,,,,,Breakout already played out (beyond recency window)
AIAENG,STALE_BOS2,49.3,D - Weak / Low-Quality,3857.3,2026-09-16,4206.1,2026-05-27,4428.1,4775.0,2026-06-12,4290.5,6,2026-06-15,4469.2,1,False,1.03,0.0,2026-06-22,4848.0,59.0,1/9,3/3,False,,,1506.0,40188.0,0.04,,,,,,,,,,Breakout already played out (beyond recency window)
PTCIL,STALE_BOS2,49.3,D - Weak / Low-Quality,22445.0,2026-09-16,19851.0,2026-08-17,20584.0,20750.0,2026-08-19,19134.0,7,,,0,False,1.35,0.0,2026-08-28,22110.0,10.0,4/9,3/3,False,,,413.0,57759.0,0.01,,,,,,,,,,Breakout already played out (beyond recency window)
PTC,STALE_BOS2,49.3,D - Weak / Low-Quality,153.3,2026-09-16,197.75,2026-04-28,205.71,210.8,2026-04-30,198.04,5,,,0,False,0.88,0.0,2026-05-07,227.38,94.0,4/9,3/3,False,,,64602.0,1482267.0,0.04,,,,,,,,,,Breakout already played out (beyond recency window)
SMSPHARMA,STALE_BOS2,49.3,D - Weak / Low-Quality,405.55,2026-09-16,360.0,2026-02-17,367.5,375.0,2026-02-20,354.7,5,,,0,False,1.15,0.0,2026-02-27,385.2,137.0,4/9,3/3,False,,,75731.0,1127916.0,0.07,,,,,,,,,,Breakout already played out (beyond recency window)
JNKINDIA,STALE_BOS2,49.0,D - Weak / Low-Quality,409.3,2026-09-16,412.15,2026-06-04,421.6,451.35,2026-06-08,400.1,21,2026-06-30,504.65,2,False,1.12,0.0,2026-07-07,488.45,49.0,1/9,2/3,False,,,7334.0,96870.0,0.08,,,,,,,,,,Breakout already played out (beyond recency window)
GARFIBRES,STALE_BOS2,48.4,D - Weak / Low-Quality,781.15,2026-09-16,773.0,2026-06-19,796.4,818.65,2026-06-29,713.7,28,2026-08-03,761.6,3,False,1.06,0.0,2026-08-06,838.85,26.0,2/9,2/3,False,,,413.0,61950.0,0.01,,,,,,,,,,Breakout already played out (beyond recency window)
SATIN,STALE_BOS2,48.4,D - Weak / Low-Quality,212.8,2026-09-16,247.0,2026-07-01,251.63,267.2,2026-07-08,246.05,12,2026-07-24,268.87,3,False,0.99,0.0,2026-07-24,268.87,35.0,2/9,2/3,False,,,5273.0,213178.0,0.02,,,,,,,,,,Breakout already played out (beyond recency window)
NMDC,STALE_BOS2,48.3,D - Weak / Low-Quality,80.69,2026-09-16,90.17,2026-04-27,90.42,92.77,2026-05-05,87.96,20,2026-06-02,95.31,3,False,0.87,0.0,2026-06-02,95.31,76.0,1/9,3/3,False,,,199215.0,14021214.0,0.01,,,,,,,,,,Breakout already played out (beyond recency window)
ASTERDM,STALE_BOS2,48.3,D - Weak / Low-Quality,739.5,2026-09-16,776.55,2026-06-09,790.35,836.5,2026-06-17,761.6,35,2026-07-27,801.5,3,False,1.01,0.0,2026-08-05,842.1,29.0,1/9,3/3,False,,,4972.0,5802876.0,0.0,,,,,,,,,,Breakout already played out (beyond recency window)
NTPC,STALE_BOS2,46.0,D - Weak / Low-Quality,329.0,2026-09-16,372.0,2026-02-20,372.95,388.55,2026-03-02,365.0,7,2026-03-05,378.05,1,False,1.19,0.0,2026-03-12,390.55,130.0,2/9,1/3,False,,,33749.0,7259043.0,0.0,,,,,,,,,,Breakout already played out (beyond recency window)
UNIONBANK,STALE_BOS2,46.0,D - Weak / Low-Quality,176.95,2026-09-16,183.34,2026-02-17,188.89,195.69,2026-02-20,188.5,5,,,0,False,1.03,0.0,2026-02-27,202.27,138.0,3/9,3/3,False,,,188866.0,7499978.0,0.03,,,,,,,,,,Breakout already played out (beyond recency window)
MAHABANK,STALE_BOS2,46.0,D - Weak / Low-Quality,81.19,2026-09-16,85.9,2026-06-12,87.3,91.1,2026-06-16,87.1,9,,,0,False,0.96,0.0,2026-06-29,93.85,57.0,3/9,3/3,False,,,844346.0,16161865.0,0.05,,,,,,,,,,Breakout already played out (beyond recency window)
TI,STALE_BOS2,46.0,D - Weak / Low-Quality,511.5,2026-09-16,489.9,2026-08-04,491.15,511.1,2026-08-07,480.95,5,,,0,False,1.28,0.0,2026-08-14,568.75,22.0,3/9,3/3,False,,,2725.0,567973.0,0.0,,,,,,,,,,Breakout already played out (beyond recency window)
SKYGOLD,STALE_BOS2,46.0,D - Weak / Low-Quality,805.15,2026-09-16,689.9,2026-08-03,691.85,700.0,2026-08-04,673.25,6,,,0,False,1.11,0.0,2026-08-12,833.1,25.0,4/9,2/3,False,,,29807.0,810379.0,0.04,,,,,,,,,,Breakout already played out (beyond recency window)
RBA,STALE_BOS2,46.0,D - Weak / Low-Quality,95.59,2026-09-16,81.9,2026-08-04,84.91,93.3,2026-08-06,86.6,5,,,0,False,1.31,0.0,2026-08-13,98.35,23.0,3/9,3/3,False,,,50635.0,4063338.0,0.01,,,,,,,,,,Breakout already played out (beyond recency window)
TVSSRICHAK,STALE_BOS2,46.0,D - Weak / Low-Quality,4925.5,2026-09-16,4628.0,2026-08-17,4868.9,4930.0,2026-08-19,4625.1,5,,,0,False,1.15,0.0,2026-08-26,5311.8,12.0,3/9,3/3,False,,,442.0,54095.0,0.01,,,,,,,,,,Breakout already played out (beyond recency window)
KIRIINDUS,STALE_BOS2,46.0,D - Weak / Low-Quality,521.2,2026-09-16,466.75,2026-08-21,477.9,528.0,2026-08-26,488.0,6,,,0,False,1.41,0.0,2026-09-03,578.95,9.0,4/9,2/3,False,,,37643.0,2013574.0,0.02,,,,,,,,,,Breakout already played out (beyond recency window)
IKIO,STALE_BOS2,46.0,D - Weak / Low-Quality,211.25,2026-09-16,187.0,2026-07-03,202.82,205.4,2026-07-08,178.0,7,,,0,False,1.2,0.0,2026-07-17,219.37,42.0,4/9,2/3,False,,,12744.0,859069.0,0.01,,,,,,,,,,Breakout already played out (beyond recency window)
JAYBARMARU,STALE_BOS2,46.0,D - Weak / Low-Quality,112.46,2026-09-16,124.1,2026-06-02,126.14,132.5,2026-06-05,124.2,7,,,0,False,1.35,0.0,2026-06-16,167.68,63.0,3/9,3/3,False,,,3931.0,233245.0,0.02,,,,,,,,,,Breakout already played out (beyond recency window)
POWERMECH,STALE_BOS2,45.6,D - Weak / Low-Quality,2315.9,2026-09-16,2566.3,2026-05-05,2593.9,2645.2,2026-05-13,2360.4,22,2026-06-03,2524.8,2,False,0.97,0.0,2026-06-12,2789.5,65.0,1/9,1/3,False,,,932.0,53137.0,0.02,,,,,,,,,,Breakout already played out (beyond recency window)
PREMIERENE,STALE_BOS2,45.0,D - Weak / Low-Quality,933.7,2026-09-16,1054.4,2026-05-29,1061.0,1103.9,2026-06-16,1020.1,18,2026-07-09,1089.2,3,False,0.96,0.0,2026-07-10,1117.2,46.0,1/9,2/3,False,,,15630.0,1036802.0,0.02,,,,,,,,,,Breakout already played out (beyond recency window)
LLOYDSENGG,STALE_BOS2,44.3,D - Weak / Low-Quality,79.39,2026-09-16,79.4,2026-06-16,79.94,89.78,2026-06-19,81.29,32,2026-07-27,91.33,4,False,1.0,0.0,2026-08-04,92.72,30.0,1/9,3/3,False,,,139753.0,4977894.0,0.03,,,,,,,,,,Breakout already played out (beyond recency window)
SURYODAY,STALE_BOS2,43.3,D - Weak / Low-Quality,145.31,2026-09-16,159.94,2026-05-06,160.18,184.79,2026-05-11,171.33,45,2026-07-10,184.31,3,False,1.13,0.0,2026-07-13,191.57,44.0,1/9,3/3,False,,,5287.0,379740.0,0.01,,,,,,,,,,Breakout already played out (beyond recency window)
GRASIM,STALE_BOS2,42.7,D - Weak / Low-Quality,3184.1,2026-09-16,3246.0,2026-08-03,3260.0,3260.0,2026-08-04,3115.0,6,,,0,False,1.21,0.0,2026-08-12,3307.8,24.0,2/9,3/3,False,,,4565.0,1013934.0,0.0,,,,,,,,,,Breakout already played out (beyond recency window)
ADANIENSOL,STALE_BOS2,42.7,D - Weak / Low-Quality,1356.6,2026-09-16,1614.8,2026-07-06,1622.8,1712.0,2026-07-09,1610.1,8,,,0,False,0.96,0.0,2026-07-21,1741.6,41.0,2/9,3/3,False,,,14429.0,3871278.0,0.0,,,,,,,,,,Breakout already played out (beyond recency window)
LLOYDSME,STALE_BOS2,42.7,D - Weak / Low-Quality,1790.5,2026-09-16,1888.6,2026-07-20,1907.9,1946.8,2026-07-23,1855.1,6,,,0,False,1.01,0.0,2026-07-31,2047.0,33.0,2/9,3/3,False,,,1346.0,301316.0,0.0,,,,,,,,,,Breakout already played out (beyond recency window)
MANKIND,STALE_BOS2,42.7,D - Weak / Low-Quality,2296.6,2026-09-16,2408.6,2026-05-08,2430.8,2510.0,2026-05-13,2352.1,5,,,0,False,1.0,0.0,2026-05-20,2583.9,84.0,3/9,2/3,False,,,1669.0,271756.0,0.01,,,,,,,,,,Breakout already played out (beyond recency window)
DIXON,STALE_BOS2,42.7,D - Weak / Low-Quality,13065.0,2026-09-16,12930.0,2026-07-06,13304.0,13436.0,2026-07-08,12848.0,6,,,0,False,1.03,0.0,2026-07-16,14507.0,44.0,3/9,2/3,False,,,26022.0,350568.0,0.07,,,,,,,,,,Breakout already played out (beyond recency window)
APARINDS,STALE_BOS2,42.7,D - Weak / Low-Quality,16568.0,2026-09-16,13580.0,2026-06-04,13709.0,14174.0,2026-06-08,13208.0,5,,,0,False,1.22,0.0,2026-06-15,15986.0,66.0,2/9,3/3,False,,,1559.0,110405.0,0.01,,,,,,,,,,Breakout already played out (beyond recency window)
MCX,STALE_BOS2,42.7,D - Weak / Low-Quality,3177.9,2026-09-16,2903.0,2026-04-29,2968.3,3041.0,2026-05-05,2867.0,5,,,0,False,1.11,0.0,2026-05-12,3156.9,91.0,3/9,2/3,False,,,19922.0,2025737.0,0.01,,,,,,,,,,Breakout already played out (beyond recency window)
RRKABEL,STALE_BOS2,42.7,D - Weak / Low-Quality,2395.3,2026-09-16,2549.0,2026-07-28,2576.9,2775.0,2026-07-29,2535.0,5,,,0,False,0.88,0.0,2026-08-05,2793.0,29.0,2/9,3/3,False,,,12795.0,559639.0,0.02,,,,,,,,,,Breakout already played out (beyond recency window)
ASKAUTOLTD,STALE_BOS2,42.7,D - Weak / Low-Quality,606.2,2026-09-16,492.05,2026-07-23,502.95,529.95,2026-07-30,505.05,5,,,0,False,1.69,0.0,2026-08-06,678.8,29.0,2/9,3/3,False,,,3185.0,292571.0,0.01,,,,,,,,,,Breakout already played out (beyond recency window)
IMFA,STALE_BOS2,42.7,D - Weak / Low-Quality,1220.4,2026-09-16,1510.6,2026-04-16,1551.8,1582.7,2026-04-21,1478.0,5,,,0,False,0.95,0.0,2026-04-28,1631.9,98.0,2/9,3/3,False,,,1788.0,99092.0,0.02,,,,,,,,,,Breakout already played out (beyond recency window)
YASHO,STALE_BOS2,42.7,D - Weak / Low-Quality,3940.5,2026-09-16,2295.0,2026-06-04,2475.2,2594.5,2026-06-08,2401.0,5,,,0,False,1.4,0.0,2026-06-15,2786.4,64.0,2/9,3/3,False,,,1154.0,59451.0,0.02,,,,,,,,,,Breakout already played out (beyond recency window)
PANAMAPET,STALE_BOS2,42.7,D - Weak / Low-Quality,451.8,2026-09-16,366.8,2026-06-10,381.55,408.85,2026-06-11,367.35,6,,,0,False,1.09,0.0,2026-06-19,483.25,63.0,3/9,2/3,False,,,13236.0,255730.0,0.05,,,,,,,,,,Breakout already played out (beyond recency window)
SPAL,STALE_BOS2,42.7,D - Weak / Low-Quality,980.0,2026-09-16,849.5,2026-06-15,867.85,931.25,2026-06-16,827.0,6,,,0,False,1.54,0.0,2026-06-24,1109.1,59.0,2/9,3/3,False,,,2552.0,109937.0,0.02,,,,,,,,,,Breakout already played out (beyond recency window)
AVADHSUGAR,STALE_BOS2,42.7,D - Weak / Low-Quality,729.0,2026-09-16,562.0,2026-08-04,615.05,645.9,2026-08-06,591.45,7,,,0,False,1.41,0.0,2026-08-17,725.25,19.0,2/9,3/3,False,,,3406.0,418563.0,0.01,,,,,,,,,,Breakout already played out (beyond recency window)
NESTLEIND,STALE_BOS2,42.0,D - Weak / Low-Quality,1380.9,2026-09-16,1340.4,2026-04-21,1379.9,1498.1,2026-05-20,1398.5,51,2026-07-20,1446.3,5,False,0.95,0.0,2026-07-30,1520.7,34.0,3/9,3/3,False,,,16229.0,1167865.0,0.01,,,,,,,,,,Breakout already played out (beyond recency window)
GOKULAGRO,STALE_BOS2,41.7,D - Weak / Low-Quality,218.05,2026-09-16,221.5,2026-04-22,235.49,246.0,2026-04-24,222.2,87,2026-07-29,223.2,3,False,0.87,0.0,2026-08-25,252.85,13.0,2/9,3/3,False,,,2610.0,759354.0,0.0,,,,,,,,,,Breakout already played out (beyond recency window)
CENTENKA,STALE_BOS2,40.4,D - Weak / Low-Quality,550.15,2026-09-16,505.0,2026-05-21,539.65,577.6,2026-06-02,476.45,40,2026-07-23,565.25,5,False,1.08,0.0,2026-07-28,600.2,35.0,2/9,2/3,False,,,1498.0,617916.0,0.0,,,,,,,,,,Breakout already played out (beyond recency window)
BSE,STALE_BOS2,39.4,D - Weak / Low-Quality,3293.2,2026-09-16,3570.0,2026-04-28,3626.1,3994.0,2026-05-12,3840.3,5,,,0,False,1.17,0.0,2026-05-19,4190.8,85.0,2/9,2/3,False,,,38275.0,4144746.0,0.01,,,,,,,,,,Breakout already played out (beyond recency window)
GRINDWELL,STALE_BOS2,39.4,D - Weak / Low-Quality,1852.9,2026-09-16,2002.7,2026-06-15,2023.1,2130.0,2026-06-17,2044.5,6,,,0,False,1.11,0.0,2026-06-25,2228.0,56.0,2/9,2/3,False,,,327.0,21615.0,0.02,,,,,,,,,,Breakout already played out (beyond recency window)
RAIN,STALE_BOS2,39.4,D - Weak / Low-Quality,196.41,2026-09-16,218.9,2026-07-21,223.4,225.2,2026-07-23,214.32,8,,,0,False,0.98,0.0,2026-08-04,238.07,30.0,2/9,2/3,False,,,170992.0,4107540.0,0.04,,,,,,,,,,Breakout already played out (beyond recency window)
GREAVESCOT,STALE_BOS2,39.4,D - Weak / Low-Quality,185.7,2026-09-16,195.95,2026-06-19,198.54,218.0,2026-06-24,204.1,6,,,0,False,1.17,0.0,2026-07-02,231.03,54.0,2/9,2/3,False,,,36184.0,692220.0,0.05,,,,,,,,,,Breakout already played out (beyond recency window)
SYNCOMF,STALE_BOS2,39.4,D - Weak / Low-Quality,18.32,2026-09-16,17.2,2026-08-25,17.56,18.15,2026-08-26,16.86,5,,,0,False,1.38,0.0,2026-09-02,21.39,8.0,2/9,2/3,False,,,364169.0,13365392.0,0.03,,,,,,,,,,Breakout already played out (beyond recency window)
DLINKINDIA,STALE_BOS2,39.4,D - Weak / Low-Quality,419.6,2026-09-16,499.15,2026-06-10,501.45,519.8,2026-06-11,488.0,5,,,0,False,0.87,0.0,2026-06-18,526.3,63.0,2/9,2/3,False,,,3512.0,208469.0,0.02,,,,,,,,,,Breakout already played out (beyond recency window)
UDS,STALE_BOS2,39.4,D - Weak / Low-Quality,196.5,2026-09-16,213.9,2026-08-19,216.63,221.09,2026-08-21,210.82,7,,,0,False,1.03,0.0,2026-09-01,227.12,8.0,2/9,2/3,False,,,1723.0,460547.0,0.0,,,,,,,,,,Breakout already played out (beyond recency window)
ANDHRSUGAR,STALE_BOS2,39.4,D - Weak / Low-Quality,93.34,2026-09-16,85.89,2026-04-15,86.13,92.7,2026-04-22,89.15,5,,,0,False,1.13,0.0,2026-04-29,101.17,98.0,2/9,2/3,False,,,13076.0,733808.0,0.02,,,,,,,,,,Breakout already played out (beyond recency window)
IDEA,STALE_BOS2,39.3,D - Weak / Low-Quality,14.4,2026-09-16,12.8,2026-05-13,12.83,13.33,2026-05-18,12.45,5,,,0,False,0.88,0.0,2026-05-25,14.04,82.0,1/9,3/3,False,,,6181813.0,392484582.0,0.02,,,,,,,,,,Breakout already played out (beyond recency window)
BLUEJET,STALE_BOS2,39.3,D - Weak / Low-Quality,554.25,2026-09-16,547.6,2026-07-01,549.15,577.95,2026-07-06,548.3,5,,,0,False,0.99,0.0,2026-07-13,606.3,47.0,3/9,1/3,False,,,11447.0,374415.0,0.03,,,,,,,,,,Breakout already played out (beyond recency window)
JAYNECOIND,STALE_BOS2,39.3,D - Weak / Low-Quality,87.81,2026-09-16,94.3,2026-04-16,98.7,99.7,2026-04-20,94.54,5,,,0,False,0.91,0.0,2026-04-27,104.05,102.0,1/9,3/3,False,,,41376.0,6984065.0,0.01,,,,,,,,,,Breakout already played out (beyond recency window)
NACLIND,STALE_BOS2,39.3,D - Weak / Low-Quality,149.6,2026-09-16,196.29,2026-06-22,215.83,220.9,2026-06-24,193.11,5,,,0,False,1.0,0.0,2026-07-01,222.39,55.0,1/9,3/3,False,,,10941.0,328026.0,0.03,,,,,,,,,,Breakout already played out (beyond recency window)
PSPPROJECT,STALE_BOS2,39.3,D - Weak / Low-Quality,822.1,2026-09-16,960.0,2026-06-19,969.1,996.0,2026-06-23,958.2,9,,,0,False,0.92,0.0,2026-07-06,1099.0,49.0,1/9,3/3,False,,,390.0,38171.0,0.01,,,,,,,,,,Breakout already played out (beyond recency window)
NETWEB,STALE_BOS2,38.7,D - Weak / Low-Quality,4558.0,2026-09-16,4492.0,2026-05-29,4670.7,4925.7,2026-06-02,4552.3,52,2026-08-13,5181.0,5,False,1.03,0.0,2026-08-13,5181.0,23.0,2/9,3/3,False,,,78256.0,1837711.0,0.04,,,,,,,,,,Breakout already played out (beyond recency window)
NORTHARC,STALE_BOS2,38.7,D - Weak / Low-Quality,294.15,2026-09-16,285.0,2026-05-06,286.7,321.7,2026-05-14,282.75,41,2026-07-10,325.3,5,False,1.13,0.0,2026-07-10,325.3,48.0,2/9,3/3,False,,,24883.0,2717026.0,0.01,,,,,,,,,,Breakout already played out (beyond recency window)
KIRLPNU,STALE_BOS2,36.0,D - Weak / Low-Quality,694.35,2026-09-16,610.8,2026-04-13,619.15,687.15,2026-04-24,660.0,6,,,0,False,1.46,0.0,2026-05-04,781.5,94.0,1/9,2/3,False,,,1195.0,157842.0,0.01,,,,,,,,,,Breakout already played out (beyond recency window)
SKIPPER,STALE_BOS2,35.4,D - Weak / Low-Quality,531.0,2026-09-16,523.9,2026-05-29,549.35,576.5,2026-06-02,540.05,68,2026-09-03,546.9,6,False,0.95,0.0,2026-09-04,591.1,8.0,2/9,2/3,False,,,20797.0,1631087.0,0.01,,,,,,,,,,Breakout already played out (beyond recency window)
